Customer ID,Age,Gender,Item Purchased,Category,Purchase Amount (USD),Location,Size,Color,Season,Review Rating,Subscription Status,Shipping Type,Discount Applied,Promo Code Used,Previous Purchases,Payment Method,Frequency of Purchases
3901,42,Male,Sweater,Accessories,55,South Carolina,M,Yellow,Winter,3.6,No,2-Day Shipping,No,No,39,PayPal,Monthly
3902,52,Male,Dress,Outerwear,79,Iowa,S,White,Fall,3.5,No,Express,No,Yes,6,Cash,Monthly
3903,44,Female,Sweater,Clothing,57,Wisconsin,M,Brown,Spring,4.5,No,Next Day Air,Yes,Yes,22,Cash,Monthly
3904,28,Male,Shoes,Accessories,27,Idaho,S,Olive,Spring,3.5,No,2-Day Shipping,No,No,47,PayPal,Weekly
3905,19,Female,Skirt,Clothing,28,New Jersey,M,Olive,Spring,5.0,No,Free Shipping,No,No,13,Venmo,Monthly
3906,33,Male,Pants,Accessories,47,North Dakota,L,Lavender,Winter,2.5,No,Standard,No,No,48,Bank Transfer,Bi-Weekly
3907,29,Male,Belt,Clothing,25,Texas,M,Purple,Summer,3.1,No,Next Day Air,Yes,No,40,Venmo,Bi-Weekly
3908,37,Female,Handbag,Clothing,69,West Virginia,XL,Magenta,Fall,3.4,No,Next Day Air,Yes,No,32,PayPal,Every 3 Months
3909,26,Male,Shorts,Outerwear,34,Montana,M,Red,Winter,3.9,No,Next Day Air,No,No,33,Credit Card,Monthly
3910,62,Male,Coat,Outerwear,66,Indiana,L,Charcoal,Summer,2.9,Yes,Express,No,Yes,46,Bank Transfer,Fortnightly
3911,27,Male,Skirt,Accessories,51,Washington,M,Yellow,Spring,2.6,No,Store Pickup,Yes,No,22,Credit Card,Annually
3912,44,Male,Dress,Accessories,71,North Carolina,M,Brown,Winter,4.5,Yes,Next Day Air,Yes,No,26,PayPal,Fortnightly
3913,20,Female,Hoodie,Accessories,23,Vermont,XL,Turquoise,Fall,3.4,No,Next Day Air,Yes,No,9,Cash,Every 3 Months
3914,50,Male,Jewelry,Outerwear,92,Washington,M,Gold,Spring,2.8,Yes,Standard,Yes,Yes,24,Bank Transfer,Annually
3915,53,Male,Coat,Clothing,70,Oklahoma,M,Gray,Summer,3.3,No,Store Pickup,Yes,Yes,23,Debit Card,Every 3 Months
3916,35,Male,Scarf,Accessories,65,Nebraska,XL,Blue,Summer,4.5,No,Next Day Air,Yes,Yes,33,Credit Card,Bi-Weekly
3917,29,Female,Boots,Accessories,89,Georgia,M,Green,Summer,3.0,No,2-Day Shipping,Yes,No,42,Debit Card,Monthly
3918,54,Male,Socks,Outerwear,47,West Virginia,M,Beige,Summer,2.9,No,Standard,Yes,Yes,36,Credit Card,Quarterly
3919,50,Male,Sneakers,Outerwear,75,Utah,M,Maroon,Spring,4.3,No,Standard,No,Yes,50,Bank Transfer,Every 3 Months
3920,46,Male,Boots,Clothing,44,Oregon,M,Peach,Summer,2.9,No,Free Shipping,No,No,7,PayPal,Bi-Weekly
3921,20,Male,Jeans,Clothing,57,Hawaii,L,Brown,Spring,4.5,No,Store Pickup,No,No,50,PayPal,Fortnightly
3922,43,Female,Jewelry,Accessories,69,Georgia,M,Turquoise,Winter,4.4,No,Free Shipping,No,Yes,26,Venmo,Annually
3923,66,Male,Shorts,Clothing,76,Minnesota,L,Silver,Winter,3.4,Yes,Free Shipping,Yes,No,43,PayPal,Annually
3924,40,Male,Sandals,Clothing,41,Alabama,M,Olive,Fall,3.6,No,Store Pickup,Yes,No,23,Cash,Fortnightly
3925,24,Female,Hoodie,Accessories,52,Kansas,M,Black,Spring,4.0,No,Next Day Air,No,Yes,33,Debit Card,Bi-Weekly
3926,33,Female,Hat,Clothing,62,Colorado,S,Cyan,Spring,2.9,Yes,Store Pickup,No,Yes,11,PayPal,Fortnightly
3927,30,Female,Jacket,Accessories,77,Arizona,M,Indigo,Summer,4.2,No,2-Day Shipping,Yes,Yes,6,Venmo,Annually
3928,27,Male,Skirt,Footwear,92,Oklahoma,S,Yellow,Spring,4.4,No,2-Day Shipping,No,No,24,Credit Card,Every 3 Months
3929,55,Female,Dress,Clothing,27,South Dakota,M,Lavender,Fall,3.3,Yes,Standard,Yes,No,17,Debit Card,Monthly
3930,39,Female,T-shirt,Footwear,102,South Dakota,L,Gray,Summer,3.1,Yes,Next Day Air,No,No,46,PayPal,Weekly
3931,65,Male,Jewelry,Accessories,73,Maine,L,Silver,Fall,2.5,No,Express,No,Yes,40,Credit Card,Monthly
3932,30,Male,Hat,Accessories,51,Rhode Island,M,Silver,Winter,3.2,No,Next Day Air,No,Yes,21,Venmo,Bi-Weekly
3933,60,Male,Jewelry,Outerwear,30,Maine,M,Violet,Fall,4.2,Yes,Express,No,Yes,26,Debit Card,Annually
3934,27,Female,Jeans,Outerwear,37,Minnesota,L,Gold,Summer,2.5,No,Standard,Yes,Yes,7,Cash,Quarterly
3935,64,Female,Gloves,Accessories,80,Maryland,XL,Brown,Winter,4.8,Yes,Store Pickup,No,No,30,PayPal,Monthly
3936,21,Female,Jeans,Footwear,60,Arkansas,S,Magenta,Winter,2.9,Yes,Express,Yes,Yes,47,Credit Card,Bi-Weekly
3937,54,Male,Handbag,Clothing,95,Colorado,M,Peach,Spring,4.3,Yes,Standard,Yes,No,10,Bank Transfer,Every 3 Months
3938,19,Male,Gloves,Clothing,87,Colorado,XL,Beige,Winter,4.0,No,Next Day Air,No,Yes,45,Venmo,Every 3 Months
3939,30,Male,Jacket,Clothing,23,Louisiana,L,Gray,Summer,4.2,Yes,Standard,No,Yes,25,Debit Card,Monthly
3940,53,Male,Hoodie,Clothing,37,Maryland,S,Pink,Fall,2.8,No,2-Day Shipping,No,No,21,Bank Transfer,Fortnightly
3941,35,Male,Dress,Clothing,63,Oklahoma,XL,White,Winter,3.2,No,Next Day Air,No,Yes,45,PayPal,Monthly
3942,36,Male,Sweater,Outerwear,92,New Mexico,S,Yellow,Summer,3.0,Yes,Standard,Yes,No,25,PayPal,Every 3 Months
3943,46,Male,T-shirt,Outerwear,80,Wyoming,L,Pink,Summer,3.1,Yes,Standard,Yes,Yes,40,Bank Transfer,Every 3 Months
3944,23,Female,Belt,Accessories,41,California,M,Indigo,Winter,3.5,No,Express,Yes,No,32,Cash,Annually
3945,61,Male,Skirt,Clothing,53,Connecticut,L,Pink,Fall,3.9,No,2-Day Shipping,No,No,18,Venmo,Fortnightly
3946,59,Male,Sneakers,Accessories,25,Connecticut,L,Indigo,Summer,2.8,No,Free Shipping,No,Yes,11,Venmo,Annually
3947,27,Female,Sweater,Footwear,77,Utah,S,Olive,Summer,4.5,No,Standard,No,Yes,11,Debit Card,Bi-Weekly
3948,28,Male,T-shirt,Accessories,68,Minnesota,M,Silver,Spring,4.5,Yes,Standard,Yes,No,1,Credit Card,Weekly
3949,48,Male,Socks,Accessories,68,New Mexico,XL,Olive,Winter,4.0,No,Express,Yes,Yes,18,Bank Transfer,Quarterly
3950,32,Male,Backpack,Footwear,95,Michigan,S,Yellow,Winter,4.7,No,Standard,Yes,Yes,23,PayPal,Fortnightly
3951,44,Female,Boots,Outerwear,54,South Dakota,S,White,Fall,2.8,No,Next Day Air,Yes,No,3,Cash,Fortnightly
3952,59,Male,Sandals,Clothing,54,Delaware,S,Pink,Spring,4.5,No,Next Day Air,No,No,42,PayPal,Fortnightly
3953,27,Female,Sweater,Clothing,28,Ohio,M,Olive,Winter,3.7,No,Express,No,No,32,Venmo,Fortnightly
3954,34,Female,Hat,Clothing,14,Louisiana,S,Maroon,Fall,3.1,No,2-Day Shipping,Yes,No,4,PayPal,Quarterly
3955,68,Female,Shirt,Clothing,97,Louisiana,S,Cyan,Summer,3.7,No,Express,Yes,Yes,37,Venmo,Annually
3956,53,Male,Backpack,Accessories,66,New Mexico,L,Violet,Fall,4.6,Yes,Free Shipping,No,Yes,44,Venmo,Bi-Weekly
3957,26,Male,Coat,Accessories,73,Illinois,L,Gold,Spring,3.2,No,Standard,Yes,Yes,49,Cash,Every 3 Months
3958,26,Male,Belt,Clothing,42,Utah,M,Teal,Summer,4.2,Yes,Free Shipping,No,Yes,45,Debit Card,Fortnightly
3959,28,Male,Boots,Accessories,88,Vermont,L,Blue,Winter,4.5,No,Store Pickup,No,Yes,24,Venmo,Weekly
3960,20,Female,Hoodie,Accessories,105,Kansas,M,Gold,Summer,4.9,No,Next Day Air,Yes,Yes,46,Bank Transfer,Weekly
3961,20,Female,Pants,Clothing,64,Mississippi,M,White,Summer,3.2,No,Store Pickup,No,Yes,5,Debit Card,Every 3 Months
3962,36,Male,Handbag,Accessories,52,Maine,M,Peach,Spring,4.9,No,2-Day Shipping,No,No,28,PayPal,Every 3 Months
3963,18,Female,Gloves,Accessories,86,Wyoming,L,Purple,Spring,3.4,No,Next Day Air,No,Yes,9,Cash,Weekly
3964,51,Male,Sneakers,Clothing,98,Georgia,M,Olive,Summer,3.3,No,Free Shipping,No,No,39,PayPal,Quarterly
3965,62,Male,Sweater,Clothing,63,Maryland,M,Charcoal,Fall,4.2,No,Next Day Air,No,Yes,38,Venmo,Quarterly
3966,34,Male,Gloves,Footwear,71,Nebraska,S,Gray,Fall,5.0,No,Store Pickup,No,Yes,26,Debit Card,Annually
3967,60,Female,Pants,Accessories,44,Michigan,XL,Brown,Fall,3.5,No,2-Day Shipping,Yes,Yes,46,Credit Card,Fortnightly
3968,54,Male,Sandals,Clothing,65,Pennsylvania,M,Magenta,Spring,4.9,No,Free Shipping,Yes,No,31,Bank Transfer,Quarterly
3969,48,Male,Sandals,Clothing,35,New York,XL,Brown,Fall,4.4,No,Standard,Yes,Yes,33,PayPal,Annually
3970,27,Male,Sweater,Clothing,64,California,S,Indigo,Spring,4.6,No,Store Pickup,No,No,15,Credit Card,Weekly
3971,42,Female,Socks,Clothing,84,California,S,Cyan,Winter,4.6,No,Express,No,No,48,Credit Card,Weekly
3972,43,Male,Gloves,Accessories,28,Hawaii,M,Olive,Spring,4.0,Yes,Standard,Yes,No,2,Bank Transfer,Quarterly
3973,18,Male,Scarf,Footwear,90,Indiana,M,Purple,Fall,3.6,No,Store Pickup,No,No,5,Debit Card,Every 3 Months
3974,43,Female,Blouse,Clothing,26,Indiana,L,Blue,Summer,4.9,Yes,Next Day Air,No,No,23,Debit Card,Annually
3975,19,Male,Hat,Accessories,101,Florida,M,Violet,Winter,2.8,No,Next Day Air,Yes,No,24,Bank Transfer,Bi-Weekly
3976,38,Male,Dress,Accessories,54,Michigan,S,Violet,Fall,4.3,No,2-Day Shipping,No,Yes,27,Bank Transfer,Annually
3977,21,Male,Blouse,Accessories,95,Nebraska,L,Green,Fall,4.1,No,Standard,No,Yes,26,Credit Card,Monthly
3978,42,Male,Scarf,Outerwear,43,West Virginia,M,Violet,Fall,4.9,No,2-Day Shipping,Yes,Yes,19,Debit Card,Bi-Weekly
3979,23,Male,Boots,Footwear,27,Montana,M,Yellow,Summer,4.3,Yes,Store Pickup,No,No,50,Venmo,Fortnightly
3980,55,Male,Socks,Clothing,51,Arizona,L,Maroon,Fall,3.7,No,Store Pickup,No,No,9,Bank Transfer,Fortnightly
3981,50,Male,Sneakers,Clothing,105,Mississippi,M,Lavender,Fall,4.1,No,Standard,No,Yes,46,PayPal,Annually
3982,68,Male,Gloves,Clothing,76,Delaware,L,Olive,Winter,3.7,No,Store Pickup,Yes,Yes,43,Cash,Annually
3983,35,Male,Sandals,Clothing,62,Vermont,M,Lavender,Spring,4.9,No,Free Shipping,No,No,16,Debit Card,Weekly
3984,49,Female,Scarf,Accessories,78,New Mexico,M,Blue,Fall,3.1,No,Next Day Air,No,No,15,Cash,Quarterly
3985,26,Male,Coat,Clothing,20,Georgia,M,Charcoal,Winter,3.7,No,Standard,No,No,37,Credit Card,Quarterly
3986,29,Male,Sunglasses,Accessories,56,Utah,M,Olive,Fall,3.8,Yes,2-Day Shipping,No,No,1,Cash,Weekly
3987,49,Male,Coat,Outerwear,88,Arkansas,XL,Magenta,Spring,4.9,No,Next Day Air,No,Yes,14,PayPal,Bi-Weekly
3988,19,Male,Jewelry,Clothing,90,Louisiana,XL,Silver,Summer,4.2,No,Standard,No,Yes,9,Venmo,Bi-Weekly
3989,25,Male,Jewelry,Outerwear,77,Oklahoma,S,Gold,Fall,5.0,Yes,Store Pickup,No,Yes,35,Venmo,Annually
3990,59,Male,Sandals,Footwear,32,Maine,M,Maroon,Fall,3.4,No,Express,No,Yes,34,Bank Transfer,Fortnightly
3991,37,Male,Skirt,Accessories,39,Maryland,M,Purple,Winter,5.0,Yes,Store Pickup,No,Yes,48,Debit Card,Every 3 Months
3992,41,Male,T-shirt,Footwear,90,Hawaii,L,Violet,Spring,4.7,No,2-Day Shipping,Yes,No,24,Credit Card,Every 3 Months
3993,49,Male,Jewelry,Accessories,18,New Hampshire,XL,Blue,Spring,4.4,Yes,Store Pickup,Yes,Yes,34,Cash,Annually
3994,41,Female,Scarf,Accessories,48,Indiana,M,Silver,Spring,4.7,No,Store Pickup,Yes,No,37,PayPal,Bi-Weekly
3995,19,Female,Sandals,Clothing,42,Idaho,M,Purple,Summer,4.5,No,Store Pickup,Yes,Yes,24,Bank Transfer,Weekly
3996,61,Male,Jacket,Outerwear,13,Minnesota,S,Indigo,Fall,3.2,Yes,Express,No,No,4,Bank Transfer,Fortnightly
3997,42,Male,Boots,Clothing,62,New York,M,Brown,Spring,3.4,No,Store Pickup,No,No,6,Bank Transfer,Bi-Weekly
3998,54,Male,Blouse,Accessories,70,North Dakota,M,Black,Summer,4.8,No,Free Shipping,No,No,2,Bank Transfer,Annually
3999,27,Male,Scarf,Outerwear,22,New York,M,Charcoal,Winter,4.8,No,Free Shipping,Yes,Yes,8,Venmo,Every 3 Months
4000,60,Male,Jewelry,Accessories,67,Idaho,S,Cyan,Winter,4.2,No,Next Day Air,No,Yes,48,Cash,Bi-Weekly
4001,55,Male,Sneakers,Accessories,87,Kansas,M,Silver,Spring,3.9,No,Free Shipping,Yes,No,36,Debit Card,Weekly
4002,62,Female,Jewelry,Clothing,60,Nevada,S,Peach,Spring,4.5,No,Free Shipping,No,No,8,Bank Transfer,Annually
4003,55,Male,Shoes,Accessories,58,Maryland,L,Silver,Winter,4.7,No,Standard,Yes,No,12,Bank Transfer,Monthly
4004,47,Male,Blouse,Accessories,55,New Mexico,L,Silver,Winter,2.9,Yes,Free Shipping,No,Yes,28,Credit Card,Annually
4005,49,Male,Skirt,Clothing,75,Louisiana,M,Violet,Winter,3.1,No,Standard,No,No,30,Cash,Every 3 Months
4006,58,Male,Jewelry,Clothing,102,Minnesota,S,Orange,Spring,3.0,No,2-Day Shipping,No,Yes,5,Venmo,Every 3 Months
4007,19,Female,Shirt,Clothing,33,Maryland,L,Pink,Spring,3.8,Yes,Free Shipping,No,No,41,Venmo,Annually
4008,38,Male,Coat,Accessories,35,North Carolina,M,Brown,Summer,2.7,Yes,Next Day Air,Yes,Yes,25,Bank Transfer,Weekly
4009,23,Female,Sweater,Outerwear,42,Illinois,M,Violet,Fall,4.4,Yes,Next Day Air,No,Yes,31,Credit Card,Fortnightly
4010,34,Male,Sandals,Footwear,59,Connecticut,S,Maroon,Summer,3.6,No,2-Day Shipping,No,No,9,Cash,Annually
4011,36,Male,Backpack,Footwear,103,South Dakota,L,Olive,Spring,4.4,No,Store Pickup,No,Yes,34,Bank Transfer,Quarterly
4012,69,Female,Blouse,Clothing,61,Indiana,M,Peach,Winter,3.1,No,2-Day Shipping,Yes,Yes,2,Venmo,Bi-Weekly
4013,41,Female,Sweater,Footwear,90,New Hampshire,L,Olive,Spring,4.6,No,Store Pickup,Yes,Yes,37,Credit Card,Weekly
4014,21,Female,Scarf,Accessories,74,Virginia,M,Olive,Summer,4.7,No,Express,Yes,Yes,3,PayPal,Annually
4015,49,Male,Blouse,Clothing,19,Nebraska,M,Green,Spring,4.4,No,Standard,Yes,Yes,20,Venmo,Quarterly
4016,69,Female,Blouse,Clothing,43,Alabama,M,Black,Spring,2.5,No,Free Shipping,Yes,Yes,42,Venmo,Every 3 Months
4017,22,Male,Socks,Accessories,52,Georgia,L,Red,Fall,4.4,No,Next Day Air,No,No,32,PayPal,Annually
4018,68,Male,Sunglasses,Accessories,57,North Dakota,M,Pink,Winter,3.1,No,2-Day Shipping,No,Yes,10,Debit Card,Bi-Weekly
4019,55,Male,Skirt,Accessories,84,Maine,L,Teal,Fall,3.3,Yes,Next Day Air,Yes,No,44,PayPal,Weekly
4020,19,Male,Backpack,Accessories,36,Missouri,XL,Red,Spring,4.4,No,2-Day Shipping,No,No,50,Cash,Monthly
4021,57,Male,T-shirt,Outerwear,97,Vermont,M,Silver,Fall,3.2,No,Next Day Air,Yes,No,16,Cash,Fortnightly
4022,41,Male,Shorts,Clothing,70,Utah,M,Brown,Winter,2.9,No,Store Pickup,Yes,Yes,36,Bank Transfer,Fortnightly
4023,18,Male,T-shirt,Accessories,71,Florida,M,Magenta,Summer,4.4,Yes,Store Pickup,No,No,7,PayPal,Annually
4024,21,Male,T-shirt,Clothing,31,Utah,M,Silver,Winter,4.4,No,2-Day Shipping,No,No,2,Credit Card,Weekly
4025,20,Male,Sweater,Footwear,79,New Hampshire,M,Red,Fall,2.6,Yes,Next Day Air,Yes,No,5,Cash,Every 3 Months
4026,33,Male,Boots,Footwear,69,Alaska,M,Beige,Spring,4.7,No,Express,Yes,No,37,Cash,Bi-Weekly
4027,22,Male,Skirt,Accessories,94,Illinois,S,Cyan,Fall,3.8,No,Store Pickup,Yes,Yes,33,PayPal,Fortnightly
4028,69,Male,Scarf,Clothing,33,Tennessee,M,Olive,Winter,2.6,No,Standard,No,No,45,Debit Card,Fortnightly
4029,50,Male,Blouse,Accessories,84,Wyoming,M,Cyan,Summer,2.5,No,Store Pickup,No,Yes,23,Debit Card,Annually
4030,64,Male,Belt,Clothing,41,Oklahoma,M,Black,Fall,2.9,No,Standard,Yes,No,24,PayPal,Fortnightly
4031,60,Female,Sweater,Footwear,82,Iowa,L,Red,Summer,4.3,No,Express,No,No,7,PayPal,Bi-Weekly
4032,64,Female,Scarf,Clothing,27,New Mexico,S,Magenta,Fall,4.5,Yes,Free Shipping,No,No,2,Debit Card,Every 3 Months
4033,24,Female,Sandals,Clothing,47,Wyoming,M,Teal,Fall,4.6,No,Next Day Air,Yes,No,34,PayPal,Fortnightly
4034,41,Male,T-shirt,Accessories,86,Illinois,M,Orange,Fall,3.1,No,Free Shipping,No,No,44,PayPal,Fortnightly
4035,18,Male,Coat,Outerwear,61,Alaska,M,Olive,Spring,4.9,No,Express,Yes,No,32,PayPal,Quarterly
4036,55,Female,Sweater,Accessories,93,Pennsylvania,L,Brown,Spring,4.7,Yes,Next Day Air,Yes,No,1,Debit Card,Quarterly
4037,33,Male,Hat,Footwear,74,Arkansas,S,Turquoise,Fall,2.9,No,Free Shipping,No,No,33,Bank Transfer,Monthly
4038,53,Male,Sneakers,Clothing,68,Arkansas,L,Orange,Spring,3.6,No,Standard,No,Yes,6,Cash,Every 3 Months
4039,68,Male,Skirt,Accessories,104,California,M,Green,Summer,4.4,No,Next Day Air,Yes,Yes,13,Venmo,Monthly
4040,62,Male,Scarf,Clothing,87,Kansas,L,Violet,Summer,4.9,Yes,Store Pickup,No,Yes,4,Cash,Quarterly
4041,32,Male,Sweater,Accessories,53,Delaware,L,Peach,Summer,4.7,No,2-Day Shipping,Yes,No,31,Cash,Monthly
4042,36,Male,Gloves,Clothing,78,Vermont,L,Turquoise,Fall,3.6,No,Standard,No,Yes,35,Bank Transfer,Annually
4043,52,Male,Belt,Footwear,56,Michigan,M,Maroon,Fall,3.9,Yes,Free Shipping,No,No,26,Venmo,Annually
4044,21,Male,Shorts,Accessories,54,New Jersey,M,Maroon,Winter,4.2,Yes,2-Day Shipping,Yes,No,20,Bank Transfer,Every 3 Months
4045,56,Male,Blouse,Clothing,32,Arkansas,XL,Peach,Fall,2.5,No,Free Shipping,No,Yes,7,Credit Card,Quarterly
4046,29,Male,Shorts,Clothing,65,Alaska,XL,Brown,Winter,2.7,Yes,2-Day Shipping,Yes,Yes,32,Cash,Weekly
4047,38,Male,Hat,Clothing,74,Tennessee,L,Maroon,Summer,4.6,No,Standard,No,No,34,Bank Transfer,Annually
4048,32,Female,Sweater,Clothing,37,Colorado,XL,Maroon,Summer,3.1,Yes,2-Day Shipping,No,No,28,Bank Transfer,Monthly
4049,25,Female,Blouse,Footwear,38,Idaho,M,Purple,Spring,3.2,No,Express,Yes,No,50,Venmo,Annually
4050,52,Female,Shirt,Clothing,52,Oklahoma,L,Beige,Summer,4.0,No,Free Shipping,Yes,Yes,7,Debit Card,Quarterly
4051,56,Female,Sunglasses,Clothing,100,Alabama,S,Gray,Summer,3.3,No,Standard,Yes,Yes,36,Venmo,Quarterly
4052,50,Male,Hat,Clothing,29,Tennessee,M,Maroon,Spring,4.9,No,2-Day Shipping,No,Yes,26,Debit Card,Monthly
4053,47,Male,Handbag,Clothing,33,Idaho,S,Yellow,Spring,5.0,No,Free Shipping,No,No,42,Cash,Every 3 Months
4054,69,Male,Pants,Footwear,86,Oregon,M,White,Summer,3.0,Yes,Free Shipping,Yes,No,23,Venmo,Weekly
4055,34,Male,Sunglasses,Accessories,19,Washington,L,Maroon,Spring,3.8,No,Standard,No,Yes,33,Debit Card,Bi-Weekly
4056,57,Male,Shirt,Footwear,33,Ohio,L,White,Spring,4.0,No,Standard,No,No,26,Credit Card,Fortnightly
4057,21,Male,Shirt,Clothing,16,Texas,M,Charcoal,Spring,4.7,No,Express,No,No,24,PayPal,Weekly
4058,61,Male,Gloves,Footwear,88,Massachusetts,XL,Indigo,Winter,4.1,No,Free Shipping,Yes,No,24,PayPal,Monthly
4059,42,Male,Belt,Accessories,62,New Hampshire,S,Silver,Spring,4.3,Yes,Free Shipping,Yes,Yes,25,Bank Transfer,Every 3 Months
4060,68,Female,Sweater,Footwear,15,Wyoming,L,Yellow,Summer,3.2,No,Standard,Yes,Yes,14,Bank Transfer,Bi-Weekly
4061,52,Male,Skirt,Clothing,28,North Dakota,XL,Purple,Winter,2.9,Yes,Free Shipping,Yes,No,15,Bank Transfer,Fortnightly
4062,63,Male,Scarf,Accessories,30,Maryland,L,Beige,Winter,4.8,No,Next Day Air,No,Yes,40,Venmo,Fortnightly
4063,55,Male,Blouse,Accessories,57,Alabama,S,Olive,Winter,4.3,No,Next Day Air,No,Yes,36,Venmo,Fortnightly
4064,39,Male,Skirt,Clothing,94,Minnesota,M,Pink,Spring,4.2,Yes,Store Pickup,No,No,42,Bank Transfer,Annually
4065,62,Male,Sweater,Accessories,64,Maine,M,Yellow,Fall,4.1,No,Free Shipping,No,No,20,Venmo,Annually
4066,19,Male,Scarf,Accessories,99,Alabama,XL,Indigo,Spring,4.5,No,Express,No,Yes,13,Debit Card,Every 3 Months
4067,23,Male,Handbag,Clothing,82,Ohio,M,Pink,Summer,4.1,No,Standard,Yes,No,40,Credit Card,Weekly
4068,37,Male,Jeans,Clothing,41,North Carolina,M,Olive,Spring,4.0,Yes,2-Day Shipping,No,No,27,Debit Card,Quarterly
4069,41,Male,Hoodie,Accessories,38,West Virginia,M,Purple,Summer,4.1,No,Standard,Yes,No,14,Debit Card,Every 3 Months
4070,39,Male,Pants,Clothing,62,Montana,L,Silver,Spring,4.9,No,2-Day Shipping,Yes,No,15,Credit Card,Quarterly
4071,54,Male,Jacket,Clothing,70,Georgia,M,Magenta,Fall,2.8,No,Standard,No,No,10,Cash,Every 3 Months
4072,20,Male,Handbag,Accessories,61,South Carolina,M,Peach,Spring,3.7,No,Free Shipping,Yes,No,33,Bank Transfer,Every 3 Months
4073,32,Male,Sunglasses,Accessories,30,Massachusetts,XL,Indigo,Spring,3.3,No,Standard,Yes,Yes,47,Debit Card,Bi-Weekly
4074,49,Female,Sneakers,Footwear,59,Mississippi,M,Green,Winter,4.7,No,2-Day Shipping,Yes,No,2,Bank Transfer,Every 3 Months
4075,69,Female,Sandals,Accessories,47,New Mexico,L,Orange,Summer,3.3,No,Store Pickup,No,No,11,Cash,Bi-Weekly
4076,52,Female,T-shirt,Footwear,58,Missouri,M,Red,Winter,4.2,Yes,Express,Yes,No,10,Debit Card,Quarterly
4077,25,Male,Sweater,Outerwear,94,Idaho,L,Gray,Fall,2.9,No,Standard,No,No,20,Bank Transfer,Annually
4078,56,Male,Sunglasses,Accessories,59,Arkansas,L,Silver,Fall,4.6,No,Standard,Yes,Yes,44,Credit Card,Weekly
4079,23,Female,Gloves,Clothing,72,Nevada,M,Yellow,Fall,2.7,No,Store Pickup,No,Yes,3,Debit Card,Monthly
4080,70,Male,Belt,Outerwear,18,Arkansas,L,Green,Spring,4.5,Yes,Free Shipping,Yes,No,17,Venmo,Monthly
4081,38,Male,Sweater,Accessories,32,Illinois,M,Magenta,Fall,4.5,No,2-Day Shipping,Yes,No,4,PayPal,Every 3 Months
4082,37,Female,Socks,Clothing,69,Florida,M,Lavender,Winter,3.8,No,2-Day Shipping,No,No,7,Bank Transfer,Quarterly
4083,20,Male,Gloves,Footwear,19,Florida,L,Purple,Summer,4.2,Yes,Store Pickup,Yes,No,39,Cash,Bi-Weekly
4084,57,Male,Jewelry,Clothing,62,Tennessee,S,Red,Summer,4.2,Yes,Next Day Air,No,No,38,PayPal,Annually
4085,39,Male,Hat,Footwear,45,Washington,M,Beige,Fall,4.8,No,Express,Yes,No,19,Venmo,Monthly
4086,34,Male,Socks,Accessories,58,Missouri,M,Violet,Winter,4.5,No,Store Pickup,Yes,Yes,25,PayPal,Bi-Weekly
4087,54,Male,T-shirt,Clothing,23,Minnesota,S,Green,Spring,2.8,Yes,Next Day Air,Yes,Yes,30,Debit Card,Bi-Weekly
4088,23,Female,Socks,Clothing,74,New York,M,Orange,Spring,3.4,No,Next Day Air,Yes,Yes,48,PayPal,Monthly
4089,59,Female,Pants,Clothing,52,Delaware,M,Magenta,Spring,2.9,No,Free Shipping,No,No,46,PayPal,Bi-Weekly
4090,52,Female,Skirt,Outerwear,18,Nebraska,M,Brown,Summer,4.8,Yes,Standard,No,Yes,13,Venmo,Every 3 Months
4091,25,Male,Sandals,Accessories,92,Washington,M,Peach,Fall,4.0,No,Next Day Air,No,No,19,Venmo,Every 3 Months
4092,43,Male,Sneakers,Clothing,77,Wisconsin,S,Peach,Summer,3.7,No,Free Shipping,No,No,35,Debit Card,Weekly
4093,22,Male,Coat,Clothing,19,Indiana,M,Charcoal,Winter,4.8,Yes,2-Day Shipping,No,No,14,Bank Transfer,Every 3 Months
4094,18,Male,Handbag,Clothing,27,Nebraska,M,Olive,Summer,3.4,No,Free Shipping,No,No,34,Cash,Quarterly
4095,42,Male,Blouse,Footwear,72,Maine,XL,Violet,Summer,3.6,No,2-Day Shipping,No,Yes,4,Bank Transfer,Monthly
4096,45,Male,Shorts,Clothing,20,Colorado,M,Red,Winter,2.7,Yes,Store Pickup,No,No,34,Credit Card,Quarterly
4097,33,Female,Shorts,Clothing,66,Oklahoma,XL,Cyan,Winter,4.6,No,Free Shipping,No,No,47,Credit Card,Annually
4098,49,Male,Backpack,Clothing,75,Texas,L,Brown,Fall,3.9,Yes,Express,Yes,No,41,Cash,Bi-Weekly
4099,58,Female,T-shirt,Accessories,67,Louisiana,L,Black,Fall,4.8,Yes,Standard,No,Yes,40,Venmo,Every 3 Months
4100,59,Female,Jewelry,Accessories,79,Alabama,M,Turquoise,Winter,4.1,No,Free Shipping,Yes,No,23,PayPal,Every 3 Months
4101,32,Male,Shorts,Clothing,97,Wyoming,M,Red,Spring,4.3,Yes,Next Day Air,No,No,1,Debit Card,Annually
4102,47,Male,Coat,Clothing,35,Utah,M,White,Spring,2.7,Yes,2-Day Shipping,No,Yes,20,Cash,Quarterly
4103,53,Female,Shoes,Footwear,83,Mississippi,L,Purple,Spring,3.0,No,Standard,Yes,Yes,48,Credit Card,Quarterly
4104,63,Male,Blouse,Accessories,59,Connecticut,XL,Magenta,Spring,4.6,Yes,2-Day Shipping,No,No,5,Bank Transfer,Bi-Weekly
4105,35,Male,Coat,Clothing,22,California,L,Brown,Winter,4.0,No,Free Shipping,No,Yes,33,Credit Card,Monthly
4106,46,Female,T-shirt,Clothing,71,Minnesota,M,Silver,Summer,2.8,Yes,Standard,No,Yes,14,Venmo,Weekly
4107,47,Male,Hoodie,Clothing,52,Louisiana,M,Pink,Summer,4.7,Yes,Express,No,No,31,Debit Card,Quarterly
4108,26,Female,Sweater,Clothing,31,West Virginia,M,Silver,Fall,3.9,Yes,Express,No,Yes,5,Venmo,Every 3 Months
4109,18,Male,T-shirt,Accessories,86,Washington,S,Teal,Fall,4.0,No,Standard,No,Yes,1,Credit Card,Bi-Weekly
4110,34,Female,Backpack,Clothing,81,Indiana,M,Blue,Summer,3.7,No,Next Day Air,No,No,1,Credit Card,Quarterly
4111,23,Male,Scarf,Footwear,102,North Carolina,M,Red,Summer,4.9,No,Store Pickup,Yes,No,48,Cash,Monthly
4112,40,Female,Belt,Clothing,52,California,XL,Gold,Fall,3.5,No,Free Shipping,No,No,40,Bank Transfer,Annually
4113,62,Male,T-shirt,Outerwear,29,Indiana,XL,Pink,Spring,3.3,No,2-Day Shipping,No,Yes,2,Bank Transfer,Weekly
4114,31,Female,Jacket,Footwear,61,Iowa,L,Lavender,Winter,2.9,No,Store Pickup,Yes,Yes,36,Cash,Every 3 Months
4115,43,Male,Hoodie,Accessories,55,Idaho,XL,Cyan,Fall,2.6,Yes,Free Shipping,No,No,39,PayPal,Weekly
4116,56,Male,Jacket,Footwear,28,California,L,Lavender,Fall,2.5,No,Express,No,No,36,Venmo,Every 3 Months
4117,58,Male,Jewelry,Clothing,80,Colorado,M,Gray,Fall,4.1,No,Express,No,Yes,50,Debit Card,Bi-Weekly
4118,21,Female,Blouse,Accessories,68,Alabama,S,Gold,Winter,4.3,Yes,Next Day Air,No,No,49,Venmo,Monthly
4119,50,Male,Sneakers,Footwear,21,Maine,L,Indigo,Spring,4.8,No,Next Day Air,No,No,30,PayPal,Bi-Weekly
4120,38,Male,Socks,Accessories,29,Colorado,L,Turquoise,Summer,2.9,No,Store Pickup,No,Yes,28,Cash,Annually
4121,67,Male,Skirt,Clothing,54,Iowa,M,Violet,Fall,3.8,No,Standard,Yes,Yes,18,PayPal,Fortnightly
4122,39,Male,Handbag,Footwear,100,California,L,Turquoise,Winter,4.6,No,Free Shipping,Yes,No,6,Debit Card,Fortnightly
4123,63,Male,Handbag,Clothing,56,Missouri,L,Pink,Winter,2.6,Yes,Free Shipping,No,No,5,Venmo,Fortnightly
4124,39,Male,Hoodie,Footwear,65,California,L,Indigo,Summer,4.3,No,Free Shipping,No,No,46,Cash,Annually
4125,20,Male,Scarf,Clothing,71,Virginia,XL,Beige,Winter,2.9,No,Standard,No,No,10,Cash,Annually
4126,32,Female,Shorts,Clothing,94,Wisconsin,S,Red,Spring,4.5,Yes,Express,No,No,9,Debit Card,Annually
4127,33,Male,Pants,Footwear,13,Kentucky,M,Teal,Summer,3.0,No,Next Day Air,Yes,Yes,12,Venmo,Every 3 Months
4128,37,Male,Boots,Outerwear,32,New Jersey,L,Teal,Summer,4.1,Yes,2-Day Shipping,Yes,No,35,Credit Card,Bi-Weekly
4129,48,Male,Shirt,Clothing,20,Hawaii,M,Gray,Spring,4.2,Yes,Express,No,Yes,30,Debit Card,Every 3 Months
4130,68,Male,Belt,Accessories,74,Louisiana,M,Magenta,Winter,4.1,Yes,Next Day Air,Yes,No,25,PayPal,Every 3 Months
4131,27,Female,Scarf,Outerwear,84,Delaware,M,Orange,Spring,2.9,No,2-Day Shipping,No,Yes,23,Credit Card,Annually
4132,59,Male,Sandals,Clothing,27,Tennessee,M,Violet,Spring,4.1,No,Express,No,Yes,7,Cash,Weekly
4133,22,Female,Pants,Footwear,47,Delaware,M,Red,Spring,4.6,No,Free Shipping,Yes,No,3,Venmo,Bi-Weekly
4134,63,Male,Backpack,Clothing,31,Wyoming,M,Cyan,Summer,4.4,No,Free Shipping,No,No,4,Venmo,Quarterly
4135,33,Female,Coat,Clothing,36,Massachusetts,M,Beige,Summer,4.5,No,Standard,No,No,7,Cash,Fortnightly
4136,21,Female,Sunglasses,Clothing,34,North Dakota,XL,Cyan,Summer,3.8,Yes,2-Day Shipping,No,Yes,46,Bank Transfer,Annually
4137,59,Male,Hoodie,Clothing,43,Hawaii,M,Black,Summer,3.4,No,Express,No,Yes,47,Debit Card,Quarterly
4138,40,Male,Jacket,Outerwear,67,Nebraska,L,Violet,Fall,2.6,No,Free Shipping,No,Yes,7,Venmo,Weekly
4139,59,Male,Handbag,Footwear,64,Iowa,S,Maroon,Summer,4.9,No,Express,Yes,No,3,Venmo,Weekly
4140,54,Male,Pants,Clothing,69,Rhode Island,M,Blue,Summer,2.9,Yes,Free Shipping,No,Yes,34,Credit Card,Every 3 Months
4141,20,Male,Hoodie,Clothing,23,California,M,Purple,Fall,4.1,No,Express,No,Yes,18,Cash,Every 3 Months
4142,41,Female,Hoodie,Clothing,18,Minnesota,M,Lavender,Fall,4.2,No,Express,Yes,No,36,Cash,Monthly
4143,28,Male,Sneakers,Clothing,37,Nebraska,M,Yellow,Fall,3.5,No,Next Day Air,No,No,46,Bank Transfer,Weekly
4144,40,Female,Backpack,Clothing,92,Vermont,L,Green,Fall,3.3,No,Standard,Yes,No,41,PayPal,Every 3 Months
4145,55,Female,Handbag,Accessories,32,Kentucky,M,Purple,Winter,4.8,No,Free Shipping,No,Yes,42,Debit Card,Annually
4146,20,Male,Boots,Clothing,26,Kansas,XL,Purple,Spring,4.2,Yes,Next Day Air,No,Yes,38,Bank Transfer,Annually
4147,18,Male,Sweater,Clothing,38,Oregon,M,White,Winter,4.1,No,2-Day Shipping,No,No,34,Bank Transfer,Fortnightly
4148,28,Female,Sandals,Footwear,100,Pennsylvania,L,Red,Fall,4.3,Yes,Express,No,Yes,1,Cash,Fortnightly
4149,55,Female,Gloves,Footwear,56,Oregon,L,Maroon,Fall,3.9,No,Express,Yes,Yes,9,Venmo,Bi-Weekly
4150,18,Male,Sneakers,Outerwear,25,Florida,M,Black,Spring,3.3,No,Standard,Yes,Yes,10,PayPal,Every 3 Months
4151,26,Male,Jewelry,Clothing,23,Michigan,L,Cyan,Spring,3.4,No,Express,No,No,20,Credit Card,Quarterly
4152,19,Female,Jeans,Clothing,31,Oregon,M,Violet,Fall,4.6,No,Free Shipping,No,No,28,Venmo,Every 3 Months
4153,21,Male,Dress,Clothing,89,Alabama,M,Black,Spring,3.6,No,2-Day Shipping,No,Yes,29,Venmo,Every 3 Months
4154,69,Male,Sweater,Accessories,22,Kentucky,M,Yellow,Fall,5.0,No,Express,No,No,24,Venmo,Annually
4155,66,Female,Belt,Accessories,79,New Jersey,S,White,Fall,3.0,No,Express,No,No,23,Bank Transfer,Weekly
4156,18,Female,Sweater,Outerwear,72,Texas,M,White,Fall,3.6,Yes,Standard,No,No,37,Venmo,Annually
4157,63,Female,Skirt,Clothing,65,Georgia,M,Black,Winter,4.0,Yes,Standard,No,No,3,Cash,Bi-Weekly
4158,64,Male,Shirt,Clothing,90,Utah,XL,Gray,Summer,4.3,Yes,Free Shipping,Yes,No,26,PayPal,Every 3 Months
4159,29,Male,Handbag,Accessories,77,Virginia,M,Teal,Summer,4.1,No,Store Pickup,No,Yes,28,Bank Transfer,Fortnightly
4160,68,Male,Sunglasses,Clothing,76,Rhode Island,L,Orange,Fall,4.5,Yes,Express,Yes,No,50,Bank Transfer,Fortnightly
4161,67,Male,Belt,Accessories,71,New Hampshire,L,Gold,Fall,3.2,No,Free Shipping,Yes,Yes,12,Credit Card,Quarterly
4162,38,Male,Backpack,Clothing,23,Pennsylvania,XL,Blue,Winter,3.0,No,Free Shipping,No,Yes,22,Cash,Weekly
4163,50,Male,Sandals,Accessories,64,California,S,Lavender,Fall,4.5,No,Store Pickup,Yes,No,23,Debit Card,Fortnightly
4164,68,Female,Sweater,Outerwear,58,California,M,Peach,Winter,2.6,No,Next Day Air,Yes,Yes,41,Bank Transfer,Quarterly
4165,60,Female,Gloves,Outerwear,76,Nebraska,M,Yellow,Fall,4.7,No,2-Day Shipping,Yes,Yes,18,Bank Transfer,Every 3 Months
4166,27,Male,Handbag,Outerwear,31,Nevada,XL,Silver,Spring,3.2,No,Free Shipping,No,Yes,35,Cash,Every 3 Months
4167,25,Male,Coat,Clothing,59,Mississippi,XL,Red,Spring,2.7,No,Standard,No,No,8,Credit Card,Annually
4168,66,Male,Scarf,Clothing,30,Louisiana,M,Blue,Fall,3.7,Yes,2-Day Shipping,Yes,Yes,20,Debit Card,Annually
4169,60,Male,Shorts,Accessories,62,Alaska,M,Cyan,Winter,3.1,No,2-Day Shipping,No,No,6,PayPal,Fortnightly
4170,34,Female,Handbag,Accessories,82,Louisiana,M,Turquoise,Spring,4.4,No,Free Shipping,No,Yes,25,Venmo,Weekly
4171,20,Male,Jewelry,Outerwear,46,Tennessee,M,Indigo,Winter,4.5,No,Standard,Yes,No,16,Debit Card,Bi-Weekly
4172,29,Male,Sweater,Clothing,27,Minnesota,M,Violet,Winter,2.7,Yes,Store Pickup,No,No,26,Credit Card,Monthly
4173,61,Female,Shorts,Footwear,28,North Carolina,L,Violet,Fall,2.7,No,Next Day Air,Yes,No,1,Credit Card,Quarterly
4174,26,Male,Hat,Clothing,35,Minnesota,L,Olive,Fall,3.3,No,Free Shipping,No,Yes,3,Bank Transfer,Fortnightly
4175,49,Male,Backpack,Clothing,31,Massachusetts,S,Brown,Winter,3.6,No,2-Day Shipping,No,Yes,39,Venmo,Bi-Weekly
4176,38,Female,Jewelry,Accessories,31,Nebraska,M,Olive,Winter,2.8,No,Express,No,No,17,Venmo,Fortnightly
4177,22,Female,Jeans,Accessories,38,Virginia,S,Brown,Summer,3.3,No,Next Day Air,Yes,No,35,Bank Transfer,Weekly
4178,42,Male,Sandals,Clothing,80,Wyoming,M,Orange,Fall,2.8,No,Free Shipping,No,No,39,PayPal,Weekly
4179,26,Male,Jeans,Accessories,95,Colorado,L,Cyan,Winter,3.7,No,Express,Yes,Yes,24,Debit Card,Fortnightly
4180,67,Male,Jacket,Accessories,70,Colorado,M,Yellow,Fall,4.1,No,Free Shipping,No,No,31,Bank Transfer,Weekly
4181,35,Male,Jewelry,Accessories,46,Minnesota,M,Blue,Winter,3.6,No,Free Shipping,No,No,14,Cash,Every 3 Months
4182,67,Female,Dress,Accessories,34,Alaska,M,Charcoal,Summer,3.4,Yes,Standard,Yes,No,3,Venmo,Every 3 Months
4183,59,Male,Hoodie,Clothing,95,Massachusetts,L,Peach,Spring,3.1,No,Next Day Air,Yes,Yes,21,PayPal,Every 3 Months
4184,44,Male,Socks,Accessories,60,Maryland,M,White,Winter,4.4,No,2-Day Shipping,No,No,6,Debit Card,Fortnightly
4185,57,Male,Shoes,Outerwear,76,Illinois,S,Maroon,Summer,2.6,No,Express,Yes,Yes,29,Cash,Every 3 Months
4186,46,Male,Blouse,Footwear,90,South Carolina,M,Violet,Spring,2.9,No,Express,Yes,No,17,PayPal,Annually
4187,53,Male,Sunglasses,Accessories,103,South Carolina,XL,Magenta,Summer,5.0,Yes,Express,Yes,No,2,Cash,Bi-Weekly
4188,67,Male,Scarf,Footwear,23,Louisiana,XL,Red,Winter,4.4,No,2-Day Shipping,Yes,No,17,Credit Card,Every 3 Months
4189,57,Male,Jacket,Accessories,46,Montana,L,Red,Fall,3.9,No,Express,No,No,48,Bank Transfer,Bi-Weekly
4190,67,Male,Hoodie,Clothing,26,Arizona,M,Green,Fall,3.6,No,Express,No,Yes,30,Debit Card,Annually
4191,18,Male,Socks,Clothing,47,Nevada,M,Turquoise,Winter,4.8,Yes,Next Day Air,No,Yes,45,PayPal,Fortnightly
4192,30,Male,Coat,Accessories,32,Iowa,M,Lavender,Fall,3.2,No,Store Pickup,No,No,5,Credit Card,Weekly
4193,23,Male,Shoes,Accessories,63,Louisiana,S,Blue,Spring,2.9,No,Next Day Air,No,Yes,14,PayPal,Fortnightly
4194,25,Male,Skirt,Clothing,89,North Dakota,XL,Gray,Spring,4.2,Yes,Standard,Yes,No,32,Bank Transfer,Every 3 Months
4195,56,Male,Coat,Clothing,99,Indiana,S,Magenta,Fall,2.6,No,Next Day Air,Yes,Yes,4,Cash,Fortnightly
4196,26,Male,Jeans,Accessories,58,Arkansas,XL,Cyan,Fall,4.6,No,Standard,Yes,Yes,16,Credit Card,Monthly
4197,47,Female,Jacket,Clothing,86,Delaware,M,Black,Winter,4.8,No,Standard,No,No,6,Credit Card,Monthly
4198,28,Female,Shoes,Accessories,72,Iowa,M,Teal,Spring,3.5,Yes,Express,No,No,43,Venmo,Monthly
4199,18,Male,Hoodie,Accessories,87,South Carolina,L,Maroon,Fall,5.0,No,Store Pickup,No,Yes,7,Credit Card,Bi-Weekly
4200,33,Male,Dress,Clothing,22,Vermont,M,Red,Spring,2.6,Yes,Next Day Air,Yes,No,7,Bank Transfer,Fortnightly
4201,22,Male,Gloves,Accessories,82,Louisiana,S,Purple,Summer,4.0,No,Standard,No,No,17,Cash,Annually
4202,55,Male,Belt,Clothing,83,Wisconsin,L,Peach,Fall,3.1,No,Standard,Yes,No,3,PayPal,Weekly
4203,41,Male,T-shirt,Clothing,24,New Jersey,S,Silver,Spring,4.8,Yes,2-Day Shipping,No,Yes,4,PayPal,Monthly
4204,64,Male,Belt,Footwear,19,Illinois,XL,Yellow,Fall,4.7,No,Standard,No,Yes,20,Debit Card,Quarterly
4205,45,Female,Pants,Footwear,61,Massachusetts,M,Lavender,Fall,4.8,No,Standard,No,No,27,PayPal,Bi-Weekly
4206,18,Male,Boots,Footwear,39,Illinois,M,Charcoal,Spring,3.9,No,2-Day Shipping,No,Yes,46,PayPal,Annually
4207,32,Male,Sandals,Footwear,94,North Carolina,L,Silver,Spring,3.2,Yes,Standard,No,Yes,33,Credit Card,Monthly
4208,54,Male,Scarf,Clothing,64,Maine,M,Charcoal,Spring,3.4,Yes,Standard,Yes,No,43,Credit Card,Quarterly
4209,51,Male,Shorts,Accessories,105,West Virginia,S,Yellow,Spring,3.3,No,Next Day Air,No,No,37,PayPal,Monthly
4210,68,Female,Jeans,Clothing,73,Georgia,S,Magenta,Fall,3.4,Yes,2-Day Shipping,Yes,No,42,Bank Transfer,Fortnightly
4211,30,Male,Blouse,Clothing,29,Ohio,M,White,Spring,2.5,Yes,Free Shipping,No,Yes,14,Debit Card,Bi-Weekly
4212,34,Male,Backpack,Clothing,51,Illinois,M,Blue,Spring,4.0,No,Express,No,No,24,Debit Card,Bi-Weekly
4213,29,Male,Sneakers,Accessories,43,New Jersey,M,Orange,Summer,4.4,No,Store Pickup,No,No,31,Debit Card,Fortnightly
4214,27,Female,Hat,Clothing,53,Arkansas,XL,Green,Winter,3.9,No,Express,No,No,7,Cash,Every 3 Months
4215,21,Male,Socks,Clothing,76,Illinois,L,Pink,Winter,4.8,No,2-Day Shipping,No,Yes,41,Credit Card,Fortnightly
4216,63,Male,Shirt,Clothing,91,Vermont,L,Silver,Winter,3.3,No,Express,No,No,18,Bank Transfer,Quarterly
4217,65,Male,Boots,Accessories,35,Kansas,S,Lavender,Spring,4.6,No,Store Pickup,No,No,29,Cash,Quarterly
4218,20,Male,Pants,Clothing,93,Virginia,M,Purple,Fall,4.1,No,Free Shipping,No,No,42,PayPal,Bi-Weekly
4219,66,Male,Socks,Outerwear,52,Maine,L,Gold,Winter,2.8,Yes,Standard,Yes,No,5,Cash,Monthly
4220,33,Female,Blouse,Clothing,97,Hawaii,M,Gray,Spring,5.0,Yes,Standard,No,Yes,42,Bank Transfer,Monthly
4221,25,Male,Skirt,Accessories,58,Montana,L,Silver,Fall,3.7,Yes,Free Shipping,No,Yes,10,Bank Transfer,Every 3 Months
4222,46,Male,Sandals,Accessories,76,South Dakota,S,Red,Fall,4.0,No,Next Day Air,No,Yes,42,Debit Card,Every 3 Months
4223,37,Female,Sweater,Outerwear,82,Kansas,S,Pink,Fall,4.6,No,Free Shipping,No,Yes,42,Bank Transfer,Fortnightly
4224,34,Male,Blouse,Clothing,95,Texas,M,White,Summer,4.0,No,2-Day Shipping,Yes,Yes,41,Credit Card,Bi-Weekly
4225,36,Male,Scarf,Clothing,85,New Hampshire,S,Blue,Spring,4.4,No,Express,Yes,No,41,Cash,Quarterly
4226,45,Male,Pants,Clothing,27,Tennessee,S,Pink,Summer,4.5,No,Express,Yes,Yes,16,Bank Transfer,Every 3 Months
4227,48,Male,Coat,Clothing,57,Michigan,L,Cyan,Winter,4.8,No,Free Shipping,No,No,38,Debit Card,Annually
4228,26,Female,Jeans,Accessories,81,New Jersey,M,Lavender,Winter,3.5,Yes,Express,No,Yes,16,Debit Card,Fortnightly
4229,38,Male,Socks,Outerwear,77,Oklahoma,M,Gold,Winter,3.5,No,Express,No,No,20,Bank Transfer,Weekly
4230,26,Female,Handbag,Accessories,29,Utah,M,Maroon,Spring,4.3,No,Next Day Air,Yes,Yes,20,Credit Card,Weekly
4231,62,Male,Sandals,Accessories,71,Oklahoma,S,Cyan,Fall,2.6,No,Standard,Yes,No,27,Venmo,Monthly
4232,52,Male,Jewelry,Accessories,63,Florida,S,Turquoise,Fall,3.9,No,Next Day Air,No,Yes,48,Venmo,Annually
4233,24,Male,Sandals,Clothing,87,Maine,S,Cyan,Winter,2.5,No,2-Day Shipping,Yes,No,14,PayPal,Quarterly
4234,46,Female,Blouse,Clothing,67,Rhode Island,M,Yellow,Summer,4.1,No,Standard,No,No,28,Bank Transfer,Monthly
4235,58,Female,Scarf,Outerwear,23,Vermont,L,Beige,Summer,4.9,No,Express,No,Yes,21,PayPal,Weekly
4236,20,Male,Hat,Clothing,67,Tennessee,XL,Indigo,Winter,2.7,No,Standard,Yes,No,6,Bank Transfer,Weekly
4237,31,Male,Handbag,Clothing,81,Oklahoma,S,Purple,Fall,4.2,No,Express,Yes,Yes,24,Credit Card,Bi-Weekly
4238,39,Male,Handbag,Accessories,58,Nebraska,M,Maroon,Spring,4.2,No,Store Pickup,No,No,47,Bank Transfer,Monthly
4239,64,Male,Pants,Clothing,83,Colorado,M,Magenta,Summer,4.0,No,Store Pickup,No,Yes,26,Debit Card,Weekly
4240,32,Male,Sneakers,Outerwear,15,West Virginia,S,Green,Summer,2.9,Yes,2-Day Shipping,No,No,6,Debit Card,Fortnightly
4241,48,Male,Hoodie,Accessories,93,Ohio,L,Green,Spring,4.5,No,Store Pickup,Yes,No,14,Venmo,Weekly
4242,32,Male,Jewelry,Accessories,30,Wyoming,S,Gray,Fall,4.6,Yes,Free Shipping,Yes,Yes,13,PayPal,Weekly
4243,67,Male,Hat,Accessories,82,Connecticut,L,Black,Summer,3.2,Yes,Standard,Yes,Yes,23,PayPal,Every 3 Months
4244,28,Female,Sneakers,Clothing,91,Maine,S,Cyan,Spring,4.7,No,Standard,No,No,5,Bank Transfer,Annually
4245,57,Male,T-shirt,Accessories,39,Idaho,M,Violet,Winter,3.4,No,Express,No,No,22,Cash,Bi-Weekly
4246,56,Female,Shoes,Accessories,35,Kentucky,M,Silver,Fall,4.3,No,Express,Yes,Yes,3,Venmo,Quarterly
4247,58,Female,Pants,Accessories,23,Mississippi,S,Gold,Summer,3.2,No,Standard,No,No,10,Credit Card,Annually
4248,63,Female,Jacket,Accessories,46,Missouri,L,Blue,Winter,3.7,No,Standard,No,No,10,Bank Transfer,Bi-Weekly
4249,54,Female,Jacket,Footwear,97,Virginia,S,Pink,Winter,4.6,Yes,Next Day Air,No,Yes,33,Bank Transfer,Weekly
4250,49,Male,Socks,Accessories,71,Pennsylvania,XL,Green,Spring,4.3,No,Express,No,Yes,28,Debit Card,Quarterly
4251,43,Male,Hoodie,Accessories,60,New Mexico,L,Green,Fall,2.6,No,Store Pickup,No,Yes,19,Bank Transfer,Fortnightly
4252,58,Male,Scarf,Clothing,49,Pennsylvania,S,Charcoal,Winter,2.7,No,Next Day Air,Yes,No,6,Debit Card,Annually
4253,47,Male,Blouse,Clothing,82,Missouri,XL,Olive,Winter,3.6,No,Express,No,Yes,3,Bank Transfer,Quarterly
4254,38,Male,Hoodie,Clothing,50,South Dakota,S,Gold,Summer,,Yes,Free Shipping,Yes,Yes,45,Debit Card,Fortnightly
4255,69,Male,Jewelry,Clothing,55,Maine,L,Purple,Fall,4.8,No,Standard,No,No,43,Venmo,Fortnightly
4256,44,Male,Shoes,Outerwear,98,New Mexico,M,Cyan,Fall,3.8,No,Express,No,No,8,Venmo,Monthly
4257,49,Female,Shorts,Clothing,32,Illinois,XL,Yellow,Fall,4.2,Yes,Express,Yes,Yes,19,PayPal,Weekly
4258,34,Male,Handbag,Clothing,92,North Dakota,S,Orange,Fall,2.9,No,Express,Yes,No,1,Venmo,Quarterly
4259,47,Male,Jewelry,Clothing,51,Wyoming,M,Blue,Spring,4.9,No,Free Shipping,Yes,No,41,Cash,Annually
4260,64,Female,Jacket,Clothing,96,New Mexico,XL,Red,Fall,3.4,No,2-Day Shipping,No,Yes,18,Debit Card,Quarterly
4261,32,Male,Shirt,Clothing,42,New York,L,Green,Winter,4.6,No,2-Day Shipping,No,No,20,PayPal,Weekly
4262,63,Male,Boots,Accessories,23,Oklahoma,M,Magenta,Summer,3.9,Yes,Next Day Air,No,No,3,Debit Card,Weekly
4263,35,Male,Hat,Accessories,41,North Carolina,M,Indigo,Winter,2.5,Yes,Express,Yes,Yes,20,Credit Card,Monthly
4264,39,Male,Shirt,Accessories,39,Michigan,XL,Indigo,Winter,4.9,No,Store Pickup,Yes,No,33,Cash,Quarterly
4265,36,Male,Scarf,Clothing,42,Connecticut,M,Black,Spring,4.6,Yes,Express,Yes,Yes,49,Cash,Annually
4266,40,Male,Coat,Footwear,76,Washington,S,Charcoal,Summer,3.9,No,Next Day Air,No,Yes,13,Debit Card,Every 3 Months
4267,30,Male,Hat,Footwear,56,New York,XL,Red,Spring,3.7,Yes,Standard,No,Yes,11,Cash,Fortnightly
4268,60,Male,Sandals,Clothing,64,Kentucky,M,Gray,Winter,3.0,Yes,Express,No,Yes,34,Venmo,Every 3 Months
4269,49,Male,T-shirt,Clothing,56,West Virginia,S,White,Summer,4.0,No,Store Pickup,No,No,27,PayPal,Every 3 Months
4270,69,Male,Jeans,Clothing,72,Connecticut,XL,Yellow,Winter,3.4,No,Standard,Yes,No,11,Cash,Quarterly
4271,27,Female,Skirt,Accessories,54,Montana,M,Silver,Spring,3.0,No,Store Pickup,No,Yes,27,Venmo,Bi-Weekly
4272,58,Male,Handbag,Clothing,24,New Hampshire,L,Pink,Winter,4.1,No,Standard,Yes,Yes,24,Debit Card,Quarterly
4273,25,Male,Coat,Accessories,12,Indiana,S,Beige,Spring,3.5,Yes,Store Pickup,Yes,No,14,Venmo,Bi-Weekly
4274,60,Male,Coat,Clothing,18,Delaware,S,Teal,Fall,4.4,Yes,Express,No,No,41,Debit Card,Every 3 Months
4275,34,Male,Socks,Clothing,31,Hawaii,M,Magenta,Summer,4.7,Yes,Express,No,No,3,Credit Card,Weekly
4276,49,Male,Boots,Footwear,40,Minnesota,M,White,Winter,3.4,No,Store Pickup,No,No,35,Credit Card,Annually
4277,69,Male,Sunglasses,Clothing,96,Louisiana,M,Cyan,Spring,3.9,No,2-Day Shipping,Yes,No,14,PayPal,Weekly
4278,54,Male,Coat,Accessories,90,Idaho,S,Teal,Summer,3.6,No,Store Pickup,Yes,No,12,Credit Card,Quarterly
4279,25,Male,Hat,Clothing,103,Georgia,XL,Blue,Spring,3.9,No,Free Shipping,Yes,Yes,35,Venmo,Monthly
4280,65,Female,Dress,Outerwear,101,Tennessee,S,Brown,Summer,3.8,No,Express,No,No,35,PayPal,Monthly
4281,51,Male,Jacket,Clothing,56,North Dakota,M,Turquoise,Winter,4.8,Yes,Free Shipping,No,Yes,8,Debit Card,Annually
4282,24,Male,Sneakers,Outerwear,35,Nebraska,L,Green,Winter,2.8,No,Express,Yes,No,23,Cash,Bi-Weekly
4283,48,Male,Sandals,Clothing,28,Maine,M,Magenta,Spring,3.9,Yes,2-Day Shipping,No,No,16,PayPal,Quarterly
4284,37,Male,Shorts,Outerwear,62,Colorado,S,Cyan,Spring,4.9,Yes,Next Day Air,No,No,39,Venmo,Fortnightly
4285,66,Male,Shorts,Accessories,96,Kansas,L,Indigo,Spring,3.9,No,Express,No,No,44,Venmo,Bi-Weekly
4286,21,Male,Hat,Outerwear,76,Maine,L,Orange,Winter,2.5,No,Standard,No,No,33,Debit Card,Monthly
4287,20,Male,T-shirt,Clothing,89,Minnesota,M,Beige,Spring,3.4,No,Express,Yes,Yes,48,Bank Transfer,Fortnightly
4288,54,Male,Hoodie,Accessories,64,Missouri,M,Black,Winter,3.9,Yes,2-Day Shipping,No,Yes,40,Bank Transfer,Fortnightly
4289,55,Female,Skirt,Accessories,95,California,M,Gray,Winter,2.7,No,Standard,Yes,No,31,Venmo,Fortnightly
4290,30,Male,Backpack,Clothing,75,South Carolina,M,Peach,Fall,4.3,No,Free Shipping,No,No,32,Debit Card,Bi-Weekly
4291,27,Male,Blouse,Accessories,57,Wisconsin,M,Black,Winter,4.3,Yes,Standard,No,Yes,7,Cash,Quarterly
4292,29,Male,Skirt,Accessories,23,Maine,M,Olive,Winter,3.5,No,Next Day Air,No,No,9,Cash,Every 3 Months
4293,69,Male,Pants,Accessories,26,Iowa,XL,Teal,Winter,2.9,Yes,Store Pickup,No,No,43,Venmo,Bi-Weekly
4294,58,Male,Pants,Clothing,48,Illinois,S,Indigo,Fall,3.1,No,Next Day Air,Yes,No,40,PayPal,Bi-Weekly
4295,47,Male,T-shirt,Accessories,71,Alaska,M,Olive,Spring,3.2,No,Next Day Air,No,Yes,24,Credit Card,Fortnightly
4296,43,Female,Shorts,Accessories,71,New Hampshire,M,Yellow,Fall,3.8,No,Standard,No,Yes,7,Bank Transfer,Quarterly
4297,57,Male,Handbag,Clothing,65,Texas,M,White,Summer,4.1,Yes,Express,No,Yes,27,PayPal,Quarterly
4298,56,Male,Sneakers,Clothing,81,New Hampshire,L,Silver,Spring,3.8,Yes,Store Pickup,No,No,40,Venmo,Weekly
4299,55,Male,Hoodie,Footwear,43,New Mexico,L,Olive,Summer,2.7,No,Free Shipping,No,No,6,Venmo,Every 3 Months
4300,37,Male,Pants,Clothing,43,Ohio,M,Peach,Fall,4.2,Yes,Next Day Air,No,No,24,Debit Card,Quarterly
4301,32,Male,Gloves,Accessories,28,Vermont,L,Beige,Fall,3.4,No,Standard,Yes,No,9,Bank Transfer,Every 3 Months
4302,43,Female,Handbag,Accessories,89,South Carolina,M,Cyan,Winter,3.1,Yes,Next Day Air,Yes,No,27,Bank Transfer,Bi-Weekly
4303,47,Female,Blouse,Clothing,78,Nevada,L,Yellow,Winter,3.7,No,Store Pickup,Yes,No,31,Credit Card,Every 3 Months
4304,24,Male,Gloves,Clothing,34,Alabama,S,Peach,Fall,4.6,No,Free Shipping,No,Yes,41,Credit Card,Annually
4305,41,Male,Jacket,Clothing,33,Minnesota,M,Teal,Winter,2.9,No,Express,No,Yes,36,Debit Card,Annually
4306,67,Female,Jewelry,Clothing,31,New Mexico,L,Peach,Fall,3.0,No,Express,No,No,25,Venmo,Every 3 Months
4307,32,Female,Pants,Accessories,73,North Carolina,S,Orange,Fall,3.4,No,Next Day Air,Yes,Yes,5,Venmo,Annually
4308,18,Male,Sandals,Clothing,64,Michigan,L,Black,Fall,2.9,Yes,2-Day Shipping,Yes,No,34,PayPal,Fortnightly
4309,51,Male,Hoodie,Footwear,95,Wisconsin,M,Indigo,Summer,2.9,No,2-Day Shipping,Yes,No,22,Cash,Monthly
4310,51,Male,Scarf,Accessories,32,Indiana,M,Lavender,Winter,4.4,No,Standard,Yes,Yes,48,Credit Card,Quarterly
4311,37,Male,Shorts,Outerwear,30,Idaho,S,Gray,Spring,2.8,Yes,Standard,No,Yes,28,Credit Card,Annually
4312,56,Female,Shorts,Accessories,52,Ohio,L,Gold,Fall,3.8,No,Store Pickup,No,Yes,12,Venmo,Quarterly
4313,27,Female,Hat,Accessories,17,Tennessee,XL,Yellow,Spring,2.8,No,2-Day Shipping,No,No,21,PayPal,Quarterly
4314,27,Female,Sneakers,Clothing,47,Utah,M,Orange,Summer,4.0,Yes,Standard,No,Yes,14,Bank Transfer,Monthly
4315,41,Female,Shirt,Clothing,66,Kentucky,M,Maroon,Summer,3.4,No,2-Day Shipping,No,No,4,PayPal,Bi-Weekly
4316,36,Female,Skirt,Accessories,72,Maine,M,Magenta,Summer,2.8,Yes,Express,Yes,No,4,Credit Card,Fortnightly
4317,45,Female,Jewelry,Accessories,30,Montana,L,Blue,Spring,4.3,No,Next Day Air,No,No,2,Cash,Annually
4318,37,Male,Sneakers,Clothing,19,Virginia,M,White,Winter,2.6,No,Store Pickup,Yes,Yes,13,Credit Card,Annually
4319,54,Female,Backpack,Clothing,79,Hawaii,M,Orange,Spring,4.6,No,Standard,No,Yes,22,Credit Card,Monthly
4320,18,Male,Scarf,Clothing,89,North Carolina,XL,Yellow,Summer,4.6,No,Standard,Yes,Yes,38,Bank Transfer,Quarterly
4321,25,Male,Sunglasses,Accessories,30,New Mexico,L,Gold,Winter,2.7,No,Standard,Yes,Yes,3,Bank Transfer,Bi-Weekly
4322,56,Male,Pants,Clothing,79,Kansas,M,Purple,Spring,4.1,Yes,Store Pickup,No,No,28,Bank Transfer,Fortnightly
4323,25,Female,Jacket,Clothing,86,Maine,M,Black,Summer,4.4,No,Store Pickup,No,No,6,PayPal,Bi-Weekly
4324,34,Female,Shorts,Accessories,78,California,M,Olive,Summer,3.1,No,Next Day Air,Yes,No,50,Credit Card,Fortnightly
4325,45,Male,Gloves,Clothing,26,Mississippi,M,Gray,Fall,4.0,No,2-Day Shipping,Yes,Yes,46,Cash,Bi-Weekly
4326,25,Male,Scarf,Clothing,51,Michigan,M,Red,Winter,3.4,No,Standard,No,Yes,1,Venmo,Bi-Weekly
4327,58,Male,Blouse,Accessories,68,Vermont,S,Red,Winter,4.9,Yes,Store Pickup,Yes,No,8,Venmo,Annually
4328,47,Female,Sneakers,Clothing,24,Georgia,L,Gold,Fall,4.9,No,Store Pickup,No,Yes,8,PayPal,Bi-Weekly
4329,47,Male,Handbag,Accessories,78,South Carolina,M,Indigo,Spring,4.5,No,Store Pickup,No,No,36,Debit Card,Annually
4330,40,Male,Belt,Clothing,69,Vermont,L,Teal,Spring,3.6,No,Free Shipping,No,No,41,Bank Transfer,Monthly
4331,26,Female,Skirt,Outerwear,87,New Jersey,M,Red,Spring,4.9,No,Express,Yes,Yes,33,Bank Transfer,Annually
4332,58,Male,Jacket,Clothing,48,Virginia,XL,Olive,Winter,5.0,No,Standard,No,Yes,28,Credit Card,Monthly
4333,53,Female,Shirt,Accessories,40,Missouri,L,Charcoal,Winter,3.9,Yes,2-Day Shipping,No,No,9,Bank Transfer,Quarterly
4334,36,Female,Belt,Accessories,63,Vermont,M,Gold,Fall,3.9,No,Free Shipping,Yes,No,28,Cash,Every 3 Months
4335,27,Female,Blouse,Outerwear,19,Arizona,XL,Beige,Fall,4.4,No,Free Shipping,No,No,44,Bank Transfer,Every 3 Months
4336,24,Female,Shoes,Clothing,51,South Dakota,M,Black,Fall,4.7,No,Express,No,Yes,21,PayPal,Monthly
4337,34,Male,Socks,Accessories,101,Utah,S,White,Spring,3.9,No,Standard,No,Yes,34,Venmo,Annually
4338,23,Female,T-shirt,Clothing,78,Virginia,L,Olive,Fall,4.2,No,Next Day Air,No,Yes,7,PayPal,Annually
4339,43,Female,Jacket,Clothing,98,New Mexico,M,Peach,Winter,4.0,No,Express,Yes,No,21,Cash,Annually
4340,18,Male,Hoodie,Clothing,65,Colorado,S,Indigo,Spring,2.7,No,Store Pickup,No,Yes,2,Credit Card,Fortnightly
4341,19,Female,Belt,Accessories,28,Utah,S,Green,Fall,4.2,Yes,Store Pickup,No,Yes,39,PayPal,Every 3 Months
4342,31,Male,Belt,Outerwear,64,Ohio,L,Red,Fall,2.6,No,Standard,No,Yes,30,Bank Transfer,Fortnightly
4343,56,Female,Boots,Accessories,28,New York,L,Beige,Spring,4.4,Yes,2-Day Shipping,No,Yes,10,Debit Card,Monthly
4344,52,Male,Dress,Clothing,81,Delaware,M,Magenta,Winter,4.0,Yes,Free Shipping,No,No,4,Cash,Fortnightly
4345,27,Female,Sandals,Clothing,45,North Dakota,M,Maroon,Summer,3.4,No,Next Day Air,No,No,29,Credit Card,Fortnightly
4346,66,Female,Scarf,Accessories,49,New York,M,Gold,Summer,3.8,Yes,Store Pickup,Yes,No,33,Cash,Every 3 Months
4347,27,Male,Pants,Clothing,107,Minnesota,M,Purple,Winter,4.2,No,Standard,No,No,24,Cash,Bi-Weekly
4348,64,Female,Scarf,Clothing,82,Nevada,S,Gray,Spring,4.9,Yes,Next Day Air,No,Yes,30,Debit Card,Bi-Weekly
4349,60,Male,Shirt,Footwear,81,Georgia,M,Cyan,Spring,4.0,No,2-Day Shipping,Yes,Yes,21,Venmo,Weekly
4350,34,Male,Gloves,Clothing,67,Wisconsin,M,Black,Spring,4.3,No,Express,Yes,No,30,Credit Card,Every 3 Months
4351,46,Male,Sandals,Footwear,68,Colorado,M,Pink,Fall,4.5,No,Store Pickup,No,Yes,22,Debit Card,Quarterly
4352,57,Male,Boots,Outerwear,71,Delaware,M,Yellow,Spring,4.5,Yes,Store Pickup,No,Yes,11,Debit Card,Fortnightly
4353,35,Female,Dress,Accessories,35,Maryland,S,Teal,Winter,3.0,No,Standard,Yes,Yes,46,PayPal,Every 3 Months
4354,36,Female,Blouse,Clothing,42,Mississippi,M,Teal,Spring,2.5,No,Free Shipping,Yes,No,17,PayPal,Quarterly
4355,56,Male,Jeans,Clothing,32,Rhode Island,L,Magenta,Summer,3.5,Yes,Express,No,Yes,19,Debit Card,Annually
4356,64,Male,Coat,Accessories,96,Illinois,M,Beige,Winter,3.8,Yes,Store Pickup,No,No,37,Credit Card,Quarterly
4357,27,Female,Hat,Clothing,85,Florida,L,Orange,Fall,,No,Express,No,Yes,24,PayPal,Bi-Weekly
4358,65,Male,Sandals,Outerwear,40,Idaho,M,Peach,Fall,3.6,No,Express,No,No,14,Debit Card,Monthly
4359,33,Male,Sneakers,Accessories,102,Illinois,M,Magenta,Fall,4.4,No,Store Pickup,No,Yes,38,Bank Transfer,Weekly
4360,52,Male,Sweater,Footwear,79,Texas,XL,Yellow,Spring,5.0,Yes,2-Day Shipping,Yes,Yes,43,Venmo,Fortnightly
4361,43,Female,Jewelry,Accessories,38,Kansas,L,Beige,Spring,3.8,Yes,Standard,No,No,16,PayPal,Annually
4362,54,Female,Backpack,Footwear,65,Kansas,M,Cyan,Spring,3.1,Yes,Next Day Air,Yes,No,24,Venmo,Weekly
4363,58,Male,Handbag,Footwear,98,Maryland,M,Turquoise,Fall,2.8,No,2-Day Shipping,Yes,No,21,Venmo,Every 3 Months
4364,61,Male,Backpack,Clothing,83,North Carolina,L,Violet,Winter,4.3,No,Express,Yes,No,12,Debit Card,Monthly
4365,60,Female,Handbag,Clothing,93,Rhode Island,XL,Green,Fall,3.1,Yes,Free Shipping,No,No,11,Venmo,Weekly
4366,54,Male,Dress,Clothing,83,South Carolina,M,Indigo,Spring,4.3,No,Store Pickup,No,Yes,5,PayPal,Every 3 Months
4367,41,Male,Gloves,Clothing,103,Rhode Island,XL,Charcoal,Summer,3.5,No,Free Shipping,No,No,40,Bank Transfer,Bi-Weekly
4368,36,Male,Belt,Outerwear,60,Georgia,S,Teal,Summer,4.5,No,Express,Yes,No,20,Venmo,Fortnightly
4369,31,Male,Boots,Clothing,19,Delaware,M,Green,Winter,4.7,No,Store Pickup,No,No,3,Venmo,Annually
4370,50,Male,Shoes,Clothing,32,Ohio,S,Black,Fall,4.3,No,Store Pickup,No,No,4,Debit Card,Quarterly
4371,55,Male,Shirt,Footwear,70,Idaho,L,Lavender,Summer,4.3,No,Free Shipping,Yes,Yes,21,Credit Card,Annually
4372,55,Female,Socks,Outerwear,32,Nebraska,M,Turquoise,Summer,3.5,No,Store Pickup,Yes,No,46,Debit Card,Bi-Weekly
4373,48,Male,Belt,Clothing,63,Arizona,M,Beige,Summer,3.1,Yes,Next Day Air,No,No,4,Credit Card,Weekly
4374,53,Female,Handbag,Outerwear,56,Oklahoma,L,Black,Fall,2.5,Yes,Free Shipping,No,No,5,Credit Card,Monthly
4375,43,Female,Gloves,Footwear,33,Vermont,L,Green,Fall,4.4,No,2-Day Shipping,Yes,Yes,19,Venmo,Fortnightly
4376,49,Female,Dress,Accessories,50,Arkansas,S,Green,Winter,3.1,Yes,Express,Yes,No,30,Venmo,Bi-Weekly
4377,18,Female,Shorts,Accessories,72,Maryland,S,Violet,Winter,4.3,Yes,Free Shipping,No,No,42,Debit Card,Quarterly
4378,55,Female,Boots,Footwear,58,Rhode Island,L,White,Fall,4.6,No,Express,No,Yes,34,PayPal,Quarterly
4379,24,Male,Skirt,Accessories,59,Louisiana,M,Purple,Summer,4.7,No,Standard,Yes,Yes,26,Bank Transfer,Quarterly
4380,46,Female,Sunglasses,Accessories,76,Missouri,M,Cyan,Summer,4.9,Yes,2-Day Shipping,No,Yes,24,Debit Card,Weekly
4381,50,Male,Belt,Clothing,88,Arizona,S,Blue,Spring,4.2,No,2-Day Shipping,No,No,47,Bank Transfer,Quarterly
4382,45,Female,Shorts,Clothing,67,Ohio,M,Violet,Fall,2.9,No,Store Pickup,No,No,31,Credit Card,Annually
4383,52,Male,Pants,Clothing,65,Iowa,M,Gold,Spring,4.2,No,Free Shipping,Yes,No,26,Debit Card,Bi-Weekly
4384,62,Male,Shirt,Footwear,51,Tennessee,L,Turquoise,Spring,4.5,Yes,2-Day Shipping,Yes,No,14,Venmo,Quarterly
4385,70,Male,Dress,Outerwear,39,Oklahoma,M,White,Spring,4.2,Yes,2-Day Shipping,Yes,Yes,20,Venmo,Annually
4386,63,Male,Blouse,Outerwear,30,Nebraska,XL,Indigo,Fall,3.5,No,Next Day Air,Yes,Yes,29,PayPal,Bi-Weekly
4387,30,Male,Hoodie,Clothing,88,Missouri,M,Turquoise,Winter,4.6,No,Standard,Yes,No,4,Venmo,Fortnightly
4388,54,Female,Sunglasses,Accessories,84,Indiana,S,Red,Winter,3.8,No,Free Shipping,Yes,No,4,Venmo,Annually
4389,44,Male,Sweater,Clothing,73,Florida,S,Lavender,Spring,3.5,No,Standard,Yes,No,10,Cash,Every 3 Months
4390,27,Male,Handbag,Footwear,78,Alaska,M,Olive,Fall,3.8,No,2-Day Shipping,Yes,Yes,37,Bank Transfer,Fortnightly
4391,62,Male,Sandals,Accessories,22,Utah,S,Pink,Summer,2.9,No,Free Shipping,No,No,28,PayPal,Annually
4392,18,Male,Gloves,Clothing,28,New York,M,Turquoise,Fall,3.2,Yes,2-Day Shipping,No,No,8,Credit Card,Every 3 Months
4393,64,Male,Blouse,Clothing,21,Mississippi,M,Purple,Summer,4.0,No,Next Day Air,Yes,No,48,Cash,Weekly
4394,48,Male,Shirt,Accessories,42,Idaho,L,Lavender,Winter,3.6,Yes,Next Day Air,Yes,No,50,Debit Card,Quarterly
4395,45,Male,Skirt,Accessories,71,Oregon,L,Magenta,Winter,3.1,No,Store Pickup,No,Yes,1,PayPal,Monthly
4396,33,Female,Shirt,Accessories,86,Indiana,L,Cyan,Winter,4.8,No,Free Shipping,No,No,45,Credit Card,Annually
4397,30,Male,Hat,Accessories,57,Michigan,L,Olive,Summer,3.3,No,Next Day Air,Yes,No,29,Venmo,Every 3 Months
4398,48,Male,Socks,Outerwear,57,Texas,S,Turquoise,Spring,3.9,No,2-Day Shipping,Yes,Yes,23,Credit Card,Quarterly
4399,38,Male,Jacket,Outerwear,55,Alabama,M,Gray,Fall,4.8,No,Next Day Air,No,No,10,PayPal,Quarterly
4400,70,Female,Socks,Clothing,50,Oklahoma,M,Yellow,Winter,4.5,Yes,Store Pickup,Yes,No,41,PayPal,Annually
4401,66,Female,Sunglasses,Accessories,30,Oklahoma,L,Turquoise,Spring,3.6,No,Free Shipping,No,Yes,30,Cash,Fortnightly
4402,26,Male,Coat,Footwear,27,Oregon,M,Yellow,Spring,2.9,No,Store Pickup,Yes,No,7,Bank Transfer,Weekly
4403,37,Male,Shirt,Accessories,98,New Mexico,M,Orange,Fall,2.5,No,Express,Yes,No,9,Debit Card,Monthly
4404,36,Male,Coat,Clothing,43,Mississippi,M,Magenta,Winter,3.2,No,2-Day Shipping,No,No,16,Cash,Fortnightly
4405,44,Male,Shoes,Accessories,43,Rhode Island,L,Peach,Summer,4.4,No,Free Shipping,Yes,No,12,Cash,Monthly
4406,47,Male,Hoodie,Footwear,21,New York,S,Magenta,Spring,4.7,Yes,Express,No,No,37,Debit Card,Weekly
4407,61,Female,Pants,Clothing,43,South Dakota,L,Charcoal,Winter,4.1,Yes,Express,No,Yes,16,Bank Transfer,Weekly
4408,48,Male,Pants,Accessories,87,New Hampshire,L,Maroon,Summer,4.9,No,Next Day Air,Yes,Yes,17,Debit Card,Monthly
4409,18,Female,Dress,Footwear,40,Tennessee,XL,Peach,Winter,2.9,Yes,Free Shipping,Yes,No,30,Cash,Quarterly
4410,60,Female,Shoes,Clothing,44,New Mexico,M,Silver,Summer,4.1,No,Express,No,Yes,26,Debit Card,Monthly
4411,38,Male,Dress,Clothing,84,Tennessee,M,Peach,Fall,4.1,No,2-Day Shipping,No,No,15,Debit Card,Monthly
4412,39,Male,Sandals,Clothing,59,Montana,M,Cyan,Spring,3.9,No,Store Pickup,No,No,49,Cash,Weekly
4413,30,Male,Scarf,Accessories,65,South Carolina,S,Violet,Winter,4.5,No,2-Day Shipping,Yes,Yes,8,Bank Transfer,Quarterly
4414,38,Male,Shirt,Clothing,38,Arkansas,S,Cyan,Spring,3.0,No,2-Day Shipping,No,No,25,Cash,Monthly
4415,22,Male,Handbag,Accessories,66,Illinois,M,White,Fall,4.2,No,Next Day Air,No,No,29,Cash,Monthly
4416,59,Male,Sunglasses,Clothing,74,Michigan,M,Orange,Fall,3.7,No,Express,No,No,5,Cash,Bi-Weekly
4417,46,Male,Handbag,Clothing,29,Maine,L,Purple,Summer,4.5,Yes,Next Day Air,No,Yes,48,Venmo,Annually
4418,65,Female,Scarf,Footwear,21,Nebraska,L,Purple,Winter,5.0,No,Express,No,No,17,Bank Transfer,Monthly
4419,30,Male,Dress,Footwear,90,Iowa,M,Olive,Summer,4.1,Yes,Standard,No,No,35,Bank Transfer,Weekly
4420,43,Male,Coat,Footwear,71,Illinois,L,Gold,Summer,4.4,Yes,Free Shipping,No,No,33,Credit Card,Annually
4421,34,Male,Jacket,Clothing,99,Alaska,L,Olive,Fall,3.1,No,Next Day Air,Yes,Yes,37,Venmo,Fortnightly
4422,64,Male,Sandals,Footwear,60,Minnesota,M,Turquoise,Fall,2.7,No,Standard,No,No,34,PayPal,Monthly
4423,58,Male,Handbag,Clothing,65,Missouri,S,Green,Fall,3.6,No,2-Day Shipping,No,No,46,Cash,Quarterly
4424,68,Female,Socks,Clothing,50,Oklahoma,L,Red,Summer,2.9,No,Express,Yes,Yes,40,Venmo,Bi-Weekly
4425,62,Female,Jewelry,Clothing,38,Montana,L,Violet,Spring,4.2,No,Standard,No,No,42,PayPal,Weekly
4426,46,Male,Shirt,Clothing,66,Arizona,S,Gold,Winter,2.6,Yes,Next Day Air,Yes,Yes,29,Credit Card,Quarterly
4427,63,Male,Boots,Clothing,106,Nebraska,S,Red,Summer,3.4,No,Free Shipping,Yes,No,24,Debit Card,Annually
4428,36,Male,Jeans,Clothing,88,Nevada,M,Magenta,Winter,4.5,Yes,Free Shipping,Yes,No,34,Debit Card,Weekly
4429,49,Male,Boots,Clothing,33,Illinois,L,Black,Spring,3.2,No,Standard,No,Yes,1,Venmo,Quarterly
4430,24,Male,Gloves,Accessories,69,Louisiana,M,Olive,Summer,4.9,No,Free Shipping,No,No,45,PayPal,Fortnightly
4431,65,Male,Socks,Footwear,84,Missouri,L,Blue,Summer,4.8,No,Express,Yes,Yes,12,Credit Card,Every 3 Months
4432,54,Female,Coat,Accessories,76,North Carolina,M,Pink,Summer,2.9,Yes,Standard,No,Yes,43,Venmo,Bi-Weekly
4433,41,Male,Sandals,Clothing,45,Rhode Island,L,White,Spring,4.3,No,Standard,No,Yes,28,Credit Card,Weekly
4434,62,Male,Dress,Accessories,52,Mississippi,M,Blue,Spring,4.7,No,Next Day Air,Yes,No,12,Bank Transfer,Quarterly
4435,39,Female,Jewelry,Footwear,94,Colorado,M,Yellow,Fall,2.7,No,Free Shipping,No,Yes,34,Venmo,Weekly
4436,44,Female,Shorts,Accessories,69,Kentucky,L,Lavender,Summer,4.4,No,Store Pickup,Yes,No,11,Bank Transfer,Quarterly
4437,26,Male,Boots,Accessories,40,Wisconsin,L,Red,Winter,4.0,No,Store Pickup,Yes,No,20,Cash,Quarterly
4438,64,Female,Sneakers,Outerwear,97,Texas,M,Magenta,Spring,3.0,No,Store Pickup,Yes,Yes,6,Venmo,Weekly
4439,51,Male,Socks,Clothing,76,Oklahoma,XL,Black,Fall,4.8,No,Standard,Yes,No,44,Cash,Annually
4440,34,Male,Shirt,Clothing,65,North Dakota,L,Charcoal,Summer,3.5,No,2-Day Shipping,No,Yes,14,Credit Card,Bi-Weekly
4441,50,Male,Hoodie,Footwear,77,Connecticut,M,Cyan,Summer,4.1,No,Free Shipping,No,No,45,PayPal,Bi-Weekly
4442,32,Male,Hat,Footwear,93,Virginia,M,Gray,Summer,,No,Standard,No,No,4,PayPal,Weekly
4443,50,Male,Socks,Clothing,85,Connecticut,S,Yellow,Spring,4.9,No,Express,Yes,No,9,PayPal,Monthly
4444,62,Male,Sandals,Accessories,24,Nebraska,L,Cyan,Winter,3.4,Yes,Standard,Yes,Yes,47,Credit Card,Monthly
4445,62,Male,Gloves,Clothing,31,South Dakota,S,Brown,Winter,4.2,No,Store Pickup,No,Yes,27,PayPal,Fortnightly
4446,52,Male,Jeans,Outerwear,21,South Dakota,L,Black,Fall,,No,2-Day Shipping,No,Yes,26,Venmo,Fortnightly
4447,44,Male,Handbag,Clothing,65,North Dakota,M,Gold,Winter,4.0,No,Free Shipping,Yes,No,27,Bank Transfer,Fortnightly
4448,39,Male,Pants,Clothing,66,Alaska,M,Gray,Fall,2.9,Yes,Express,No,No,21,Debit Card,Bi-Weekly
4449,35,Female,Belt,Outerwear,106,New Jersey,M,Yellow,Spring,2.8,No,Store Pickup,Yes,No,12,Debit Card,Quarterly
4450,63,Male,Boots,Accessories,24,Virginia,L,Red,Winter,4.0,No,Store Pickup,No,No,1,PayPal,Bi-Weekly
4451,60,Female,Jewelry,Clothing,36,Delaware,M,Green,Fall,3.6,Yes,Free Shipping,Yes,No,33,Credit Card,Quarterly
4452,38,Male,Jacket,Clothing,99,Wyoming,M,Pink,Fall,4.5,No,Standard,No,No,18,PayPal,Monthly
4453,19,Male,Dress,Accessories,39,New Jersey,S,Pink,Fall,4.1,No,Free Shipping,Yes,Yes,2,Debit Card,Every 3 Months
4454,63,Female,Backpack,Clothing,82,Idaho,L,Teal,Winter,3.3,No,Store Pickup,Yes,Yes,21,PayPal,Annually
4455,34,Male,Socks,Clothing,51,South Carolina,XL,Lavender,Fall,2.7,Yes,Store Pickup,No,Yes,5,Debit Card,Every 3 Months
4456,33,Female,Scarf,Clothing,57,Missouri,M,Gold,Fall,4.7,No,Express,Yes,No,41,Cash,Quarterly
4457,65,Female,Coat,Accessories,75,Oklahoma,L,Blue,Summer,3.0,No,Free Shipping,Yes,Yes,13,Credit Card,Quarterly
4458,56,Male,Jewelry,Outerwear,24,Oklahoma,S,Charcoal,Spring,2.6,No,2-Day Shipping,No,No,7,Credit Card,Quarterly
4459,30,Male,Gloves,Outerwear,72,Indiana,M,Olive,Spring,3.0,No,2-Day Shipping,Yes,No,3,PayPal,Quarterly
4460,30,Male,Sunglasses,Accessories,35,North Carolina,M,Peach,Winter,4.6,No,2-Day Shipping,Yes,No,15,Cash,Quarterly
4461,55,Male,Blouse,Accessories,96,Michigan,M,Green,Summer,3.3,No,2-Day Shipping,Yes,Yes,42,Credit Card,Every 3 Months
4462,43,Male,Socks,Clothing,82,Nevada,S,Lavender,Summer,3.7,No,Standard,Yes,Yes,27,PayPal,Weekly
4463,35,Male,Boots,Accessories,71,Tennessee,M,Teal,Fall,2.7,No,Store Pickup,No,No,19,Venmo,Bi-Weekly
4464,42,Male,Jacket,Clothing,63,Delaware,M,Lavender,Winter,2.5,No,Store Pickup,No,No,2,Bank Transfer,Monthly
4465,44,Male,Sunglasses,Clothing,50,Mississippi,XL,Pink,Fall,4.7,No,Store Pickup,No,No,42,Bank Transfer,Fortnightly
4466,51,Female,Sweater,Accessories,51,Oklahoma,L,Teal,Spring,3.1,No,Express,Yes,Yes,12,PayPal,Fortnightly
4467,61,Female,Shorts,Clothing,54,North Carolina,S,Brown,Summer,2.6,No,Standard,Yes,No,39,Credit Card,Annually
4468,29,Male,Sneakers,Clothing,67,Maryland,L,Violet,Summer,4.8,No,Free Shipping,Yes,No,45,PayPal,Fortnightly
4469,52,Male,Boots,Accessories,77,California,L,Cyan,Spring,3.1,No,Store Pickup,No,Yes,14,Credit Card,Quarterly
4470,50,Male,Sandals,Clothing,41,Delaware,L,Pink,Fall,4.7,Yes,Free Shipping,No,No,41,Bank Transfer,Quarterly
4471,50,Female,Hat,Clothing,16,Minnesota,L,Olive,Spring,4.2,Yes,Express,Yes,No,42,PayPal,Weekly
4472,51,Male,Jewelry,Accessories,98,Utah,L,White,Winter,4.4,No,Store Pickup,Yes,Yes,32,Cash,Monthly
4473,55,Male,Jeans,Accessories,81,Minnesota,M,Black,Summer,4.7,No,Store Pickup,Yes,Yes,33,Venmo,Bi-Weekly
4474,54,Male,Belt,Accessories,42,Montana,M,Purple,Winter,4.5,No,2-Day Shipping,No,No,32,Cash,Every 3 Months
4475,70,Male,Pants,Accessories,72,South Dakota,M,Yellow,Fall,4.1,Yes,Standard,No,Yes,16,Bank Transfer,Monthly
4476,32,Male,Blouse,Clothing,37,Kentucky,M,Lavender,Spring,2.9,No,Store Pickup,Yes,Yes,31,Bank Transfer,Quarterly
4477,53,Male,Jewelry,Clothing,83,Mississippi,XL,Black,Winter,4.8,No,Express,Yes,No,4,Credit Card,Weekly
4478,60,Male,Skirt,Accessories,93,Utah,L,Green,Spring,4.2,Yes,Store Pickup,No,No,49,Cash,Annually
4479,26,Male,Sandals,Outerwear,53,Louisiana,XL,Violet,Winter,4.2,Yes,Next Day Air,No,No,49,PayPal,Monthly
4480,20,Male,Socks,Outerwear,56,North Dakota,M,Cyan,Spring,2.7,No,Next Day Air,No,Yes,47,Debit Card,Weekly
4481,31,Male,Blouse,Clothing,51,New Mexico,L,Brown,Fall,4.2,No,Express,Yes,Yes,23,Debit Card,Quarterly
4482,40,Female,Hat,Clothing,44,Hawaii,S,Peach,Spring,3.9,No,2-Day Shipping,No,No,6,Debit Card,Annually
4483,65,Male,Handbag,Outerwear,68,New Mexico,M,Cyan,Spring,3.4,No,Express,Yes,Yes,38,Credit Card,Fortnightly
4484,20,Male,Pants,Accessories,93,Maine,S,Brown,Fall,4.2,Yes,2-Day Shipping,Yes,Yes,40,Bank Transfer,Bi-Weekly
4485,49,Male,Belt,Clothing,75,Tennessee,S,Peach,Spring,2.6,Yes,Free Shipping,Yes,Yes,12,Debit Card,Annually
4486,65,Male,Jewelry,Clothing,85,Vermont,S,Charcoal,Summer,3.5,Yes,Next Day Air,Yes,Yes,21,PayPal,Fortnightly
4487,42,Male,Sandals,Footwear,37,California,M,Black,Summer,3.6,No,Next Day Air,No,No,11,Credit Card,Weekly
4488,39,Male,Blouse,Accessories,70,Tennessee,S,Green,Summer,4.0,No,Express,No,Yes,1,Venmo,Monthly
4489,52,Male,T-shirt,Accessories,64,Massachusetts,M,Green,Winter,3.7,No,Free Shipping,No,No,14,Venmo,Monthly
4490,70,Male,Gloves,Accessories,59,Tennessee,L,Green,Fall,4.5,Yes,2-Day Shipping,Yes,Yes,42,Debit Card,Monthly
4491,46,Male,Shirt,Clothing,83,North Carolina,M,Peach,Spring,3.3,No,Free Shipping,Yes,No,13,PayPal,Weekly
4492,68,Male,Jeans,Accessories,73,Alaska,M,Blue,Spring,4.9,Yes,Free Shipping,No,Yes,24,Cash,Fortnightly
4493,37,Male,Belt,Clothing,44,Massachusetts,M,Orange,Spring,4.8,No,Express,No,No,22,Cash,Monthly
4494,18,Male,Jewelry,Clothing,39,California,M,Green,Winter,4.5,No,Next Day Air,No,No,50,PayPal,Every 3 Months
4495,52,Male,Sneakers,Clothing,65,Indiana,M,Orange,Winter,2.9,No,Express,No,Yes,21,Credit Card,Annually
4496,40,Female,Sweater,Clothing,69,Mississippi,M,Lavender,Spring,4.2,No,Free Shipping,Yes,Yes,11,Venmo,Weekly
4497,31,Male,Hat,Footwear,39,Vermont,M,White,Summer,2.9,No,Standard,Yes,Yes,31,Credit Card,Every 3 Months
4498,50,Female,Belt,Clothing,101,Alabama,M,Gray,Summer,3.1,No,Express,No,No,5,Debit Card,Quarterly
4499,65,Female,Pants,Footwear,51,Virginia,L,Gray,Winter,3.9,Yes,Standard,No,Yes,5,Cash,Weekly
4500,18,Male,Dress,Outerwear,98,Montana,L,Pink,Spring,4.7,No,2-Day Shipping,No,No,7,Debit Card,Every 3 Months
4501,32,Male,Hat,Accessories,98,Missouri,M,Olive,Fall,3.8,Yes,Store Pickup,No,No,32,Credit Card,Every 3 Months
4502,45,Male,Scarf,Footwear,77,Florida,S,Orange,Spring,4.1,No,Free Shipping,Yes,Yes,49,Bank Transfer,Monthly
4503,30,Male,Jacket,Clothing,34,Nevada,M,Yellow,Summer,4.3,No,Next Day Air,Yes,No,37,Credit Card,Quarterly
4504,45,Male,Boots,Clothing,59,Nebraska,M,Blue,Fall,3.4,No,2-Day Shipping,No,Yes,31,Credit Card,Every 3 Months
4505,59,Male,Pants,Footwear,104,Iowa,M,Gold,Spring,3.0,Yes,Free Shipping,No,Yes,40,Debit Card,Annually
4506,35,Female,Boots,Clothing,30,Minnesota,M,White,Summer,3.4,No,Free Shipping,No,No,38,Credit Card,Every 3 Months
4507,23,Female,Hoodie,Accessories,71,Alaska,L,Peach,Winter,3.6,Yes,Standard,Yes,Yes,16,Venmo,Fortnightly
4508,23,Female,Dress,Accessories,42,Arkansas,M,Black,Summer,4.8,No,Next Day Air,No,No,21,Credit Card,Weekly
4509,38,Male,Hoodie,Clothing,80,Arizona,M,Blue,Summer,3.4,Yes,Standard,No,No,31,Cash,Bi-Weekly
4510,45,Male,Jeans,Accessories,67,Nebraska,M,Charcoal,Spring,3.2,Yes,2-Day Shipping,Yes,No,18,Credit Card,Bi-Weekly
4511,32,Male,Belt,Accessories,49,Kentucky,S,Maroon,Summer,5.0,No,Store Pickup,No,No,23,PayPal,Monthly
4512,44,Female,Sneakers,Accessories,53,Vermont,M,Magenta,Summer,3.4,Yes,Next Day Air,No,No,21,Venmo,Fortnightly
4513,30,Male,Skirt,Accessories,48,Mississippi,M,White,Summer,3.6,No,2-Day Shipping,Yes,No,33,Venmo,Every 3 Months
4514,23,Male,Scarf,Footwear,43,Montana,M,Teal,Summer,,Yes,Standard,No,No,9,Credit Card,Quarterly
4515,59,Male,Shorts,Outerwear,70,Pennsylvania,L,Violet,Fall,4.4,Yes,Next Day Air,No,Yes,2,Venmo,Quarterly
4516,36,Male,Scarf,Accessories,45,Kansas,S,Charcoal,Summer,2.9,No,Standard,Yes,No,18,Venmo,Quarterly
4517,37,Male,Shoes,Accessories,47,Colorado,XL,Orange,Winter,3.6,No,Free Shipping,Yes,Yes,43,Credit Card,Every 3 Months
4518,63,Male,Scarf,Clothing,43,Alaska,S,Purple,Fall,2.8,Yes,Next Day Air,No,Yes,47,Cash,Fortnightly
4519,34,Male,Pants,Footwear,24,Washington,XL,Yellow,Winter,4.0,No,Standard,No,Yes,27,Debit Card,Fortnightly
4520,57,Female,Sunglasses,Footwear,66,Kentucky,M,Silver,Spring,4.2,Yes,Standard,Yes,No,38,Venmo,Fortnightly
4521,53,Male,Skirt,Clothing,28,Kentucky,L,Magenta,Spring,4.3,No,Standard,Yes,Yes,32,Venmo,Every 3 Months
4522,57,Female,Gloves,Clothing,56,Virginia,M,Violet,Winter,5.0,No,Free Shipping,No,Yes,16,PayPal,Quarterly
4523,68,Male,Socks,Footwear,55,California,S,Gray,Summer,2.6,Yes,Free Shipping,Yes,No,38,Venmo,Annually
4524,55,Male,Belt,Clothing,53,California,XL,Blue,Spring,4.5,No,Express,No,No,31,Bank Transfer,Annually
4525,31,Male,Jacket,Clothing,73,Minnesota,L,Purple,Winter,4.7,No,2-Day Shipping,Yes,Yes,17,Bank Transfer,Weekly
4526,24,Male,Dress,Accessories,104,Ohio,M,Indigo,Winter,4.6,No,Free Shipping,No,Yes,6,Credit Card,Fortnightly
4527,22,Male,Dress,Accessories,78,Missouri,M,Cyan,Summer,4.0,No,Store Pickup,No,Yes,37,Cash,Weekly
4528,63,Female,Sneakers,Clothing,61,South Dakota,M,Olive,Summer,4.4,No,2-Day Shipping,No,No,21,Bank Transfer,Quarterly
4529,67,Male,Handbag,Accessories,16,Louisiana,S,Gray,Winter,2.8,Yes,Store Pickup,Yes,Yes,32,Venmo,Fortnightly
4530,51,Male,Sweater,Clothing,43,Massachusetts,L,Magenta,Spring,3.3,No,Free Shipping,Yes,No,15,Debit Card,Monthly
4531,22,Female,Hat,Clothing,102,Michigan,M,Purple,Spring,2.9,No,Next Day Air,No,No,33,Cash,Weekly
4532,49,Male,Hat,Outerwear,46,Illinois,XL,Charcoal,Winter,5.0,Yes,Store Pickup,No,No,30,Cash,Monthly
4533,45,Male,Belt,Accessories,86,Massachusetts,L,Cyan,Winter,4.3,No,Next Day Air,No,No,3,PayPal,Fortnightly
4534,67,Male,Belt,Accessories,78,Wisconsin,S,Brown,Summer,4.3,Yes,Standard,No,Yes,40,Bank Transfer,Every 3 Months
4535,41,Male,Sandals,Clothing,57,Alabama,M,Brown,Spring,2.9,No,Express,No,Yes,48,PayPal,Bi-Weekly
4536,48,Male,Pants,Footwear,57,Nebraska,M,Teal,Fall,3.3,No,Free Shipping,No,Yes,35,PayPal,Annually
4537,34,Male,Hat,Clothing,87,Florida,M,Charcoal,Spring,4.7,No,2-Day Shipping,Yes,No,22,PayPal,Annually
4538,56,Female,Sandals,Clothing,22,Mississippi,XL,Orange,Winter,4.3,No,Express,Yes,No,44,Cash,Annually
4539,41,Female,Dress,Footwear,85,Vermont,S,Indigo,Winter,2.8,No,Next Day Air,No,No,37,PayPal,Every 3 Months
4540,36,Male,Pants,Clothing,73,Wisconsin,M,Maroon,Winter,2.8,No,Next Day Air,No,No,5,Cash,Fortnightly
4541,24,Male,Handbag,Clothing,69,Arizona,M,Orange,Winter,2.6,No,Next Day Air,Yes,No,18,Venmo,Monthly
4542,25,Male,Hat,Outerwear,79,Missouri,M,Gold,Fall,,No,Free Shipping,No,No,1,Venmo,Quarterly
4543,53,Male,Gloves,Clothing,87,Nevada,M,Red,Summer,2.5,No,Express,No,No,7,Cash,Weekly
4544,61,Male,Sandals,Clothing,39,Illinois,L,Blue,Summer,4.3,Yes,Free Shipping,No,Yes,44,Bank Transfer,Fortnightly
4545,63,Female,Sunglasses,Clothing,85,California,L,Orange,Winter,3.5,No,2-Day Shipping,No,No,40,Cash,Monthly
4546,20,Male,Hat,Clothing,58,Montana,L,Olive,Fall,4.5,No,2-Day Shipping,Yes,Yes,41,Debit Card,Annually
4547,54,Male,Shirt,Clothing,32,West Virginia,M,Gray,Fall,3.4,No,Next Day Air,No,No,27,Bank Transfer,Fortnightly
4548,26,Male,Coat,Accessories,53,Hawaii,XL,Magenta,Spring,4.6,Yes,Next Day Air,No,No,22,Bank Transfer,Bi-Weekly
4549,23,Male,Hoodie,Accessories,37,New York,S,Pink,Summer,4.3,Yes,Express,No,Yes,16,Credit Card,Weekly
4550,56,Female,Sunglasses,Footwear,45,Alaska,S,Peach,Spring,3.5,Yes,Express,No,Yes,25,Venmo,Quarterly
4551,19,Male,Gloves,Footwear,67,Indiana,L,Beige,Spring,4.6,No,Standard,Yes,No,40,Venmo,Fortnightly
4552,23,Male,Sweater,Accessories,83,Washington,M,Silver,Winter,3.0,No,Free Shipping,Yes,Yes,42,PayPal,Bi-Weekly
4553,67,Female,Belt,Clothing,69,Virginia,M,Peach,Fall,4.8,No,Store Pickup,Yes,Yes,7,Cash,Monthly
4554,39,Female,Socks,Clothing,38,Wisconsin,M,Turquoise,Winter,3.0,Yes,2-Day Shipping,No,No,21,Debit Card,Quarterly
4555,56,Male,Coat,Footwear,41,Minnesota,XL,Cyan,Fall,5.0,No,Store Pickup,Yes,Yes,5,Credit Card,Every 3 Months
4556,61,Female,Scarf,Clothing,84,Nebraska,L,Silver,Summer,3.6,No,2-Day Shipping,No,Yes,17,Venmo,Annually
4557,64,Male,T-shirt,Footwear,42,Idaho,M,Violet,Spring,3.7,No,Store Pickup,Yes,No,30,Venmo,Quarterly
4558,29,Male,Coat,Footwear,33,Mississippi,M,Green,Fall,3.4,No,Express,No,No,22,Venmo,Monthly
4559,44,Male,Boots,Accessories,86,Texas,M,Violet,Spring,2.6,Yes,Store Pickup,No,Yes,49,Debit Card,Annually
4560,38,Male,Sunglasses,Accessories,44,Oregon,M,Violet,Winter,2.9,No,Free Shipping,Yes,No,31,Credit Card,Bi-Weekly
4561,55,Male,Sneakers,Clothing,31,Nebraska,XL,Silver,Winter,3.4,Yes,Next Day Air,Yes,Yes,41,Cash,Fortnightly
4562,62,Male,T-shirt,Clothing,28,Pennsylvania,S,Indigo,Spring,3.7,Yes,Free Shipping,Yes,Yes,5,Debit Card,Bi-Weekly
4563,64,Male,Boots,Clothing,58,Montana,M,Turquoise,Summer,3.3,No,Express,Yes,Yes,28,Venmo,Every 3 Months
4564,61,Male,Socks,Accessories,68,Wisconsin,XL,Cyan,Summer,4.2,No,Standard,No,No,37,Venmo,Monthly
4565,57,Male,Belt,Accessories,31,Iowa,L,Charcoal,Fall,4.1,No,Store Pickup,No,Yes,33,PayPal,Bi-Weekly
4566,20,Male,Jewelry,Outerwear,95,Ohio,M,Teal,Winter,4.7,No,Free Shipping,No,No,8,Cash,Quarterly
4567,30,Female,Gloves,Clothing,16,New Mexico,L,Gold,Winter,2.8,Yes,2-Day Shipping,Yes,No,41,Venmo,Annually
4568,51,Male,Jacket,Outerwear,44,Maine,M,Purple,Spring,3.7,Yes,Free Shipping,No,Yes,23,Credit Card,Bi-Weekly
4569,27,Female,Coat,Footwear,64,New Mexico,M,White,Spring,4.0,No,Standard,Yes,Yes,43,PayPal,Every 3 Months
4570,49,Female,Belt,Outerwear,95,Oklahoma,XL,Silver,Fall,2.7,No,Standard,No,Yes,21,Debit Card,Annually
4571,18,Female,Skirt,Clothing,52,New Mexico,S,Violet,Summer,4.9,No,Next Day Air,No,No,31,Cash,Weekly
4572,18,Female,Shirt,Clothing,78,Vermont,M,Lavender,Summer,2.6,No,Express,No,Yes,39,Debit Card,Annually
4573,55,Female,Jacket,Clothing,34,Colorado,L,Peach,Winter,4.4,No,Express,No,No,36,Cash,Annually
4574,70,Male,Hat,Clothing,86,Maryland,M,Brown,Fall,4.1,No,Express,No,Yes,3,Debit Card,Weekly
4575,43,Female,Socks,Clothing,101,New Hampshire,L,Black,Summer,2.6,No,Standard,Yes,Yes,21,Credit Card,Annually
4576,43,Male,Sneakers,Clothing,39,Missouri,M,Violet,Winter,4.0,Yes,Standard,No,Yes,36,Cash,Bi-Weekly
4577,52,Male,Sandals,Clothing,27,Oregon,L,Peach,Spring,4.5,No,2-Day Shipping,No,Yes,38,Credit Card,Annually
4578,28,Male,Sweater,Clothing,64,Montana,L,Teal,Fall,3.6,No,2-Day Shipping,Yes,No,41,PayPal,Annually
4579,58,Male,Shoes,Clothing,75,Nevada,M,Lavender,Spring,4.0,No,2-Day Shipping,Yes,No,6,Credit Card,Every 3 Months
4580,49,Female,Blouse,Outerwear,25,Hawaii,L,Violet,Winter,3.0,No,Store Pickup,Yes,No,35,Cash,Annually
4581,46,Male,Jewelry,Clothing,47,Louisiana,M,Beige,Winter,,No,Free Shipping,No,Yes,48,Debit Card,Bi-Weekly
4582,49,Male,Dress,Accessories,97,Maryland,M,Gray,Winter,4.3,No,Standard,No,Yes,13,Debit Card,Monthly
4583,41,Female,Sweater,Clothing,75,Pennsylvania,XL,Magenta,Winter,2.8,No,Next Day Air,No,No,25,PayPal,Weekly
4584,53,Male,Gloves,Clothing,90,West Virginia,S,Orange,Fall,3.0,No,2-Day Shipping,Yes,Yes,5,Debit Card,Weekly
4585,59,Male,Pants,Accessories,21,Washington,M,Magenta,Summer,4.0,No,2-Day Shipping,Yes,Yes,36,PayPal,Quarterly
4586,61,Male,Backpack,Accessories,61,Hawaii,M,Purple,Fall,3.8,Yes,2-Day Shipping,Yes,Yes,14,PayPal,Quarterly
4587,56,Female,Coat,Clothing,51,California,L,Lavender,Summer,4.7,Yes,Express,No,Yes,17,Venmo,Quarterly
4588,27,Male,Sweater,Clothing,77,Illinois,L,Purple,Fall,4.5,No,Express,No,No,39,Credit Card,Fortnightly
4589,66,Male,Coat,Accessories,92,Nevada,S,Peach,Fall,3.9,No,Next Day Air,Yes,Yes,46,PayPal,Quarterly
4590,43,Female,Shoes,Clothing,65,Delaware,L,White,Spring,3.5,No,Free Shipping,Yes,No,3,Cash,Annually
4591,36,Female,Sunglasses,Accessories,78,Wyoming,M,Blue,Spring,4.3,No,Express,Yes,Yes,16,Venmo,Bi-Weekly
4592,41,Female,Sunglasses,Accessories,93,West Virginia,M,White,Fall,3.0,No,Next Day Air,No,Yes,4,Credit Card,Monthly
4593,61,Male,Blouse,Footwear,91,Louisiana,XL,Cyan,Fall,4.8,No,Standard,Yes,No,15,Debit Card,Quarterly
4594,45,Male,Sneakers,Clothing,79,New Hampshire,S,White,Spring,4.9,No,Standard,Yes,Yes,24,Debit Card,Every 3 Months
4595,50,Male,Jacket,Clothing,29,Wisconsin,XL,Magenta,Spring,4.3,No,Store Pickup,No,No,47,PayPal,Monthly
4596,53,Female,Sandals,Clothing,72,Nebraska,XL,Turquoise,Spring,4.7,No,Next Day Air,No,No,5,Venmo,Every 3 Months
4597,43,Male,Blouse,Accessories,71,Wisconsin,S,Teal,Summer,4.2,Yes,Store Pickup,No,Yes,6,PayPal,Quarterly
4598,65,Male,Sweater,Clothing,66,Alaska,S,Turquoise,Summer,4.4,No,Store Pickup,No,No,26,Cash,Every 3 Months
4599,38,Female,Sunglasses,Footwear,56,Iowa,XL,Pink,Summer,4.6,No,Express,Yes,Yes,35,Credit Card,Annually
4600,24,Male,Dress,Footwear,79,Alaska,XL,Indigo,Spring,4.4,No,Free Shipping,No,No,41,Credit Card,Annually
4601,23,Male,Coat,Clothing,56,Illinois,L,Indigo,Fall,4.0,No,Free Shipping,No,Yes,50,Venmo,Annually
4602,46,Female,Sneakers,Outerwear,38,Arkansas,M,Beige,Summer,3.1,No,Next Day Air,Yes,Yes,3,Debit Card,Annually
4603,61,Male,Sneakers,Footwear,70,Nebraska,S,Cyan,Fall,4.7,Yes,Free Shipping,No,No,49,Bank Transfer,Every 3 Months
4604,25,Male,Gloves,Accessories,66,Vermont,L,Purple,Summer,4.7,No,Standard,Yes,Yes,43,Bank Transfer,Annually
4605,21,Male,Jacket,Clothing,84,Alaska,S,Magenta,Winter,3.8,No,Next Day Air,No,Yes,45,PayPal,Bi-Weekly
4606,54,Female,Blouse,Clothing,73,North Carolina,S,Violet,Fall,3.6,Yes,Standard,Yes,Yes,7,PayPal,Weekly
4607,51,Male,Shorts,Footwear,58,Maine,M,Blue,Summer,2.5,No,Free Shipping,Yes,Yes,33,PayPal,Fortnightly
4608,61,Female,Jewelry,Outerwear,30,Missouri,M,Gray,Summer,2.9,No,Next Day Air,Yes,No,3,Venmo,Weekly
4609,36,Male,Blouse,Clothing,16,Hawaii,M,Purple,Fall,3.7,No,Store Pickup,Yes,No,23,PayPal,Quarterly
4610,48,Female,Hoodie,Footwear,25,New York,L,Gold,Spring,3.4,Yes,Standard,No,No,6,Credit Card,Monthly
4611,58,Female,Scarf,Footwear,78,Connecticut,M,Purple,Fall,3.8,No,Express,Yes,Yes,4,Cash,Weekly
4612,65,Female,Handbag,Clothing,78,Connecticut,L,Blue,Summer,3.3,No,Free Shipping,Yes,Yes,6,PayPal,Every 3 Months
4613,34,Female,Socks,Accessories,44,Iowa,M,Indigo,Summer,2.9,No,2-Day Shipping,Yes,Yes,31,Venmo,Every 3 Months
4614,70,Female,Shirt,Accessories,54,Kansas,S,Silver,Spring,3.7,No,Store Pickup,Yes,Yes,46,Venmo,Quarterly
4615,24,Female,Socks,Accessories,72,Nebraska,S,White,Fall,3.3,Yes,Next Day Air,No,Yes,1,Credit Card,Bi-Weekly
4616,33,Male,Sunglasses,Clothing,67,Rhode Island,L,Teal,Spring,4.0,No,Express,Yes,No,49,Cash,Quarterly
4617,59,Female,Sunglasses,Clothing,90,Washington,M,Black,Winter,3.4,Yes,Express,Yes,Yes,36,Debit Card,Weekly
4618,27,Male,Boots,Clothing,95,Florida,M,Silver,Spring,4.2,No,Store Pickup,No,Yes,34,Bank Transfer,Bi-Weekly
4619,68,Female,Belt,Clothing,29,Delaware,L,Orange,Spring,3.6,No,2-Day Shipping,Yes,No,45,Venmo,Quarterly
4620,20,Male,Shorts,Accessories,103,Mississippi,L,Beige,Summer,3.1,No,Express,No,Yes,32,Debit Card,Quarterly
4621,37,Male,T-shirt,Accessories,91,North Carolina,S,Teal,Spring,4.6,Yes,Standard,No,No,15,Cash,Bi-Weekly
4622,67,Male,Coat,Clothing,66,California,L,Violet,Summer,2.8,No,Free Shipping,No,No,17,Bank Transfer,Quarterly
4623,53,Male,Scarf,Clothing,33,Nebraska,L,Turquoise,Fall,3.6,No,2-Day Shipping,No,No,2,Bank Transfer,Fortnightly
4624,53,Male,Skirt,Clothing,29,Oregon,L,Yellow,Fall,3.2,Yes,Express,Yes,Yes,40,PayPal,Weekly
4625,49,Male,Jewelry,Footwear,36,Indiana,M,Blue,Fall,3.6,No,Express,Yes,No,27,Cash,Annually
4626,62,Male,Scarf,Footwear,86,Hawaii,L,Purple,Winter,3.3,No,Store Pickup,No,No,14,Cash,Annually
4627,59,Male,Sandals,Clothing,48,Oklahoma,S,Gray,Fall,2.6,Yes,Express,Yes,Yes,33,Debit Card,Every 3 Months
4628,43,Male,Coat,Accessories,42,Ohio,XL,Cyan,Spring,4.0,Yes,Free Shipping,No,No,43,Credit Card,Bi-Weekly
4629,54,Female,Gloves,Clothing,34,Vermont,M,Orange,Spring,4.2,No,Standard,No,No,1,PayPal,Weekly
4630,37,Male,Sunglasses,Footwear,94,New Jersey,M,Orange,Spring,2.8,Yes,Express,No,No,24,Credit Card,Monthly
4631,69,Male,Shorts,Clothing,76,Iowa,M,Purple,Summer,3.7,Yes,Standard,No,Yes,5,Venmo,Every 3 Months
4632,35,Male,Hat,Footwear,53,Pennsylvania,M,Black,Spring,3.2,No,Store Pickup,No,No,34,Bank Transfer,Monthly
4633,66,Male,Socks,Clothing,67,Missouri,M,Olive,Summer,3.8,No,Standard,No,No,11,Debit Card,Fortnightly
4634,35,Male,Jacket,Accessories,25,Ohio,M,Pink,Fall,3.9,No,Next Day Air,No,No,36,Bank Transfer,Fortnightly
4635,46,Male,Hat,Accessories,69,Rhode Island,XL,Turquoise,Winter,3.2,No,Express,No,Yes,34,PayPal,Fortnightly
4636,41,Male,Boots,Outerwear,67,Louisiana,M,Pink,Summer,3.2,No,Standard,No,No,31,Credit Card,Bi-Weekly
4637,48,Male,Sneakers,Accessories,23,New York,L,Olive,Winter,4.1,No,Store Pickup,Yes,No,24,Debit Card,Annually
4638,60,Male,Scarf,Accessories,76,West Virginia,M,Teal,Spring,3.3,No,Store Pickup,Yes,Yes,36,PayPal,Fortnightly
4639,49,Male,Shorts,Accessories,36,Wisconsin,M,Turquoise,Winter,,No,Store Pickup,Yes,No,5,PayPal,Quarterly
4640,60,Male,Sweater,Accessories,43,New York,M,Red,Summer,5.0,No,Next Day Air,Yes,Yes,18,PayPal,Every 3 Months
4641,57,Male,Boots,Clothing,20,South Dakota,M,Lavender,Winter,4.8,No,Next Day Air,No,No,44,Bank Transfer,Monthly
4642,30,Female,T-shirt,Accessories,38,Connecticut,L,Lavender,Spring,4.1,No,Standard,Yes,No,33,Cash,Weekly
4643,43,Male,Socks,Accessories,76,Tennessee,S,Green,Spring,3.5,Yes,Store Pickup,No,No,25,Venmo,Quarterly
4644,26,Male,Pants,Footwear,64,Washington,M,Peach,Fall,2.7,No,Free Shipping,Yes,No,32,Debit Card,Monthly
4645,21,Male,Sweater,Clothing,93,Maryland,M,Pink,Summer,4.7,No,Express,Yes,No,27,Debit Card,Every 3 Months
4646,59,Female,Shorts,Clothing,70,Hawaii,M,Red,Summer,2.7,No,2-Day Shipping,No,Yes,45,Bank Transfer,Every 3 Months
4647,39,Male,Jacket,Accessories,39,Arizona,M,Green,Winter,3.0,No,Free Shipping,Yes,No,29,Venmo,Quarterly
4648,31,Female,Sandals,Clothing,101,New York,L,Peach,Summer,4.3,Yes,Express,Yes,No,21,Credit Card,Annually
4649,30,Female,Scarf,Clothing,50,North Dakota,M,Cyan,Spring,2.7,No,Next Day Air,Yes,Yes,21,Bank Transfer,Monthly
4650,58,Male,Belt,Footwear,97,Louisiana,M,White,Winter,3.1,No,2-Day Shipping,No,No,44,Bank Transfer,Quarterly
4651,68,Male,Sandals,Footwear,42,Minnesota,S,Black,Spring,5.0,No,2-Day Shipping,Yes,Yes,24,Cash,Weekly
4652,65,Male,Jeans,Clothing,45,Virginia,L,Indigo,Fall,4.9,No,Free Shipping,Yes,Yes,14,Credit Card,Monthly
4653,21,Male,Blouse,Accessories,34,Wyoming,M,Indigo,Summer,4.0,No,Express,No,No,23,Bank Transfer,Weekly
4654,69,Female,Sneakers,Clothing,72,Utah,L,Charcoal,Spring,3.7,No,Next Day Air,No,Yes,5,Venmo,Weekly
4655,27,Female,Backpack,Clothing,22,Hawaii,M,Red,Winter,4.7,No,Standard,No,Yes,31,PayPal,Fortnightly
4656,47,Female,Dress,Accessories,56,Rhode Island,L,Pink,Fall,2.8,Yes,2-Day Shipping,No,Yes,34,Cash,Every 3 Months
4657,40,Female,Boots,Accessories,48,Alaska,L,Beige,Winter,3.7,Yes,2-Day Shipping,Yes,No,19,Credit Card,Every 3 Months
4658,56,Male,Jeans,Outerwear,93,North Carolina,XL,Maroon,Fall,4.2,Yes,Free Shipping,Yes,No,41,Debit Card,Fortnightly
4659,61,Male,Jewelry,Clothing,100,Tennessee,M,Charcoal,Fall,4.2,No,Next Day Air,No,Yes,10,PayPal,Weekly
4660,63,Male,Shorts,Clothing,90,Kentucky,M,Orange,Fall,4.0,No,Next Day Air,No,Yes,17,Venmo,Quarterly
4661,35,Male,Jeans,Accessories,34,Illinois,L,Green,Spring,3.4,No,Next Day Air,No,Yes,10,Cash,Fortnightly
4662,66,Male,T-shirt,Clothing,50,Tennessee,L,Magenta,Spring,4.2,No,Standard,Yes,No,10,Debit Card,Quarterly
4663,33,Female,Socks,Outerwear,34,Virginia,L,Purple,Spring,3.7,No,Standard,Yes,No,25,Venmo,Weekly
4664,42,Male,Jewelry,Clothing,37,Virginia,L,Teal,Spring,2.7,No,Express,No,No,31,PayPal,Every 3 Months
4665,21,Male,Shoes,Outerwear,88,Tennessee,XL,Magenta,Spring,3.2,No,Free Shipping,No,No,24,Bank Transfer,Monthly
4666,61,Female,Jewelry,Footwear,38,New Jersey,S,Purple,Winter,2.7,Yes,Express,No,Yes,17,PayPal,Weekly
4667,64,Male,Jacket,Clothing,24,Indiana,L,Turquoise,Fall,4.3,No,Express,No,No,24,Credit Card,Bi-Weekly
4668,34,Male,Coat,Clothing,69,North Carolina,M,Purple,Fall,4.2,No,Next Day Air,No,Yes,28,Cash,Weekly
4669,38,Male,Gloves,Accessories,46,Hawaii,L,Orange,Fall,3.3,Yes,Store Pickup,Yes,No,33,PayPal,Monthly
4670,34,Female,Jewelry,Accessories,45,Alabama,M,Peach,Winter,4.4,Yes,Next Day Air,Yes,Yes,9,Debit Card,Quarterly
4671,39,Female,Sweater,Clothing,43,Minnesota,M,Violet,Winter,3.4,No,Store Pickup,No,No,26,Bank Transfer,Weekly
4672,59,Female,Blouse,Accessories,74,Pennsylvania,S,Gray,Fall,4.4,No,2-Day Shipping,No,No,45,Cash,Annually
4673,61,Male,Belt,Clothing,37,Kentucky,S,Peach,Summer,2.8,No,Next Day Air,Yes,No,28,PayPal,Bi-Weekly
4674,69,Female,Boots,Footwear,80,New Jersey,M,Turquoise,Fall,3.3,Yes,Standard,Yes,No,50,Cash,Monthly
4675,27,Male,Jeans,Accessories,26,Arizona,S,Silver,Fall,2.8,No,Free Shipping,Yes,No,24,Cash,Bi-Weekly
4676,66,Male,Skirt,Accessories,65,Indiana,M,Blue,Spring,2.8,No,Store Pickup,No,No,14,Credit Card,Annually
4677,31,Female,T-shirt,Clothing,40,Arizona,XL,Indigo,Summer,4.5,No,Express,No,Yes,18,Venmo,Fortnightly
4678,18,Female,Belt,Outerwear,36,Minnesota,S,Teal,Summer,2.7,Yes,Free Shipping,No,No,40,Venmo,Fortnightly
4679,39,Male,Jacket,Outerwear,41,Alaska,M,Brown,Summer,4.3,Yes,Next Day Air,No,No,3,Debit Card,Fortnightly
4680,38,Male,Sandals,Clothing,72,Florida,XL,Charcoal,Fall,2.6,No,Next Day Air,Yes,No,31,Bank Transfer,Weekly
4681,40,Male,Boots,Clothing,38,Massachusetts,M,Yellow,Winter,3.3,No,Standard,Yes,No,42,Debit Card,Annually
4682,37,Female,Backpack,Clothing,77,New York,M,Maroon,Spring,4.0,Yes,Standard,Yes,No,34,Debit Card,Bi-Weekly
4683,65,Male,Belt,Footwear,48,New Hampshire,L,Red,Spring,3.8,No,Standard,No,Yes,24,Cash,Quarterly
4684,58,Male,Dress,Accessories,38,Louisiana,XL,Indigo,Spring,4.7,No,Free Shipping,No,No,36,Cash,Bi-Weekly
4685,48,Male,Sunglasses,Clothing,56,Vermont,XL,Purple,Winter,4.6,No,Next Day Air,No,No,45,PayPal,Weekly
4686,41,Male,Shorts,Accessories,79,Arkansas,S,Orange,Fall,3.5,No,Next Day Air,Yes,Yes,3,Cash,Fortnightly
4687,35,Male,Hat,Clothing,35,Idaho,S,Black,Spring,4.3,No,Express,Yes,No,50,Credit Card,Annually
4688,67,Female,Sunglasses,Accessories,91,Nevada,L,Magenta,Spring,3.2,No,Express,No,Yes,5,PayPal,Fortnightly
4689,58,Female,Socks,Clothing,107,Wisconsin,M,Green,Winter,3.6,Yes,Express,Yes,No,16,PayPal,Every 3 Months
4690,29,Female,Jewelry,Clothing,36,Maryland,M,Black,Summer,3.0,Yes,Free Shipping,Yes,Yes,45,Venmo,Monthly
4691,26,Male,Sneakers,Clothing,68,Indiana,M,Yellow,Spring,2.6,No,Standard,No,Yes,31,Bank Transfer,Annually
4692,21,Male,Shirt,Clothing,84,Vermont,S,Lavender,Spring,3.0,No,Store Pickup,Yes,Yes,23,Venmo,Annually
4693,39,Female,Shirt,Clothing,17,West Virginia,M,Lavender,Spring,2.6,Yes,Next Day Air,Yes,Yes,39,Cash,Annually
4694,55,Female,Sunglasses,Clothing,46,Minnesota,M,Orange,Winter,3.7,Yes,Store Pickup,Yes,Yes,30,PayPal,Bi-Weekly
4695,52,Female,Shoes,Clothing,56,Iowa,M,Peach,Spring,2.9,No,Free Shipping,No,Yes,42,PayPal,Annually
4696,56,Female,Sweater,Clothing,15,Virginia,M,Pink,Winter,2.5,No,2-Day Shipping,No,Yes,1,PayPal,Every 3 Months
4697,32,Male,Gloves,Clothing,54,Idaho,L,Cyan,Winter,3.2,Yes,2-Day Shipping,No,No,24,Cash,Monthly
4698,45,Male,Socks,Accessories,102,Ohio,M,Maroon,Fall,2.7,Yes,Next Day Air,No,No,20,PayPal,Fortnightly
4699,25,Female,Pants,Footwear,43,Louisiana,S,Charcoal,Winter,4.7,No,Standard,Yes,No,37,PayPal,Monthly
4700,70,Male,Skirt,Footwear,83,Idaho,L,White,Spring,4.9,Yes,Standard,Yes,No,35,Cash,Fortnightly
4701,61,Male,Jeans,Footwear,73,Louisiana,M,Olive,Fall,2.9,No,Free Shipping,No,No,39,Debit Card,Bi-Weekly
4702,55,Female,Gloves,Clothing,73,West Virginia,XL,White,Summer,3.5,No,Store Pickup,Yes,No,14,Venmo,Quarterly
4703,42,Female,Shirt,Accessories,71,Vermont,L,Lavender,Summer,4.2,No,Express,No,Yes,5,Credit Card,Fortnightly
4704,57,Male,Shoes,Clothing,74,South Dakota,M,Black,Winter,,No,Express,No,No,27,PayPal,Quarterly
4705,64,Male,Sandals,Clothing,41,Connecticut,L,Beige,Summer,3.5,No,Store Pickup,Yes,No,4,Debit Card,Annually
4706,26,Male,Jacket,Outerwear,70,Virginia,L,Indigo,Fall,3.2,No,Store Pickup,No,No,21,PayPal,Monthly
4707,31,Male,Sneakers,Accessories,62,Georgia,L,Gold,Summer,3.5,Yes,2-Day Shipping,No,Yes,24,Cash,Every 3 Months
4708,36,Female,Hoodie,Clothing,50,Texas,XL,Pink,Winter,4.1,Yes,Free Shipping,Yes,No,45,Venmo,Fortnightly
4709,52,Male,T-shirt,Accessories,62,Maine,S,Black,Fall,4.6,No,Next Day Air,No,Yes,1,Venmo,Bi-Weekly
4710,37,Female,Scarf,Footwear,106,Colorado,L,Red,Spring,3.0,Yes,Store Pickup,No,Yes,45,Venmo,Monthly
4711,23,Male,Sunglasses,Clothing,42,Louisiana,M,Silver,Summer,2.5,No,Standard,Yes,No,46,Cash,Weekly
4712,40,Male,Backpack,Clothing,53,Colorado,L,Purple,Fall,4.2,No,Standard,Yes,No,37,Debit Card,Annually
4713,44,Female,Scarf,Clothing,38,Nevada,L,Violet,Winter,4.3,No,2-Day Shipping,Yes,Yes,46,Cash,Weekly
4714,30,Male,Gloves,Footwear,43,Tennessee,M,Peach,Winter,3.1,No,Express,No,Yes,41,Credit Card,Fortnightly
4715,68,Male,Shoes,Clothing,61,Washington,L,Brown,Fall,4.8,No,Free Shipping,Yes,No,24,PayPal,Weekly
4716,39,Male,Gloves,Outerwear,67,Pennsylvania,L,White,Spring,4.5,No,Standard,No,Yes,28,Bank Transfer,Weekly
4717,47,Male,Shoes,Accessories,49,Alaska,L,Beige,Spring,3.7,No,2-Day Shipping,No,Yes,34,Credit Card,Quarterly
4718,54,Male,Dress,Accessories,57,New York,M,Magenta,Fall,2.6,No,Standard,Yes,No,29,PayPal,Weekly
4719,58,Male,T-shirt,Clothing,59,Arizona,S,Indigo,Spring,2.9,Yes,Next Day Air,Yes,Yes,30,Bank Transfer,Monthly
4720,48,Male,Skirt,Clothing,78,New York,L,Purple,Winter,4.3,Yes,Express,No,Yes,3,Bank Transfer,Monthly
4721,63,Female,Sandals,Accessories,33,Minnesota,M,Green,Spring,4.3,Yes,Next Day Air,No,No,14,Debit Card,Quarterly
4722,49,Female,Shoes,Clothing,83,Nebraska,M,Orange,Spring,3.5,No,Free Shipping,Yes,Yes,49,Venmo,Weekly
4723,25,Male,Scarf,Accessories,91,Illinois,XL,Brown,Spring,2.8,No,Standard,Yes,No,44,PayPal,Monthly
4724,57,Male,Sneakers,Clothing,33,Maryland,M,Peach,Winter,4.7,Yes,Free Shipping,No,No,42,Cash,Quarterly
4725,68,Male,Handbag,Accessories,55,Texas,M,Indigo,Summer,4.7,No,Express,No,No,2,Debit Card,Weekly
4726,27,Female,Blouse,Footwear,88,New Mexico,L,Gold,Winter,4.0,No,Store Pickup,Yes,No,12,Credit Card,Quarterly
4727,61,Female,Sandals,Clothing,87,Texas,M,Gold,Summer,2.8,No,Standard,Yes,No,43,Venmo,Weekly
4728,55,Female,Blouse,Outerwear,74,New Mexico,L,Indigo,Fall,3.4,No,2-Day Shipping,No,No,2,Cash,Weekly
4729,51,Female,Shirt,Footwear,25,Virginia,S,Yellow,Summer,4.2,No,Standard,Yes,No,33,Debit Card,Quarterly
4730,35,Male,Shirt,Accessories,37,Kansas,M,Silver,Winter,2.7,No,Express,No,Yes,28,Bank Transfer,Annually
4731,39,Male,Skirt,Clothing,41,South Carolina,M,Peach,Winter,3.8,No,Express,No,Yes,5,Cash,Every 3 Months
4732,52,Male,Sneakers,Footwear,81,Virginia,M,Gold,Spring,2.9,No,2-Day Shipping,Yes,No,4,Debit Card,Quarterly
4733,69,Female,Handbag,Clothing,58,Idaho,S,Violet,Winter,4.9,Yes,Standard,No,Yes,48,Debit Card,Weekly
4734,36,Male,Skirt,Accessories,67,Ohio,M,Gray,Spring,4.7,No,Express,Yes,Yes,10,Debit Card,Quarterly
4735,54,Male,Shirt,Accessories,34,Montana,M,Maroon,Summer,4.7,No,Standard,Yes,Yes,25,Credit Card,Fortnightly
4736,34,Male,Boots,Outerwear,65,New York,L,Gold,Spring,2.8,No,Next Day Air,No,No,30,PayPal,Quarterly
4737,43,Male,Blouse,Clothing,46,Delaware,M,Lavender,Fall,3.3,No,2-Day Shipping,Yes,No,8,Debit Card,Quarterly
4738,43,Male,Shorts,Outerwear,67,Arizona,M,Cyan,Fall,2.7,No,Standard,No,Yes,30,PayPal,Every 3 Months
4739,23,Male,Blouse,Clothing,46,California,M,Green,Winter,2.9,Yes,Standard,No,Yes,49,Bank Transfer,Bi-Weekly
4740,32,Male,Sweater,Footwear,57,Hawaii,M,Orange,Spring,4.8,Yes,Express,Yes,No,17,Debit Card,Monthly
4741,64,Male,Jacket,Accessories,30,North Dakota,L,Violet,Fall,4.6,No,2-Day Shipping,Yes,No,26,Bank Transfer,Monthly
4742,35,Male,Scarf,Accessories,59,Pennsylvania,S,Lavender,Winter,4.9,No,Free Shipping,Yes,Yes,10,Debit Card,Bi-Weekly
4743,38,Male,T-shirt,Footwear,30,Minnesota,XL,Teal,Summer,2.8,No,Express,Yes,Yes,6,PayPal,Quarterly
4744,62,Male,Blouse,Clothing,48,Massachusetts,M,Peach,Spring,4.1,No,Free Shipping,Yes,Yes,10,Venmo,Every 3 Months
4745,30,Male,Coat,Accessories,25,Montana,M,White,Summer,2.5,No,Next Day Air,No,No,22,Cash,Quarterly
4746,52,Male,Socks,Accessories,36,Florida,S,Teal,Spring,2.7,No,Next Day Air,No,Yes,43,PayPal,Weekly
4747,69,Female,Jewelry,Accessories,47,Vermont,M,Green,Spring,4.2,No,Express,Yes,No,15,PayPal,Every 3 Months
4748,36,Female,Sneakers,Clothing,21,Idaho,M,Indigo,Spring,3.5,No,Next Day Air,Yes,Yes,19,Cash,Fortnightly
4749,54,Female,Coat,Clothing,99,Indiana,M,Orange,Summer,3.7,No,Store Pickup,Yes,No,21,Bank Transfer,Quarterly
4750,64,Female,Belt,Accessories,42,New Mexico,M,Lavender,Summer,3.3,No,Next Day Air,Yes,Yes,36,Cash,Every 3 Months
4751,59,Male,Socks,Footwear,59,Iowa,M,Blue,Spring,3.6,No,Next Day Air,No,No,8,Debit Card,Every 3 Months
4752,24,Male,Jewelry,Clothing,99,New Mexico,M,Black,Summer,4.6,No,Free Shipping,No,No,4,Bank Transfer,Fortnightly
4753,30,Male,Shoes,Outerwear,66,Alaska,L,Lavender,Winter,3.0,No,2-Day Shipping,No,Yes,15,Credit Card,Monthly
4754,69,Male,Sweater,Clothing,46,Vermont,M,Orange,Spring,4.2,No,Next Day Air,Yes,Yes,31,Debit Card,Monthly
4755,41,Male,Boots,Clothing,42,Minnesota,L,Silver,Winter,4.4,No,Standard,Yes,No,18,Cash,Fortnightly
4756,70,Male,Sandals,Clothing,60,Florida,L,Green,Spring,4.2,No,Standard,Yes,Yes,4,Debit Card,Monthly
4757,36,Male,Gloves,Accessories,82,Iowa,S,Magenta,Winter,3.9,Yes,Free Shipping,No,No,13,Credit Card,Weekly
4758,51,Female,Sweater,Accessories,70,Oklahoma,M,White,Spring,2.6,Yes,2-Day Shipping,No,No,16,Debit Card,Bi-Weekly
4759,24,Male,Shoes,Clothing,91,Colorado,M,Violet,Spring,4.1,Yes,Next Day Air,No,Yes,16,Credit Card,Fortnightly
4760,38,Female,Scarf,Accessories,43,New Mexico,M,Indigo,Fall,3.4,Yes,Express,Yes,Yes,35,Credit Card,Weekly
4761,30,Female,Sandals,Clothing,64,Colorado,M,Peach,Spring,4.8,No,Free Shipping,No,Yes,24,Cash,Bi-Weekly
4762,39,Male,Scarf,Clothing,40,Massachusetts,L,Yellow,Summer,3.0,Yes,Free Shipping,Yes,Yes,37,Debit Card,Fortnightly
4763,42,Male,Hoodie,Clothing,89,Missouri,M,Indigo,Fall,3.0,Yes,Express,Yes,Yes,15,Venmo,Fortnightly
4764,54,Male,Jacket,Accessories,82,Mississippi,S,Orange,Winter,2.7,No,2-Day Shipping,Yes,Yes,34,Credit Card,Annually
4765,39,Male,Jacket,Accessories,94,Ohio,L,Charcoal,Winter,,No,2-Day Shipping,Yes,No,13,Bank Transfer,Quarterly
4766,19,Male,Gloves,Clothing,48,Nevada,S,Orange,Spring,4.0,Yes,2-Day Shipping,No,No,1,Credit Card,Bi-Weekly
4767,42,Male,Scarf,Accessories,78,Illinois,S,Lavender,Fall,2.6,No,2-Day Shipping,Yes,No,17,Debit Card,Fortnightly
4768,48,Male,Socks,Accessories,34,Tennessee,XL,White,Winter,3.7,No,Store Pickup,Yes,No,15,Venmo,Fortnightly
4769,50,Male,Backpack,Clothing,32,Hawaii,L,Indigo,Summer,4.7,No,Standard,No,Yes,39,Cash,Every 3 Months
4770,70,Male,Sweater,Clothing,102,Connecticut,M,Charcoal,Winter,4.2,No,2-Day Shipping,Yes,Yes,24,Debit Card,Bi-Weekly
4771,20,Male,Shirt,Footwear,68,South Dakota,M,Beige,Fall,4.0,No,Next Day Air,Yes,Yes,13,Cash,Monthly
4772,50,Male,Sunglasses,Clothing,44,Utah,S,Red,Fall,3.3,No,2-Day Shipping,Yes,No,10,Venmo,Monthly
4773,37,Female,Sneakers,Footwear,25,New York,S,Olive,Summer,4.6,No,Standard,No,Yes,2,Venmo,Quarterly
4774,50,Male,Jewelry,Clothing,65,Idaho,M,Lavender,Winter,2.9,No,Store Pickup,Yes,Yes,37,Bank Transfer,Quarterly
4775,20,Male,Shoes,Clothing,39,North Dakota,M,Pink,Spring,5.0,No,2-Day Shipping,No,No,19,Cash,Monthly
4776,33,Male,Hoodie,Clothing,68,New Jersey,M,Olive,Summer,4.8,No,2-Day Shipping,No,Yes,50,PayPal,Every 3 Months
4777,19,Male,Belt,Clothing,31,Ohio,M,Black,Fall,4.7,No,Standard,No,Yes,40,PayPal,Monthly
4778,58,Male,Socks,Outerwear,46,New Jersey,M,Blue,Winter,2.8,No,Standard,Yes,Yes,1,Cash,Monthly
4779,21,Male,Sneakers,Accessories,70,Alabama,L,Silver,Fall,2.6,No,Next Day Air,No,No,22,PayPal,Quarterly
4780,66,Male,Jeans,Outerwear,48,West Virginia,S,Red,Fall,4.0,Yes,2-Day Shipping,No,No,49,Credit Card,Quarterly
4781,38,Female,Jacket,Clothing,69,Alabama,L,Teal,Winter,3.1,No,Store Pickup,No,Yes,31,Venmo,Bi-Weekly
4782,41,Female,Jewelry,Clothing,47,Vermont,M,Maroon,Fall,4.0,No,Store Pickup,Yes,Yes,14,Debit Card,Fortnightly
4783,30,Female,Hoodie,Clothing,61,New Mexico,M,Maroon,Fall,2.8,No,2-Day Shipping,Yes,Yes,19,PayPal,Weekly
4784,32,Male,Pants,Accessories,25,Kansas,L,Beige,Spring,3.1,No,Standard,No,Yes,22,Venmo,Annually
4785,29,Female,Sweater,Outerwear,89,Missouri,M,Lavender,Fall,2.8,Yes,Store Pickup,Yes,No,30,PayPal,Weekly
4786,49,Female,Sandals,Accessories,73,Florida,S,Gray,Spring,4.0,Yes,Standard,No,Yes,1,Venmo,Fortnightly
4787,59,Female,Hat,Accessories,84,Utah,S,Lavender,Winter,2.7,Yes,Express,No,No,20,Cash,Every 3 Months
4788,28,Male,Sandals,Outerwear,85,Alaska,M,Blue,Summer,4.1,No,Standard,No,Yes,44,Cash,Fortnightly
4789,61,Male,Dress,Accessories,21,Wyoming,M,Peach,Fall,3.1,Yes,Store Pickup,No,No,46,Cash,Bi-Weekly
4790,25,Male,Gloves,Clothing,30,Idaho,M,Orange,Winter,2.6,No,2-Day Shipping,No,Yes,6,PayPal,Annually
4791,40,Male,Blouse,Footwear,74,New York,M,Green,Spring,4.8,No,Express,No,Yes,25,PayPal,Annually
4792,26,Male,Backpack,Clothing,101,California,L,Red,Winter,3.3,No,Standard,No,Yes,37,PayPal,Quarterly
4793,49,Male,Shirt,Accessories,36,Utah,M,Orange,Fall,3.9,No,2-Day Shipping,Yes,Yes,2,Credit Card,Weekly
4794,51,Male,Coat,Accessories,24,Wyoming,L,White,Winter,2.8,No,Free Shipping,No,Yes,6,Credit Card,Weekly
4795,66,Female,Socks,Accessories,40,Vermont,L,Olive,Summer,3.8,No,Standard,No,Yes,43,Venmo,Quarterly
4796,29,Female,Handbag,Accessories,63,Indiana,L,Indigo,Summer,2.5,No,Free Shipping,No,No,36,Cash,Fortnightly
4797,32,Male,Boots,Clothing,47,Wisconsin,S,Pink,Spring,3.3,Yes,2-Day Shipping,No,No,36,Venmo,Monthly
4798,41,Male,Sunglasses,Clothing,42,Missouri,M,Indigo,Summer,3.5,Yes,Express,No,No,39,Bank Transfer,Annually
4799,46,Male,Coat,Clothing,103,Texas,L,Silver,Winter,2.5,No,Standard,Yes,No,3,Cash,Quarterly
4800,39,Male,Belt,Clothing,101,Massachusetts,L,Orange,Summer,3.4,Yes,Express,No,Yes,39,PayPal,Quarterly
4801,35,Male,Hat,Footwear,79,South Carolina,L,Turquoise,Summer,3.8,Yes,Express,Yes,Yes,35,Cash,Every 3 Months
4802,33,Male,Dress,Footwear,54,Indiana,S,Magenta,Summer,3.9,No,Free Shipping,No,No,17,Debit Card,Fortnightly
4803,42,Male,T-shirt,Accessories,76,West Virginia,M,Silver,Summer,3.9,No,Next Day Air,Yes,No,39,Cash,Fortnightly
4804,61,Male,Jeans,Accessories,88,California,S,Maroon,Fall,5.0,No,Store Pickup,Yes,Yes,42,Credit Card,Weekly
4805,61,Male,Jewelry,Footwear,21,Kentucky,XL,Pink,Summer,3.3,No,Next Day Air,No,No,44,PayPal,Every 3 Months
4806,34,Male,Dress,Footwear,33,Illinois,M,Green,Spring,2.6,Yes,Next Day Air,No,No,25,Cash,Fortnightly
4807,56,Male,Socks,Clothing,94,West Virginia,L,Lavender,Winter,3.2,No,Standard,Yes,No,14,Debit Card,Fortnightly
4808,59,Male,T-shirt,Footwear,47,Tennessee,M,Black,Fall,4.9,No,Standard,Yes,No,21,Bank Transfer,Bi-Weekly
4809,47,Female,Shoes,Footwear,43,Ohio,L,Cyan,Fall,4.0,Yes,Express,Yes,No,10,Venmo,Weekly
4810,56,Male,Gloves,Clothing,101,Utah,M,Brown,Summer,3.8,No,2-Day Shipping,Yes,Yes,26,Cash,Annually
4811,54,Male,Belt,Accessories,80,West Virginia,L,Maroon,Fall,4.1,Yes,Standard,No,No,30,Debit Card,Annually
4812,62,Female,Shirt,Clothing,29,Georgia,L,White,Winter,3.9,No,Next Day Air,Yes,Yes,36,Cash,Every 3 Months
4813,40,Male,Socks,Clothing,84,Louisiana,L,Gold,Summer,4.2,No,Store Pickup,Yes,No,34,Debit Card,Weekly
4814,69,Male,Socks,Clothing,72,Nebraska,XL,Gold,Fall,4.0,No,Store Pickup,Yes,Yes,15,Credit Card,Annually
4815,57,Male,Shirt,Accessories,68,Massachusetts,XL,Teal,Summer,3.0,No,Standard,No,No,1,Debit Card,Quarterly
4816,47,Male,Sandals,Clothing,49,Indiana,L,Gray,Winter,3.6,Yes,Next Day Air,No,Yes,36,Venmo,Monthly
4817,24,Male,Skirt,Accessories,44,Mississippi,M,Yellow,Winter,3.7,No,Free Shipping,Yes,Yes,16,Cash,Annually
4818,58,Male,Hoodie,Accessories,89,Oklahoma,M,Green,Winter,3.0,No,Standard,No,No,48,Cash,Every 3 Months
4819,68,Male,Sweater,Accessories,36,Montana,L,Beige,Fall,3.2,No,2-Day Shipping,No,No,48,Cash,Fortnightly
4820,38,Male,Sunglasses,Accessories,45,South Dakota,M,Black,Summer,3.5,Yes,2-Day Shipping,No,No,35,Credit Card,Weekly
4821,62,Male,Hoodie,Footwear,92,North Carolina,S,Gray,Spring,4.8,No,Next Day Air,Yes,No,49,Venmo,Quarterly
4822,38,Female,Shirt,Outerwear,23,New Hampshire,L,Cyan,Summer,2.6,No,Next Day Air,No,Yes,29,Cash,Every 3 Months
4823,31,Female,Shorts,Clothing,67,Montana,M,Red,Summer,3.6,No,Express,No,No,37,Bank Transfer,Quarterly
4824,31,Male,T-shirt,Footwear,29,New Mexico,L,Brown,Spring,4.2,No,2-Day Shipping,No,No,37,Debit Card,Monthly
4825,53,Female,Coat,Clothing,60,Massachusetts,XL,Black,Fall,2.5,No,Next Day Air,Yes,No,28,PayPal,Every 3 Months
4826,29,Male,Hat,Clothing,18,Idaho,S,Black,Fall,4.8,Yes,Express,No,Yes,23,Bank Transfer,Quarterly
4827,51,Male,Sandals,Accessories,43,Illinois,XL,Green,Summer,3.0,No,Express,Yes,No,31,Debit Card,Quarterly
4828,70,Male,Sandals,Accessories,91,Illinois,S,Beige,Summer,4.6,Yes,Free Shipping,No,Yes,12,Bank Transfer,Fortnightly
4829,33,Male,Sunglasses,Footwear,73,Alaska,L,Blue,Spring,3.9,No,Next Day Air,No,Yes,10,Venmo,Quarterly
4830,68,Male,Sneakers,Footwear,37,New York,L,Lavender,Spring,3.4,No,Free Shipping,No,Yes,14,Venmo,Annually
4831,62,Female,Skirt,Clothing,33,South Carolina,S,Cyan,Summer,,Yes,Next Day Air,No,No,48,Venmo,Weekly
4832,62,Female,Shorts,Clothing,71,North Dakota,M,Maroon,Fall,4.1,No,2-Day Shipping,Yes,No,5,Cash,Bi-Weekly
4833,54,Female,Shirt,Accessories,34,Hawaii,M,Pink,Summer,2.8,No,Express,No,Yes,44,Venmo,Every 3 Months
4834,42,Female,Blouse,Clothing,62,Massachusetts,L,Red,Winter,4.8,No,Express,Yes,No,50,Debit Card,Annually
4835,24,Male,T-shirt,Accessories,102,Texas,M,Turquoise,Fall,4.2,Yes,Store Pickup,No,Yes,32,Venmo,Bi-Weekly
4836,27,Female,Coat,Outerwear,36,North Carolina,XL,Black,Spring,3.1,No,Store Pickup,Yes,Yes,36,Venmo,Every 3 Months
4837,57,Female,Shoes,Clothing,95,North Dakota,L,Black,Winter,4.9,No,Standard,No,No,25,PayPal,Annually
4838,45,Male,Jacket,Clothing,44,Wyoming,L,Pink,Spring,4.0,Yes,Express,No,No,39,Venmo,Weekly
4839,67,Female,Skirt,Footwear,51,Oklahoma,S,Magenta,Spring,3.3,Yes,Store Pickup,No,No,2,Credit Card,Weekly
4840,23,Male,Sneakers,Clothing,67,Nevada,M,Magenta,Winter,4.1,No,Express,Yes,No,20,Credit Card,Every 3 Months
4841,63,Female,Sandals,Accessories,82,Alabama,S,Olive,Summer,3.2,Yes,Store Pickup,No,No,8,Bank Transfer,Annually
4842,22,Male,Shoes,Footwear,89,Montana,M,Yellow,Spring,4.8,No,Store Pickup,Yes,Yes,28,Credit Card,Weekly
4843,42,Male,Socks,Accessories,80,South Dakota,M,Gold,Winter,4.3,No,Express,Yes,No,14,Credit Card,Monthly
4844,50,Male,Shirt,Clothing,25,Georgia,M,Cyan,Winter,3.9,No,Next Day Air,Yes,No,4,Cash,Annually
4845,59,Male,Boots,Accessories,38,Kentucky,L,Brown,Winter,4.0,Yes,Store Pickup,No,No,30,Cash,Every 3 Months
4846,36,Male,Sweater,Accessories,35,South Carolina,M,Beige,Spring,4.9,Yes,Standard,No,No,13,Credit Card,Quarterly
4847,40,Male,Handbag,Accessories,51,Missouri,M,Cyan,Summer,4.8,Yes,Free Shipping,Yes,Yes,39,Credit Card,Annually
4848,23,Male,Sweater,Clothing,34,Wisconsin,XL,Magenta,Spring,4.9,No,Free Shipping,Yes,No,37,Credit Card,Monthly
4849,62,Female,Coat,Accessories,24,North Carolina,L,Green,Summer,3.4,No,Free Shipping,No,Yes,26,PayPal,Weekly
4850,55,Female,Hat,Clothing,40,Washington,L,Magenta,Summer,3.2,No,Next Day Air,Yes,No,23,Credit Card,Quarterly
4851,39,Male,T-shirt,Footwear,85,Wyoming,M,Violet,Winter,2.6,Yes,Express,Yes,Yes,41,Bank Transfer,Monthly
4852,47,Male,Hoodie,Clothing,86,South Dakota,M,White,Fall,2.8,No,Express,No,Yes,29,Debit Card,Fortnightly
4853,44,Female,Boots,Clothing,28,Idaho,M,Blue,Summer,4.0,Yes,Standard,No,No,47,Venmo,Bi-Weekly
4854,46,Male,Jeans,Accessories,74,Texas,M,Brown,Summer,2.5,No,Express,Yes,Yes,11,PayPal,Every 3 Months
4855,38,Male,Backpack,Accessories,28,Wisconsin,M,Lavender,Fall,3.0,No,Free Shipping,Yes,Yes,3,Credit Card,Weekly
4856,56,Female,Jacket,Accessories,21,Maryland,S,Blue,Winter,4.2,No,Free Shipping,No,No,4,Venmo,Bi-Weekly
4857,67,Male,Pants,Outerwear,43,Nevada,L,Silver,Spring,4.1,Yes,Next Day Air,Yes,No,43,Bank Transfer,Every 3 Months
4858,64,Female,Handbag,Footwear,104,California,L,Blue,Spring,3.2,No,Express,No,No,50,PayPal,Fortnightly
4859,22,Male,Shorts,Footwear,16,Montana,L,Peach,Spring,4.6,No,Store Pickup,No,No,19,Venmo,Every 3 Months
4860,54,Male,Sunglasses,Footwear,14,Utah,M,Beige,Fall,3.2,Yes,Express,Yes,No,5,Debit Card,Every 3 Months
4861,33,Male,Jacket,Footwear,54,Connecticut,S,Orange,Spring,4.1,No,2-Day Shipping,No,No,4,PayPal,Every 3 Months
4862,34,Male,Shorts,Outerwear,58,Oregon,M,Beige,Summer,4.8,No,Next Day Air,Yes,Yes,35,Credit Card,Monthly
4863,57,Female,Gloves,Accessories,102,Wisconsin,L,Black,Spring,4.1,Yes,Express,Yes,No,14,Cash,Every 3 Months
4864,60,Female,Shorts,Accessories,90,California,M,Silver,Fall,3.2,No,Standard,Yes,No,20,Credit Card,Bi-Weekly
4865,50,Male,Hoodie,Clothing,47,Maryland,M,Teal,Summer,,No,Standard,No,Yes,20,Venmo,Quarterly
4866,67,Female,Backpack,Clothing,95,South Carolina,L,Charcoal,Summer,4.2,No,Store Pickup,No,Yes,21,Debit Card,Monthly
4867,38,Male,Shoes,Accessories,44,California,L,Violet,Fall,4.9,No,Free Shipping,Yes,No,36,Cash,Bi-Weekly
4868,69,Male,Pants,Outerwear,72,Texas,L,White,Summer,2.6,No,Next Day Air,No,No,45,Cash,Every 3 Months
4869,21,Female,Hat,Clothing,71,Kentucky,L,Charcoal,Fall,5.0,No,Store Pickup,No,No,14,Debit Card,Fortnightly
4870,64,Male,Handbag,Accessories,99,Washington,L,Gray,Winter,4.6,No,Free Shipping,No,No,37,Debit Card,Every 3 Months
4871,38,Male,Blouse,Clothing,49,Texas,S,Magenta,Summer,4.4,No,2-Day Shipping,Yes,No,38,Bank Transfer,Fortnightly
4872,49,Male,Blouse,Clothing,82,South Carolina,S,Turquoise,Winter,4.4,Yes,Next Day Air,No,No,24,Venmo,Weekly
4873,68,Male,Belt,Outerwear,35,North Dakota,L,Cyan,Winter,3.0,Yes,Next Day Air,Yes,Yes,43,Credit Card,Annually
4874,63,Female,Blouse,Clothing,80,Vermont,M,Teal,Winter,2.9,No,Standard,Yes,No,36,Cash,Every 3 Months
4875,60,Male,Blouse,Outerwear,30,Wyoming,M,Indigo,Winter,2.7,No,Free Shipping,No,Yes,18,Venmo,Bi-Weekly
4876,31,Male,Coat,Accessories,88,Ohio,L,Peach,Spring,5.0,No,Free Shipping,No,No,25,Cash,Quarterly
4877,32,Male,Sweater,Outerwear,97,Nebraska,L,Lavender,Fall,3.2,Yes,Next Day Air,No,No,11,Cash,Monthly
4878,59,Male,Dress,Footwear,48,Montana,M,White,Spring,4.5,Yes,Free Shipping,No,Yes,39,PayPal,Monthly
4879,53,Male,Blouse,Accessories,76,California,L,Pink,Summer,4.3,No,Next Day Air,No,No,19,Debit Card,Monthly
4880,26,Male,Pants,Footwear,96,Vermont,XL,Violet,Spring,3.1,No,Free Shipping,Yes,No,15,Bank Transfer,Monthly
4881,28,Female,Hoodie,Clothing,64,Illinois,S,Yellow,Summer,2.9,No,Express,No,No,3,Cash,Monthly
4882,61,Male,Skirt,Clothing,74,Georgia,S,Black,Winter,2.6,Yes,Express,No,No,29,Credit Card,Quarterly
4883,29,Female,Belt,Clothing,86,Maine,S,Gold,Spring,4.9,Yes,Standard,Yes,No,28,PayPal,Fortnightly
4884,22,Female,Sweater,Clothing,83,California,M,Teal,Fall,4.3,No,Next Day Air,No,Yes,26,Credit Card,Every 3 Months
4885,68,Male,Blouse,Clothing,28,Georgia,S,Yellow,Summer,2.9,No,2-Day Shipping,Yes,No,47,Credit Card,Fortnightly
4886,23,Male,Jacket,Clothing,18,Arizona,M,Purple,Winter,3.4,Yes,Store Pickup,No,Yes,26,Bank Transfer,Bi-Weekly
4887,32,Male,Backpack,Outerwear,18,Missouri,M,Blue,Winter,3.0,No,Next Day Air,No,Yes,40,Bank Transfer,Monthly
4888,31,Male,Blouse,Outerwear,56,Delaware,L,Magenta,Spring,4.9,No,Standard,Yes,Yes,40,Cash,Fortnightly
4889,39,Male,Dress,Outerwear,63,Vermont,L,Indigo,Summer,4.7,Yes,Free Shipping,No,No,38,Debit Card,Bi-Weekly
4890,26,Female,Coat,Accessories,83,Louisiana,M,Orange,Winter,2.5,No,Next Day Air,Yes,No,50,Credit Card,Fortnightly
4891,30,Male,Blouse,Clothing,107,Utah,S,Cyan,Spring,3.0,No,Store Pickup,Yes,Yes,18,Bank Transfer,Bi-Weekly
4892,47,Male,Hoodie,Footwear,104,Iowa,S,Silver,Fall,3.7,No,2-Day Shipping,No,No,30,PayPal,Bi-Weekly
4893,31,Female,Sneakers,Clothing,86,Alabama,L,Gray,Winter,3.9,Yes,2-Day Shipping,Yes,No,41,Bank Transfer,Fortnightly
4894,52,Male,Gloves,Clothing,39,North Dakota,L,Silver,Winter,4.5,No,Free Shipping,No,Yes,30,Credit Card,Monthly
4895,57,Female,Scarf,Accessories,76,Florida,S,Beige,Spring,3.0,No,Standard,Yes,No,3,Credit Card,Every 3 Months
4896,66,Male,Shoes,Clothing,86,Virginia,S,Magenta,Spring,4.1,No,Free Shipping,No,No,2,Bank Transfer,Quarterly
4897,23,Male,Hat,Accessories,60,Washington,S,Gold,Fall,5.0,No,Free Shipping,No,No,5,Debit Card,Monthly
4898,22,Female,Shirt,Accessories,32,Hawaii,S,Peach,Winter,4.1,No,Next Day Air,No,No,35,Debit Card,Bi-Weekly
4899,31,Male,Jeans,Footwear,51,Pennsylvania,M,Beige,Summer,2.7,No,Next Day Air,No,Yes,26,Credit Card,Every 3 Months
4900,50,Male,T-shirt,Accessories,65,Pennsylvania,M,Yellow,Winter,3.5,Yes,Next Day Air,Yes,No,42,Cash,Annually
4901,26,Male,Scarf,Clothing,55,Rhode Island,M,Red,Summer,3.1,Yes,Store Pickup,No,No,6,Credit Card,Annually
4902,24,Male,Blouse,Clothing,38,Connecticut,M,Magenta,Fall,4.8,No,Next Day Air,No,No,26,PayPal,Weekly
4903,34,Female,Gloves,Footwear,55,Delaware,M,Turquoise,Spring,3.0,No,Next Day Air,No,Yes,14,Venmo,Quarterly
4904,48,Male,Sunglasses,Clothing,42,Connecticut,M,Brown,Spring,5.0,No,Standard,Yes,Yes,17,Credit Card,Monthly
4905,70,Male,Dress,Footwear,74,Alaska,L,Charcoal,Summer,2.8,No,Next Day Air,Yes,Yes,26,PayPal,Bi-Weekly
4906,53,Male,Dress,Outerwear,17,Missouri,L,Turquoise,Spring,3.7,No,Standard,No,No,49,Venmo,Bi-Weekly
4907,18,Male,Shoes,Footwear,35,South Carolina,S,Yellow,Spring,3.3,No,2-Day Shipping,Yes,Yes,38,PayPal,Annually
4908,55,Female,Backpack,Clothing,46,Vermont,L,Violet,Summer,5.0,Yes,Standard,No,Yes,12,Credit Card,Every 3 Months
4909,27,Female,Boots,Clothing,90,South Dakota,M,Green,Summer,4.0,Yes,Standard,No,No,37,Debit Card,Monthly
4910,41,Male,Dress,Clothing,40,New Jersey,M,Indigo,Spring,4.0,No,Store Pickup,Yes,Yes,11,Cash,Monthly
4911,61,Male,Hoodie,Accessories,38,Nebraska,M,Blue,Winter,4.8,Yes,2-Day Shipping,No,No,32,PayPal,Fortnightly
4912,31,Female,Dress,Clothing,39,California,M,Turquoise,Winter,3.7,No,Store Pickup,No,Yes,32,Debit Card,Annually
4913,63,Female,Jacket,Footwear,74,Delaware,S,Gray,Summer,3.6,Yes,Next Day Air,Yes,Yes,10,PayPal,Monthly
4914,59,Male,Handbag,Footwear,23,Maryland,S,Gold,Summer,3.3,No,Next Day Air,Yes,No,4,Cash,Annually
4915,22,Male,Belt,Outerwear,90,Arizona,L,Purple,Spring,4.7,Yes,2-Day Shipping,No,No,46,PayPal,Weekly
4916,50,Male,Handbag,Clothing,39,Hawaii,L,Silver,Summer,4.7,No,Free Shipping,No,No,8,Credit Card,Every 3 Months
4917,54,Male,Skirt,Clothing,19,Oregon,XL,Gold,Spring,3.6,Yes,2-Day Shipping,No,No,5,Credit Card,Monthly
4918,51,Female,Jeans,Footwear,35,Hawaii,M,Brown,Fall,4.3,No,Free Shipping,No,Yes,34,Debit Card,Monthly
4919,55,Male,Shirt,Outerwear,80,Rhode Island,M,Pink,Fall,4.5,No,Free Shipping,No,Yes,46,Credit Card,Monthly
4920,44,Male,Boots,Accessories,83,Delaware,S,Purple,Spring,2.7,Yes,Express,Yes,Yes,21,Venmo,Annually
4921,23,Male,Sneakers,Accessories,74,Hawaii,L,Yellow,Summer,4.3,No,Standard,No,No,46,Venmo,Monthly
4922,33,Male,Shorts,Clothing,19,Tennessee,M,Indigo,Spring,2.6,Yes,Express,No,No,48,Credit Card,Bi-Weekly
4923,42,Male,Gloves,Clothing,66,Arkansas,M,Violet,Spring,3.5,Yes,2-Day Shipping,No,Yes,46,PayPal,Quarterly
4924,38,Female,Dress,Footwear,40,Wyoming,M,Olive,Winter,3.7,No,Next Day Air,No,No,36,Credit Card,Weekly
4925,69,Male,Coat,Clothing,16,Colorado,M,Indigo,Fall,3.7,No,Standard,Yes,No,15,PayPal,Fortnightly
4926,24,Male,Hat,Footwear,67,Montana,M,Gold,Summer,4.4,No,Standard,No,Yes,5,Debit Card,Annually
4927,51,Male,Sweater,Accessories,72,Idaho,L,Black,Spring,3.2,No,Next Day Air,Yes,No,48,Cash,Bi-Weekly
4928,42,Female,Scarf,Clothing,50,Massachusetts,S,Maroon,Fall,4.1,Yes,Next Day Air,No,Yes,47,PayPal,Monthly
4929,59,Female,T-shirt,Footwear,61,Rhode Island,M,Beige,Summer,3.6,No,Express,No,No,14,Cash,Every 3 Months
4930,20,Male,Shirt,Clothing,24,Rhode Island,M,White,Winter,3.3,Yes,2-Day Shipping,No,Yes,21,Bank Transfer,Every 3 Months
4931,62,Male,Shorts,Clothing,60,Colorado,M,Pink,Spring,4.0,No,2-Day Shipping,No,No,34,Debit Card,Monthly
4932,25,Male,Jacket,Clothing,21,Louisiana,L,Gray,Spring,4.0,Yes,Next Day Air,Yes,No,11,Debit Card,Every 3 Months
4933,62,Male,Coat,Accessories,76,Vermont,M,Blue,Summer,4.1,No,2-Day Shipping,No,No,31,Bank Transfer,Weekly
4934,54,Male,Coat,Footwear,49,California,S,Pink,Fall,3.4,No,Store Pickup,No,Yes,32,Cash,Annually
4935,26,Female,Handbag,Accessories,34,Maryland,S,Blue,Summer,3.2,No,Free Shipping,No,No,1,Cash,Monthly
4936,24,Male,Belt,Footwear,67,Montana,M,Black,Winter,3.6,No,Free Shipping,No,No,32,Cash,Annually
4937,24,Male,Gloves,Clothing,49,Illinois,XL,Red,Fall,4.6,No,Store Pickup,No,No,3,Bank Transfer,Weekly
4938,49,Female,Belt,Footwear,43,Utah,L,Violet,Spring,4.5,No,Store Pickup,No,No,29,Venmo,Weekly
4939,64,Male,Sunglasses,Clothing,50,Nebraska,S,Black,Fall,4.0,Yes,Store Pickup,No,No,50,Credit Card,Bi-Weekly
4940,28,Female,Backpack,Accessories,99,West Virginia,L,Teal,Summer,3.6,Yes,Free Shipping,No,Yes,39,Venmo,Every 3 Months
4941,65,Female,Boots,Footwear,61,Alabama,M,Peach,Fall,2.5,No,2-Day Shipping,Yes,Yes,43,Debit Card,Annually
4942,70,Female,Jeans,Outerwear,25,Maryland,M,Turquoise,Winter,4.8,No,Standard,Yes,No,30,Debit Card,Annually
4943,24,Female,Shoes,Clothing,82,Utah,XL,Charcoal,Spring,3.1,No,Express,Yes,Yes,27,Venmo,Annually
4944,39,Female,Hat,Accessories,51,Oklahoma,S,Yellow,Winter,3.4,No,Next Day Air,Yes,Yes,6,PayPal,Every 3 Months
4945,35,Female,Socks,Clothing,52,Washington,M,Magenta,Winter,4.0,Yes,Next Day Air,No,No,11,Cash,Monthly
4946,25,Male,Hoodie,Clothing,85,Connecticut,M,White,Winter,2.9,Yes,Express,No,Yes,18,Venmo,Weekly
4947,48,Male,Pants,Footwear,26,Georgia,M,Lavender,Winter,3.8,No,Standard,Yes,No,46,Debit Card,Weekly
4948,66,Male,Jacket,Clothing,95,Pennsylvania,M,Green,Fall,4.2,No,Next Day Air,No,Yes,37,Venmo,Fortnightly
4949,65,Female,Shoes,Accessories,37,Nevada,M,Yellow,Fall,4.3,No,Store Pickup,Yes,No,15,Cash,Bi-Weekly
4950,30,Male,Hat,Footwear,24,Arkansas,L,Peach,Winter,4.0,No,Express,No,No,1,Credit Card,Bi-Weekly
4951,65,Male,Shoes,Accessories,65,Illinois,L,Indigo,Fall,4.1,No,Next Day Air,Yes,No,6,Cash,Annually
4952,57,Male,Hoodie,Clothing,30,Connecticut,S,Silver,Winter,4.3,No,Free Shipping,No,Yes,45,Cash,Annually
4953,53,Male,Skirt,Footwear,79,Colorado,L,Indigo,Fall,4.7,No,Express,Yes,No,34,Bank Transfer,Weekly
4954,44,Female,Shirt,Clothing,104,Virginia,M,Black,Spring,3.4,No,Store Pickup,No,No,4,PayPal,Every 3 Months
4955,41,Male,Dress,Outerwear,52,Arkansas,L,Peach,Fall,3.9,Yes,Free Shipping,No,Yes,9,Credit Card,Annually
4956,55,Female,Backpack,Outerwear,60,Massachusetts,M,Green,Summer,4.0,No,Express,No,Yes,50,Cash,Bi-Weekly
4957,56,Male,Dress,Footwear,52,Hawaii,M,Purple,Spring,3.2,No,Free Shipping,No,Yes,8,PayPal,Monthly
4958,29,Female,Coat,Clothing,34,Washington,M,Brown,Spring,3.6,Yes,Express,No,No,22,Cash,Bi-Weekly
4959,31,Female,Jeans,Accessories,78,Michigan,M,Silver,Summer,4.2,No,Store Pickup,Yes,No,6,PayPal,Monthly
4960,40,Male,Hoodie,Accessories,25,Minnesota,S,Olive,Summer,3.5,Yes,Express,No,Yes,46,PayPal,Fortnightly
4961,61,Female,Dress,Clothing,77,Georgia,M,Maroon,Summer,4.8,No,Free Shipping,Yes,Yes,35,Venmo,Weekly
4962,26,Male,Boots,Accessories,33,New Hampshire,L,Beige,Fall,2.9,No,2-Day Shipping,Yes,No,4,Credit Card,Every 3 Months
4963,28,Female,Jacket,Footwear,85,Wisconsin,M,Olive,Fall,3.0,No,Next Day Air,No,Yes,16,Bank Transfer,Annually
4964,26,Male,Jewelry,Clothing,82,Hawaii,M,Silver,Fall,5.0,Yes,Express,No,Yes,31,Bank Transfer,Bi-Weekly
4965,52,Male,Sandals,Clothing,14,Idaho,L,Green,Spring,4.6,Yes,Express,No,No,38,PayPal,Quarterly
4966,27,Male,Pants,Clothing,62,Mississippi,XL,Gold,Fall,3.0,No,Store Pickup,Yes,No,37,Bank Transfer,Fortnightly
4967,41,Male,Pants,Clothing,53,Kansas,L,Gold,Winter,4.3,Yes,Next Day Air,No,No,23,PayPal,Fortnightly
4968,34,Male,Backpack,Clothing,67,Wyoming,M,Purple,Spring,,No,Standard,No,Yes,13,Cash,Bi-Weekly
4969,63,Male,Sneakers,Clothing,69,Oklahoma,L,Maroon,Winter,2.6,No,Store Pickup,Yes,Yes,34,Debit Card,Annually
4970,40,Male,T-shirt,Clothing,68,Virginia,M,Beige,Fall,4.4,No,Store Pickup,No,No,30,Debit Card,Weekly
4971,39,Female,Boots,Clothing,17,Wisconsin,M,Silver,Spring,3.4,Yes,2-Day Shipping,Yes,Yes,42,PayPal,Annually
4972,27,Male,Gloves,Footwear,37,Nebraska,S,Gray,Fall,3.9,No,Next Day Air,No,Yes,40,Credit Card,Monthly
4973,46,Male,Hoodie,Footwear,76,Washington,L,Yellow,Spring,4.3,No,Store Pickup,No,No,36,Venmo,Monthly
4974,43,Male,Hat,Clothing,39,Wisconsin,M,Silver,Summer,3.9,No,Standard,No,No,11,Credit Card,Every 3 Months
4975,47,Male,Sandals,Footwear,87,Maine,S,Yellow,Fall,4.9,No,Standard,No,No,6,Cash,Bi-Weekly
4976,44,Male,Shirt,Clothing,67,Washington,XL,Red,Winter,3.9,No,2-Day Shipping,No,Yes,16,PayPal,Quarterly
4977,30,Male,Handbag,Clothing,15,Maryland,M,Yellow,Fall,4.0,No,Express,Yes,No,37,Debit Card,Quarterly
4978,65,Female,Blouse,Accessories,35,Nebraska,M,Green,Spring,4.9,No,Store Pickup,Yes,Yes,31,Credit Card,Fortnightly
4979,54,Male,Coat,Clothing,22,Minnesota,XL,Beige,Spring,3.5,No,Free Shipping,Yes,Yes,3,Bank Transfer,Every 3 Months
4980,35,Male,Pants,Clothing,55,South Dakota,L,Brown,Winter,,No,Express,No,No,8,Cash,Monthly
4981,37,Female,Sandals,Clothing,91,South Carolina,L,Blue,Summer,4.5,Yes,Next Day Air,No,No,10,Bank Transfer,Monthly
4982,56,Male,Scarf,Accessories,73,Ohio,L,Silver,Winter,3.9,No,Store Pickup,Yes,Yes,33,Venmo,Weekly
4983,57,Female,Handbag,Clothing,35,Arizona,S,Green,Fall,2.8,Yes,Standard,Yes,Yes,46,PayPal,Every 3 Months
4984,62,Male,Socks,Accessories,88,Maine,S,Silver,Winter,4.0,No,Free Shipping,No,Yes,18,PayPal,Annually
4985,66,Male,Sneakers,Clothing,16,New Mexico,M,Brown,Spring,3.0,No,Next Day Air,Yes,Yes,35,Venmo,Annually
4986,22,Male,Jacket,Footwear,75,North Dakota,M,Cyan,Fall,2.7,No,Store Pickup,No,Yes,46,Credit Card,Fortnightly
4987,31,Male,Backpack,Footwear,72,North Dakota,S,Purple,Summer,4.8,Yes,Standard,Yes,Yes,14,Bank Transfer,Bi-Weekly
4988,42,Male,Sneakers,Footwear,37,Utah,S,Lavender,Summer,2.7,No,Next Day Air,No,No,42,Debit Card,Every 3 Months
4989,20,Female,T-shirt,Accessories,87,South Carolina,L,White,Spring,4.9,Yes,Free Shipping,No,No,30,Bank Transfer,Weekly
4990,39,Male,Jacket,Clothing,18,Nebraska,M,Gray,Summer,4.7,No,2-Day Shipping,No,No,39,Debit Card,Annually
4991,35,Male,Backpack,Clothing,72,California,M,Pink,Spring,2.9,No,Free Shipping,No,Yes,3,Debit Card,Monthly
4992,67,Male,Scarf,Accessories,19,South Dakota,L,Lavender,Winter,3.0,No,Standard,No,No,50,Venmo,Weekly
4993,52,Male,Sandals,Clothing,48,Utah,M,Magenta,Summer,4.1,Yes,Next Day Air,Yes,No,50,Debit Card,Fortnightly
4994,51,Male,Hoodie,Clothing,80,Massachusetts,S,Charcoal,Summer,2.6,No,Standard,Yes,Yes,34,Credit Card,Annually
4995,41,Female,Gloves,Accessories,97,Virginia,M,Silver,Summer,3.8,No,Next Day Air,No,No,11,Venmo,Bi-Weekly
4996,20,Male,Backpack,Accessories,82,Oregon,M,White,Fall,4.1,No,Store Pickup,No,Yes,11,Venmo,Annually
4997,48,Male,Hoodie,Accessories,66,Delaware,S,Violet,Summer,4.0,No,Standard,Yes,Yes,22,Cash,Bi-Weekly
4998,44,Male,Skirt,Clothing,95,West Virginia,L,Blue,Spring,3.3,Yes,Standard,No,No,48,PayPal,Bi-Weekly
4999,24,Male,Belt,Outerwear,44,Mississippi,M,Brown,Fall,3.7,Yes,2-Day Shipping,No,Yes,31,Cash,Weekly
5000,38,Male,Scarf,Clothing,41,North Dakota,M,Peach,Winter,3.7,No,Free Shipping,No,No,45,PayPal,Bi-Weekly
5001,46,Male,Boots,Clothing,49,Hawaii,L,Gray,Summer,4.9,Yes,Standard,No,Yes,35,Cash,Quarterly
5002,36,Male,Sweater,Clothing,37,Virginia,XL,Beige,Fall,3.4,Yes,Free Shipping,No,No,23,Cash,Annually
5003,19,Male,Socks,Clothing,98,Idaho,L,Gray,Spring,4.1,Yes,Express,No,Yes,38,Debit Card,Quarterly
5004,44,Male,T-shirt,Clothing,79,Minnesota,S,Blue,Fall,4.6,Yes,Next Day Air,No,No,33,Venmo,Weekly
5005,62,Male,Handbag,Accessories,91,New York,L,Gray,Fall,4.2,No,Store Pickup,No,Yes,49,Venmo,Bi-Weekly
5006,66,Female,Jewelry,Outerwear,42,California,M,Red,Spring,3.1,No,Next Day Air,No,No,47,Bank Transfer,Every 3 Months
5007,50,Female,Pants,Clothing,59,Missouri,L,Magenta,Winter,3.5,No,Free Shipping,Yes,No,8,Venmo,Weekly
5008,62,Male,Socks,Clothing,25,Oregon,S,Gray,Spring,3.3,No,Express,No,No,26,PayPal,Weekly
5009,64,Male,Jewelry,Accessories,67,Nevada,M,Cyan,Summer,2.9,Yes,Next Day Air,Yes,No,16,Venmo,Monthly
5010,66,Male,Belt,Accessories,51,Virginia,L,Charcoal,Spring,4.4,No,Free Shipping,No,No,18,Credit Card,Monthly
5011,58,Male,T-shirt,Clothing,44,Texas,L,Lavender,Fall,4.1,Yes,Store Pickup,No,Yes,8,Bank Transfer,Bi-Weekly
5012,25,Female,Skirt,Clothing,42,Nevada,M,Black,Spring,3.6,No,Store Pickup,No,Yes,15,Cash,Weekly
5013,29,Male,Hoodie,Clothing,99,South Dakota,L,Magenta,Winter,3.7,Yes,Next Day Air,Yes,No,12,Bank Transfer,Annually
5014,40,Female,Jacket,Clothing,98,Nevada,S,Charcoal,Winter,4.1,No,Store Pickup,No,Yes,28,Credit Card,Fortnightly
5015,28,Male,Shirt,Accessories,67,California,S,Charcoal,Spring,2.7,No,Free Shipping,No,No,20,Debit Card,Weekly
5016,63,Male,Jacket,Accessories,72,Oregon,M,Silver,Winter,3.4,No,Free Shipping,No,Yes,40,Venmo,Quarterly
5017,21,Male,Belt,Accessories,30,Wyoming,M,Olive,Winter,2.7,No,Store Pickup,Yes,No,43,Bank Transfer,Every 3 Months
5018,27,Male,Dress,Accessories,74,Iowa,M,Gold,Fall,4.9,Yes,2-Day Shipping,No,No,42,Cash,Monthly
5019,24,Male,T-shirt,Accessories,58,Ohio,M,Olive,Spring,5.0,No,Standard,No,No,42,Credit Card,Bi-Weekly
5020,42,Female,Belt,Clothing,55,Maine,L,White,Spring,3.3,No,2-Day Shipping,Yes,No,26,PayPal,Every 3 Months
5021,53,Male,Socks,Accessories,72,Idaho,M,Pink,Fall,3.2,No,Express,No,No,17,Cash,Bi-Weekly
5022,35,Female,Coat,Clothing,67,Hawaii,S,Gray,Winter,2.6,No,Free Shipping,Yes,No,47,Debit Card,Every 3 Months
5023,26,Male,Jacket,Clothing,56,Montana,M,Orange,Spring,4.0,No,Free Shipping,Yes,Yes,33,Cash,Monthly
5024,32,Female,Shirt,Footwear,97,Ohio,L,Peach,Summer,3.4,Yes,Free Shipping,Yes,Yes,44,PayPal,Fortnightly
5025,30,Female,Coat,Outerwear,48,North Dakota,M,Lavender,Summer,4.6,Yes,Store Pickup,No,No,33,Bank Transfer,Bi-Weekly
5026,50,Male,T-shirt,Clothing,48,California,XL,Charcoal,Winter,3.0,Yes,2-Day Shipping,No,Yes,43,Venmo,Every 3 Months
5027,65,Female,Shirt,Accessories,37,Tennessee,XL,Silver,Spring,4.8,No,Free Shipping,No,No,6,Cash,Annually
5028,67,Male,Sandals,Clothing,60,Wisconsin,L,Red,Fall,3.2,No,2-Day Shipping,No,No,25,Debit Card,Bi-Weekly
5029,31,Female,Handbag,Footwear,79,Connecticut,L,Blue,Spring,4.6,No,2-Day Shipping,Yes,No,18,Bank Transfer,Annually
5030,69,Male,Blouse,Accessories,71,Idaho,XL,Magenta,Winter,3.8,No,Express,Yes,No,9,Credit Card,Every 3 Months
5031,38,Male,Sandals,Clothing,55,Ohio,M,Gold,Summer,3.7,No,Free Shipping,No,No,2,Venmo,Every 3 Months
5032,51,Female,Belt,Accessories,56,Hawaii,L,Charcoal,Fall,4.6,No,2-Day Shipping,Yes,No,15,Venmo,Every 3 Months
5033,42,Female,Socks,Clothing,38,Delaware,L,White,Summer,3.8,No,Free Shipping,No,No,45,PayPal,Bi-Weekly
5034,21,Male,Coat,Accessories,83,South Carolina,M,Magenta,Winter,4.3,No,Standard,Yes,No,48,PayPal,Annually
5035,69,Male,Shirt,Outerwear,98,South Carolina,M,Charcoal,Winter,3.0,No,Standard,No,Yes,35,Bank Transfer,Quarterly
5036,35,Male,Shorts,Clothing,89,Wisconsin,M,White,Summer,3.4,Yes,Express,Yes,No,41,Cash,Fortnightly
5037,59,Female,Jewelry,Accessories,88,Vermont,M,Peach,Summer,4.1,No,Express,Yes,No,14,PayPal,Quarterly
5038,50,Male,Coat,Accessories,79,Illinois,S,Red,Spring,4.1,No,Express,No,No,13,Debit Card,Monthly
5039,54,Female,Dress,Clothing,23,North Dakota,L,Indigo,Winter,2.7,No,Standard,No,Yes,49,Credit Card,Monthly
5040,59,Female,Blouse,Footwear,49,Nevada,L,Olive,Summer,3.9,No,Standard,No,No,49,PayPal,Fortnightly
5041,31,Male,Shirt,Clothing,71,Arizona,M,Teal,Spring,2.9,No,Standard,Yes,No,11,Cash,Every 3 Months
5042,69,Male,Shoes,Accessories,34,Utah,M,Purple,Summer,3.5,No,Next Day Air,Yes,Yes,41,Debit Card,Every 3 Months
5043,49,Male,Boots,Clothing,95,Alabama,M,Violet,Summer,2.8,No,Free Shipping,Yes,No,26,Debit Card,Bi-Weekly
5044,22,Male,Skirt,Clothing,27,Delaware,M,Magenta,Spring,4.0,No,Store Pickup,Yes,No,45,Debit Card,Quarterly
5045,57,Male,Jacket,Accessories,45,Alabama,M,Red,Spring,2.9,Yes,Next Day Air,No,Yes,11,PayPal,Annually
5046,60,Male,Sweater,Accessories,38,Montana,XL,Purple,Summer,4.9,No,Next Day Air,Yes,Yes,19,Venmo,Bi-Weekly
5047,30,Female,Boots,Accessories,58,Hawaii,M,Black,Summer,3.2,No,Next Day Air,Yes,No,33,Venmo,Every 3 Months
5048,36,Male,Hat,Accessories,33,New Jersey,S,Indigo,Winter,4.9,No,Next Day Air,No,No,6,Debit Card,Quarterly
5049,29,Female,Pants,Accessories,72,Hawaii,L,Charcoal,Summer,3.2,No,Store Pickup,No,No,50,PayPal,Every 3 Months
5050,40,Male,Scarf,Clothing,89,Massachusetts,L,Black,Winter,3.7,No,Standard,Yes,No,15,Venmo,Monthly
5051,58,Male,Sweater,Clothing,47,Missouri,M,Magenta,Winter,2.7,No,Store Pickup,Yes,Yes,33,Venmo,Every 3 Months
5052,62,Female,Jacket,Clothing,19,Nebraska,L,Violet,Fall,4.4,Yes,Next Day Air,No,No,36,Cash,Annually
5053,46,Male,Jacket,Footwear,62,New Mexico,XL,Black,Spring,3.0,No,Express,No,Yes,35,PayPal,Monthly
5054,30,Male,T-shirt,Clothing,34,Hawaii,M,Orange,Spring,4.6,No,2-Day Shipping,No,No,4,Cash,Weekly
5055,37,Male,Blouse,Clothing,90,Maine,M,Black,Fall,4.6,No,Store Pickup,No,Yes,26,Cash,Monthly
5056,39,Female,Blouse,Clothing,37,Maryland,XL,Purple,Summer,3.2,No,2-Day Shipping,Yes,Yes,46,Debit Card,Weekly
5057,70,Male,Hat,Accessories,80,Louisiana,S,White,Summer,3.7,No,Standard,Yes,Yes,27,Credit Card,Fortnightly
5058,18,Male,Jewelry,Footwear,44,Missouri,M,Teal,Fall,4.7,No,Express,Yes,No,6,Venmo,Quarterly
5059,45,Male,Pants,Footwear,96,Wisconsin,M,Turquoise,Summer,3.3,No,Express,Yes,Yes,40,Credit Card,Monthly
5060,32,Female,Sneakers,Accessories,51,Hawaii,M,Turquoise,Winter,4.1,No,Next Day Air,No,Yes,20,Bank Transfer,Bi-Weekly
5061,33,Male,Socks,Outerwear,81,Michigan,M,Yellow,Spring,3.1,No,Express,No,Yes,27,Bank Transfer,Weekly
5062,32,Male,Gloves,Clothing,102,Missouri,L,Purple,Spring,5.0,No,Standard,No,Yes,21,Venmo,Quarterly
5063,37,Male,Sandals,Clothing,69,Michigan,XL,Indigo,Fall,3.2,Yes,Free Shipping,Yes,No,25,PayPal,Quarterly
5064,36,Male,Handbag,Outerwear,20,New Hampshire,L,Charcoal,Winter,3.7,No,2-Day Shipping,No,Yes,48,Cash,Fortnightly
5065,20,Male,T-shirt,Clothing,80,Idaho,M,Red,Fall,3.1,Yes,Express,No,No,37,Debit Card,Bi-Weekly
5066,60,Male,Jeans,Outerwear,86,Vermont,M,Olive,Spring,3.5,No,2-Day Shipping,Yes,No,18,Debit Card,Weekly
5067,34,Male,Jacket,Footwear,93,Oklahoma,L,Blue,Fall,4.8,No,Free Shipping,Yes,Yes,30,Venmo,Fortnightly
5068,49,Male,Sneakers,Clothing,52,Hawaii,XL,Black,Winter,3.7,No,Next Day Air,No,No,47,Bank Transfer,Weekly
5069,36,Male,Pants,Clothing,17,Wyoming,L,Lavender,Spring,,No,Free Shipping,No,No,18,Venmo,Annually
5070,64,Male,Blouse,Accessories,46,Pennsylvania,M,Peach,Spring,3.2,No,2-Day Shipping,No,No,32,Credit Card,Every 3 Months
5071,70,Male,Hat,Clothing,94,Maine,M,Charcoal,Spring,4.7,No,Free Shipping,No,Yes,41,Cash,Monthly
5072,62,Male,Sunglasses,Clothing,83,Vermont,XL,Blue,Fall,4.7,No,Store Pickup,No,Yes,26,Credit Card,Monthly
5073,28,Male,Handbag,Clothing,47,Rhode Island,XL,White,Fall,2.5,No,Free Shipping,Yes,Yes,7,Venmo,Monthly
5074,61,Female,Handbag,Clothing,27,North Carolina,M,Yellow,Summer,4.7,No,Standard,No,No,14,Venmo,Fortnightly
5075,29,Male,Dress,Accessories,81,Vermont,M,Cyan,Fall,4.8,Yes,Store Pickup,No,Yes,25,Venmo,Fortnightly
5076,66,Male,Belt,Accessories,54,Kansas,L,Black,Spring,3.8,No,Express,No,Yes,18,Debit Card,Bi-Weekly
5077,35,Female,T-shirt,Clothing,48,Mississippi,M,Cyan,Winter,4.3,No,Free Shipping,No,No,8,Bank Transfer,Annually
5078,60,Male,Backpack,Accessories,97,Oklahoma,M,Magenta,Fall,4.9,Yes,Express,Yes,No,33,Debit Card,Quarterly
5079,42,Female,Hat,Footwear,57,Louisiana,L,Maroon,Summer,3.2,No,Standard,No,Yes,1,Debit Card,Bi-Weekly
5080,54,Male,Shirt,Accessories,63,Nebraska,M,White,Winter,3.3,No,Next Day Air,No,No,28,Cash,Monthly
5081,69,Female,Boots,Accessories,22,New Mexico,L,Turquoise,Summer,4.8,Yes,Free Shipping,No,Yes,3,Venmo,Every 3 Months
5082,47,Male,Dress,Clothing,29,Michigan,M,Silver,Winter,2.8,No,Standard,No,No,50,Credit Card,Weekly
5083,28,Female,Skirt,Accessories,58,Alaska,M,Olive,Spring,4.2,Yes,Free Shipping,No,Yes,8,PayPal,Weekly
5084,26,Female,Sandals,Accessories,44,Tennessee,M,Beige,Fall,2.7,No,Store Pickup,No,No,44,Debit Card,Fortnightly
5085,41,Female,Shirt,Clothing,43,Hawaii,M,Silver,Spring,4.4,Yes,2-Day Shipping,No,No,39,Bank Transfer,Annually
5086,26,Male,Shirt,Accessories,99,South Carolina,M,Peach,Summer,2.8,Yes,Next Day Air,No,Yes,48,Bank Transfer,Every 3 Months
5087,27,Male,Coat,Accessories,23,Alaska,XL,Peach,Spring,3.7,No,Standard,No,Yes,2,Venmo,Monthly
5088,51,Male,Belt,Clothing,62,Idaho,M,Magenta,Summer,3.8,Yes,Next Day Air,Yes,Yes,43,Debit Card,Every 3 Months
5089,66,Male,Jacket,Accessories,40,Pennsylvania,L,Gray,Winter,4.7,Yes,Next Day Air,No,Yes,23,Debit Card,Quarterly
5090,23,Female,Dress,Accessories,67,Kentucky,S,Indigo,Spring,3.3,No,2-Day Shipping,No,No,17,PayPal,Quarterly
5091,34,Female,T-shirt,Clothing,87,Wyoming,L,Red,Fall,3.3,No,Next Day Air,Yes,No,40,PayPal,Every 3 Months
5092,44,Female,Gloves,Accessories,25,Utah,S,Orange,Winter,2.8,No,Express,Yes,No,16,PayPal,Annually
5093,53,Female,Coat,Accessories,35,Indiana,M,Lavender,Winter,4.4,No,Standard,Yes,No,5,Cash,Fortnightly
5094,25,Male,Handbag,Accessories,27,New Mexico,L,Beige,Spring,3.7,Yes,2-Day Shipping,No,No,14,PayPal,Monthly
5095,22,Male,Pants,Footwear,90,South Dakota,L,White,Summer,4.1,No,Standard,No,Yes,35,Bank Transfer,Monthly
5096,18,Male,Belt,Footwear,22,Virginia,S,Brown,Fall,4.5,No,Store Pickup,No,Yes,1,Cash,Every 3 Months
5097,32,Male,Shoes,Footwear,100,Arkansas,M,Yellow,Summer,2.8,Yes,Express,Yes,No,14,PayPal,Bi-Weekly
5098,67,Male,Jacket,Accessories,26,Washington,M,Magenta,Fall,4.7,Yes,Free Shipping,No,No,6,Cash,Bi-Weekly
5099,69,Male,Socks,Accessories,40,Illinois,M,Beige,Fall,4.2,No,Next Day Air,Yes,Yes,44,Debit Card,Quarterly
5100,67,Male,Jacket,Accessories,58,Montana,S,Brown,Spring,3.1,Yes,2-Day Shipping,No,Yes,28,Credit Card,Annually
5101,33,Female,Blouse,Clothing,44,West Virginia,M,Maroon,Winter,4.9,No,Standard,No,No,42,Cash,Quarterly
5102,68,Male,Boots,Outerwear,62,California,M,Red,Summer,3.7,No,Store Pickup,No,Yes,20,Debit Card,Annually
5103,43,Female,Sandals,Accessories,46,Oregon,M,Charcoal,Fall,3.1,No,Express,No,No,42,Credit Card,Bi-Weekly
5104,66,Male,Sandals,Accessories,69,Wisconsin,S,Lavender,Spring,2.6,No,Express,Yes,No,17,Bank Transfer,Bi-Weekly
5105,64,Male,Sunglasses,Clothing,29,Missouri,S,Purple,Summer,2.5,No,2-Day Shipping,No,Yes,37,Debit Card,Bi-Weekly
5106,33,Female,T-shirt,Clothing,98,Nebraska,M,Black,Winter,5.0,No,Next Day Air,No,Yes,14,Cash,Annually
5107,21,Male,Jacket,Accessories,29,Oklahoma,S,Black,Spring,3.8,No,Standard,Yes,No,32,PayPal,Monthly
5108,45,Male,T-shirt,Accessories,56,New Hampshire,XL,Green,Summer,2.5,No,Express,Yes,Yes,4,Cash,Quarterly
5109,33,Female,Jeans,Accessories,66,Wisconsin,S,Black,Summer,3.3,No,Next Day Air,Yes,No,32,Cash,Annually
5110,59,Male,Shorts,Accessories,41,Hawaii,M,Indigo,Spring,3.1,Yes,Store Pickup,Yes,No,44,Cash,Annually
5111,28,Male,Hoodie,Accessories,45,Mississippi,M,Green,Spring,3.3,No,Express,No,Yes,18,Debit Card,Annually
5112,63,Male,Sneakers,Clothing,89,Oklahoma,M,Lavender,Summer,3.8,No,Free Shipping,No,No,6,Cash,Every 3 Months
5113,45,Male,Hoodie,Footwear,53,Illinois,L,Magenta,Summer,3.9,No,Standard,Yes,Yes,14,Bank Transfer,Fortnightly
5114,57,Female,Shorts,Accessories,20,Texas,M,Blue,Summer,3.4,No,Free Shipping,Yes,Yes,32,Cash,Weekly
5115,46,Male,Hat,Footwear,34,Kentucky,M,Olive,Summer,2.6,No,2-Day Shipping,No,No,3,PayPal,Fortnightly
5116,46,Male,Sunglasses,Accessories,41,California,S,Beige,Winter,4.2,No,Store Pickup,No,Yes,20,Cash,Bi-Weekly
5117,33,Female,Gloves,Footwear,16,New Hampshire,S,Teal,Spring,4.8,No,Express,Yes,No,20,Debit Card,Fortnightly
5118,65,Male,T-shirt,Clothing,40,New Hampshire,L,Red,Winter,3.4,No,Next Day Air,Yes,No,2,Bank Transfer,Weekly
5119,48,Male,Handbag,Accessories,25,West Virginia,M,Cyan,Summer,3.9,No,Standard,No,No,44,Credit Card,Annually
5120,42,Male,Pants,Accessories,86,California,L,Red,Summer,4.2,No,Next Day Air,Yes,No,1,Cash,Quarterly
5121,69,Male,Shirt,Accessories,90,New Mexico,XL,Gold,Spring,4.6,No,Express,Yes,No,8,Cash,Every 3 Months
5122,25,Male,Backpack,Accessories,12,South Carolina,M,Cyan,Summer,3.5,No,Standard,No,No,24,Credit Card,Weekly
5123,19,Female,Sandals,Accessories,77,Pennsylvania,L,Purple,Winter,3.3,No,2-Day Shipping,Yes,Yes,31,Cash,Quarterly
5124,28,Male,Scarf,Clothing,76,Arizona,L,Blue,Summer,3.0,No,Standard,No,No,33,Debit Card,Fortnightly
5125,32,Female,Socks,Clothing,59,Montana,S,Teal,Spring,2.9,No,Free Shipping,No,No,41,PayPal,Monthly
5126,70,Male,Hat,Clothing,25,North Dakota,M,Gold,Spring,4.8,No,Standard,Yes,No,10,Cash,Weekly
5127,57,Male,Blouse,Clothing,56,Hawaii,XL,Violet,Fall,2.9,No,Next Day Air,Yes,No,33,Cash,Quarterly
5128,20,Male,Sneakers,Clothing,56,Delaware,L,Beige,Spring,3.4,No,Express,No,No,34,Cash,Every 3 Months
5129,36,Female,Socks,Clothing,104,Maine,L,Blue,Spring,2.6,Yes,2-Day Shipping,No,Yes,18,Cash,Weekly
5130,30,Male,Belt,Footwear,31,Massachusetts,L,Blue,Winter,2.8,No,Store Pickup,No,Yes,39,PayPal,Weekly
5131,27,Male,Pants,Clothing,57,Oregon,M,Beige,Winter,3.1,No,Free Shipping,No,Yes,13,Debit Card,Bi-Weekly
5132,54,Female,Sunglasses,Clothing,67,Kansas,XL,Green,Spring,2.5,No,Next Day Air,No,Yes,32,Bank Transfer,Quarterly
5133,57,Female,Sunglasses,Clothing,45,New York,S,Blue,Summer,3.4,No,Next Day Air,No,No,37,PayPal,Bi-Weekly
5134,49,Male,Shirt,Outerwear,45,Arizona,M,Violet,Summer,5.0,Yes,Express,Yes,No,10,Bank Transfer,Monthly
5135,67,Male,Handbag,Clothing,92,Massachusetts,M,Maroon,Winter,2.7,Yes,Standard,No,No,23,Bank Transfer,Every 3 Months
5136,27,Male,Sweater,Accessories,77,Oklahoma,M,Silver,Fall,3.0,No,Next Day Air,No,No,14,Bank Transfer,Fortnightly
5137,44,Male,Belt,Footwear,60,Iowa,XL,Green,Summer,4.1,Yes,Standard,Yes,Yes,47,Bank Transfer,Annually
5138,38,Male,Dress,Clothing,17,Pennsylvania,M,Orange,Winter,3.7,No,Next Day Air,No,Yes,39,Cash,Monthly
5139,43,Male,Backpack,Clothing,70,New York,M,Magenta,Spring,4.2,No,Store Pickup,No,Yes,1,Cash,Every 3 Months
5140,62,Female,Sneakers,Clothing,23,Indiana,L,Gold,Winter,3.8,No,Free Shipping,No,No,31,Debit Card,Bi-Weekly
5141,57,Male,Backpack,Accessories,79,New Mexico,M,Olive,Winter,2.7,No,Standard,No,Yes,20,Venmo,Quarterly
5142,50,Female,Boots,Outerwear,65,Nebraska,L,Pink,Summer,,No,2-Day Shipping,No,No,48,PayPal,Weekly
5143,21,Male,Coat,Clothing,78,New Mexico,S,Silver,Spring,3.2,Yes,2-Day Shipping,No,Yes,35,Cash,Every 3 Months
5144,38,Male,Coat,Clothing,48,Texas,M,Lavender,Spring,2.6,No,2-Day Shipping,Yes,Yes,34,PayPal,Fortnightly
5145,65,Female,Handbag,Footwear,28,Texas,M,Teal,Summer,3.8,No,Store Pickup,Yes,No,14,Venmo,Bi-Weekly
5146,66,Male,Jewelry,Clothing,42,Massachusetts,XL,Cyan,Fall,3.2,No,Express,No,Yes,37,Venmo,Monthly
5147,41,Female,Gloves,Clothing,19,South Dakota,M,Gold,Winter,4.2,No,Standard,Yes,Yes,28,PayPal,Quarterly
5148,37,Male,Socks,Clothing,99,Colorado,M,Charcoal,Spring,2.8,No,Express,No,No,44,Credit Card,Fortnightly
5149,20,Female,Dress,Clothing,74,Maine,S,Charcoal,Winter,5.0,No,Standard,Yes,Yes,4,Bank Transfer,Annually
5150,34,Male,Coat,Clothing,26,Indiana,XL,Gold,Spring,4.1,Yes,Express,Yes,Yes,9,Debit Card,Every 3 Months
5151,60,Male,Hat,Clothing,89,Nevada,M,Magenta,Summer,3.4,No,Store Pickup,No,No,32,Cash,Quarterly
5152,25,Male,Backpack,Accessories,60,Utah,L,Teal,Winter,3.3,No,Next Day Air,Yes,No,14,Credit Card,Every 3 Months
5153,48,Male,Jacket,Accessories,107,Maine,L,Maroon,Summer,4.7,Yes,Store Pickup,No,Yes,3,Bank Transfer,Annually
5154,41,Male,Belt,Clothing,74,Idaho,M,Orange,Summer,2.8,No,2-Day Shipping,No,No,47,PayPal,Every 3 Months
5155,36,Male,Gloves,Clothing,50,Virginia,L,Pink,Winter,3.3,No,Standard,Yes,Yes,20,Venmo,Annually
5156,52,Female,T-shirt,Footwear,86,Georgia,M,Peach,Fall,4.6,No,Standard,Yes,No,14,Venmo,Fortnightly
5157,45,Male,Dress,Clothing,74,Alaska,M,Black,Summer,3.2,No,Express,No,Yes,31,Venmo,Bi-Weekly
5158,38,Male,Skirt,Footwear,81,Michigan,M,Indigo,Summer,3.1,No,Express,Yes,No,2,Debit Card,Weekly
5159,49,Female,Blouse,Outerwear,33,New York,L,Maroon,Fall,3.3,No,Express,No,No,11,Bank Transfer,Weekly
5160,48,Male,Jacket,Accessories,56,Tennessee,S,Teal,Winter,3.5,No,Free Shipping,Yes,No,24,Credit Card,Weekly
5161,58,Male,Socks,Clothing,95,Louisiana,M,Black,Summer,4.3,No,Next Day Air,No,No,27,Credit Card,Every 3 Months
5162,35,Male,Coat,Clothing,43,Iowa,L,Lavender,Spring,4.5,Yes,Next Day Air,Yes,No,46,Venmo,Fortnightly
5163,31,Male,Jewelry,Clothing,24,Nebraska,M,Black,Fall,2.5,No,Standard,No,Yes,11,Venmo,Weekly
5164,50,Male,Skirt,Clothing,76,New Jersey,S,Brown,Summer,3.6,No,Next Day Air,No,No,25,Bank Transfer,Quarterly
5165,60,Male,Skirt,Accessories,19,Iowa,XL,White,Spring,3.3,Yes,Store Pickup,No,No,14,Credit Card,Every 3 Months
5166,38,Male,Blouse,Footwear,65,New Hampshire,S,Blue,Spring,4.6,No,Next Day Air,Yes,Yes,24,PayPal,Bi-Weekly
5167,28,Male,Belt,Accessories,104,Louisiana,S,Green,Winter,4.7,No,Standard,No,Yes,15,Debit Card,Monthly
5168,35,Male,Socks,Clothing,56,New Mexico,M,Green,Spring,3.1,No,Free Shipping,Yes,No,50,Bank Transfer,Quarterly
5169,23,Female,Boots,Clothing,75,West Virginia,S,Peach,Summer,2.8,No,Express,Yes,No,26,Credit Card,Bi-Weekly
5170,54,Female,Dress,Clothing,29,New Hampshire,M,Orange,Fall,3.7,No,Standard,No,Yes,43,Cash,Monthly
5171,38,Female,T-shirt,Clothing,68,California,L,Silver,Summer,4.7,No,Store Pickup,No,Yes,45,PayPal,Weekly
5172,43,Female,Sneakers,Clothing,94,Pennsylvania,M,Silver,Spring,4.0,No,Standard,No,No,38,Credit Card,Quarterly
5173,51,Male,Boots,Clothing,38,California,S,Gray,Spring,3.1,Yes,Store Pickup,Yes,Yes,8,Debit Card,Monthly
5174,55,Male,Hoodie,Outerwear,76,Wyoming,M,Turquoise,Winter,2.9,No,2-Day Shipping,No,Yes,27,Cash,Weekly
5175,50,Female,Shirt,Outerwear,71,Alabama,S,Magenta,Winter,4.9,Yes,Express,Yes,Yes,9,Credit Card,Quarterly
5176,32,Male,Sweater,Accessories,76,Alabama,XL,Maroon,Summer,4.0,No,Standard,No,No,24,Bank Transfer,Weekly
5177,38,Male,Socks,Accessories,63,Nebraska,L,Green,Spring,4.8,No,Free Shipping,No,No,5,PayPal,Every 3 Months
5178,20,Male,Backpack,Outerwear,74,Vermont,XL,Gray,Fall,5.0,Yes,Next Day Air,Yes,No,38,Debit Card,Bi-Weekly
5179,42,Male,Backpack,Clothing,46,Montana,M,Magenta,Fall,2.6,No,Standard,No,Yes,23,Debit Card,Fortnightly
5180,22,Male,Hat,Accessories,23,Colorado,S,Blue,Spring,4.5,Yes,Store Pickup,No,No,5,Credit Card,Quarterly
5181,25,Female,Handbag,Clothing,33,California,S,Pink,Spring,3.8,Yes,Standard,Yes,Yes,21,Debit Card,Monthly
5182,49,Female,Sneakers,Clothing,58,New Hampshire,L,Teal,Spring,3.2,Yes,Free Shipping,Yes,Yes,26,Credit Card,Annually
5183,25,Male,Hat,Footwear,56,California,M,Magenta,Summer,4.1,No,Standard,No,No,41,Bank Transfer,Fortnightly
5184,56,Male,Socks,Clothing,84,Illinois,M,Teal,Winter,3.4,No,Store Pickup,No,No,42,Cash,Quarterly
5185,63,Male,Belt,Accessories,92,Colorado,L,Teal,Fall,4.1,Yes,Free Shipping,No,No,44,Debit Card,Monthly
5186,58,Male,Shirt,Accessories,94,Pennsylvania,L,Charcoal,Summer,2.8,Yes,2-Day Shipping,Yes,Yes,8,Venmo,Quarterly
5187,38,Male,Sandals,Accessories,25,Louisiana,L,Pink,Fall,4.8,Yes,2-Day Shipping,Yes,No,25,Bank Transfer,Quarterly
5188,18,Male,Hat,Clothing,27,Texas,M,White,Fall,3.1,Yes,Next Day Air,Yes,No,1,Debit Card,Quarterly
5189,20,Male,Gloves,Accessories,80,Vermont,M,Olive,Fall,3.1,Yes,Store Pickup,Yes,Yes,48,Credit Card,Monthly
5190,63,Female,Backpack,Clothing,82,Georgia,M,Purple,Summer,3.1,No,Free Shipping,No,No,1,PayPal,Bi-Weekly
5191,62,Male,Belt,Clothing,63,Texas,M,Gold,Spring,3.2,No,2-Day Shipping,Yes,Yes,8,Bank Transfer,Bi-Weekly
5192,18,Male,Handbag,Footwear,67,Idaho,M,Gray,Summer,4.5,Yes,Store Pickup,No,No,24,Bank Transfer,Annually
5193,70,Male,Sweater,Accessories,73,Illinois,XL,Black,Spring,2.6,Yes,Standard,No,Yes,31,PayPal,Quarterly
5194,57,Male,Socks,Accessories,36,Montana,M,Red,Winter,2.9,Yes,Store Pickup,No,No,42,PayPal,Annually
5195,28,Female,Shoes,Clothing,54,North Dakota,M,Charcoal,Fall,4.3,No,Express,No,No,43,Credit Card,Quarterly
5196,47,Female,Shoes,Accessories,67,Maryland,L,Violet,Winter,3.0,No,Next Day Air,No,No,49,Cash,Annually
5197,30,Male,Hat,Accessories,74,Missouri,S,Teal,Summer,3.2,No,Express,No,No,28,Credit Card,Bi-Weekly
5198,46,Female,Hoodie,Accessories,60,Nevada,M,Red,Winter,4.5,No,Free Shipping,No,No,40,Cash,Quarterly
5199,54,Male,Dress,Accessories,62,Florida,M,Gold,Spring,3.9,Yes,Next Day Air,Yes,No,40,Cash,Fortnightly
5200,64,Male,Hoodie,Footwear,62,New Hampshire,S,Red,Winter,3.9,No,2-Day Shipping,No,Yes,17,Venmo,Fortnightly
5201,33,Male,Coat,Clothing,23,Idaho,M,Green,Winter,3.0,No,Next Day Air,No,Yes,24,PayPal,Weekly
5202,57,Male,Boots,Clothing,69,Mississippi,M,Lavender,Spring,3.2,Yes,Store Pickup,No,No,24,PayPal,Bi-Weekly
5203,18,Female,Sweater,Clothing,38,Wisconsin,M,Peach,Winter,4.8,No,Standard,Yes,No,6,PayPal,Annually
5204,38,Male,T-shirt,Clothing,78,Massachusetts,L,Olive,Fall,3.3,No,Express,Yes,Yes,15,Debit Card,Monthly
5205,60,Male,Hoodie,Clothing,90,Louisiana,M,Yellow,Spring,2.7,No,Free Shipping,No,No,13,Bank Transfer,Quarterly
5206,41,Female,Handbag,Clothing,48,Montana,L,Charcoal,Spring,4.1,No,Next Day Air,No,No,13,Bank Transfer,Annually
5207,46,Female,Sandals,Clothing,90,Kansas,M,Magenta,Spring,3.3,No,Express,Yes,No,13,Credit Card,Bi-Weekly
5208,44,Male,Sneakers,Clothing,33,Arkansas,M,Maroon,Winter,2.7,No,2-Day Shipping,No,No,7,PayPal,Weekly
5209,65,Female,Jacket,Clothing,72,Maryland,XL,Cyan,Summer,2.6,No,Standard,Yes,No,31,Bank Transfer,Weekly
5210,20,Female,Gloves,Accessories,91,Minnesota,L,Indigo,Spring,3.5,No,Next Day Air,No,No,11,Cash,Quarterly
5211,32,Female,Dress,Accessories,57,Alaska,XL,Magenta,Fall,4.5,No,Store Pickup,No,No,10,Venmo,Fortnightly
5212,50,Male,T-shirt,Footwear,104,New Mexico,M,Blue,Fall,3.2,No,Store Pickup,No,No,22,Venmo,Annually
5213,34,Male,Hat,Clothing,42,Pennsylvania,M,Purple,Winter,2.7,Yes,Standard,No,No,15,Debit Card,Bi-Weekly
5214,22,Male,Jacket,Accessories,41,Massachusetts,M,Magenta,Winter,4.7,No,Express,Yes,Yes,15,Credit Card,Weekly
5215,42,Male,Boots,Accessories,96,Nevada,M,Indigo,Spring,4.7,No,Express,No,Yes,9,Bank Transfer,Every 3 Months
5216,23,Female,Shorts,Accessories,40,Florida,M,Turquoise,Summer,4.7,Yes,Free Shipping,Yes,No,17,Venmo,Bi-Weekly
5217,45,Female,Belt,Accessories,18,Alaska,M,Violet,Fall,2.9,No,2-Day Shipping,Yes,No,32,Debit Card,Weekly
5218,53,Female,Jewelry,Accessories,25,Wisconsin,M,Violet,Winter,4.7,No,Standard,No,No,22,Bank Transfer,Weekly
5219,25,Female,Sneakers,Accessories,60,Georgia,M,Violet,Spring,3.7,Yes,Store Pickup,Yes,No,50,PayPal,Fortnightly
5220,19,Male,Sweater,Accessories,106,North Carolina,L,Black,Fall,2.9,No,Next Day Air,No,No,1,Cash,Every 3 Months
5221,31,Male,Backpack,Accessories,31,Colorado,M,Black,Spring,3.7,No,Store Pickup,Yes,Yes,37,Bank Transfer,Bi-Weekly
5222,56,Male,Jacket,Clothing,65,Florida,M,Cyan,Fall,4.1,Yes,Express,Yes,Yes,3,Debit Card,Every 3 Months
5223,65,Female,Shorts,Clothing,22,Montana,S,Gold,Winter,2.5,Yes,Next Day Air,Yes,No,3,Bank Transfer,Bi-Weekly
5224,53,Male,Socks,Outerwear,84,Iowa,L,Charcoal,Summer,4.3,Yes,Store Pickup,Yes,Yes,18,Credit Card,Every 3 Months
5225,35,Male,Skirt,Footwear,57,South Carolina,M,Cyan,Winter,3.4,No,Standard,Yes,No,21,Debit Card,Every 3 Months
5226,60,Male,Shoes,Outerwear,102,Alabama,XL,Beige,Spring,3.5,No,Express,No,Yes,33,PayPal,Quarterly
5227,69,Male,Jewelry,Footwear,30,Connecticut,M,Silver,Winter,3.3,Yes,Express,No,No,21,Debit Card,Weekly
5228,57,Male,Handbag,Accessories,37,Iowa,S,Teal,Fall,3.9,No,2-Day Shipping,No,Yes,43,Venmo,Annually
5229,18,Male,Sweater,Clothing,87,West Virginia,L,Indigo,Winter,4.8,No,Next Day Air,Yes,Yes,45,Cash,Bi-Weekly
5230,48,Male,Sandals,Clothing,87,Rhode Island,L,Lavender,Summer,3.4,Yes,2-Day Shipping,No,No,44,Bank Transfer,Bi-Weekly
5231,33,Female,Handbag,Footwear,45,Alabama,L,Gray,Winter,2.9,No,2-Day Shipping,No,Yes,23,Credit Card,Fortnightly
5232,51,Female,Sneakers,Clothing,21,Nevada,XL,Blue,Winter,2.9,No,Free Shipping,No,No,13,PayPal,Every 3 Months
5233,50,Male,Sandals,Accessories,37,New Jersey,L,Indigo,Winter,4.1,No,Store Pickup,No,No,14,Debit Card,Weekly
5234,66,Female,Sweater,Clothing,57,Montana,M,Black,Spring,2.5,No,Standard,No,Yes,36,PayPal,Fortnightly
5235,36,Female,Jacket,Clothing,91,Virginia,M,Turquoise,Fall,4.2,No,2-Day Shipping,Yes,Yes,39,Bank Transfer,Bi-Weekly
5236,65,Male,Dress,Accessories,88,Louisiana,XL,Gray,Fall,4.9,No,Free Shipping,Yes,No,33,PayPal,Bi-Weekly
5237,47,Female,Skirt,Accessories,84,Pennsylvania,L,Olive,Summer,2.7,No,2-Day Shipping,No,Yes,46,Debit Card,Fortnightly
5238,36,Male,Hoodie,Clothing,70,Massachusetts,M,Charcoal,Winter,4.7,Yes,2-Day Shipping,No,Yes,15,Bank Transfer,Weekly
5239,28,Male,Shorts,Accessories,77,Pennsylvania,M,Turquoise,Winter,4.9,No,Express,No,Yes,12,Bank Transfer,Bi-Weekly
5240,42,Male,Sandals,Clothing,54,New York,M,Black,Fall,4.6,No,Express,Yes,No,25,Cash,Quarterly
5241,70,Female,Skirt,Accessories,53,Pennsylvania,L,Cyan,Spring,4.6,Yes,Express,No,Yes,30,Credit Card,Quarterly
5242,69,Male,Hoodie,Footwear,44,North Carolina,M,Indigo,Summer,4.9,No,Standard,No,No,18,Venmo,Monthly
5243,42,Female,Shoes,Footwear,101,Delaware,XL,Black,Spring,3.8,No,Store Pickup,Yes,Yes,21,Bank Transfer,Fortnightly
5244,49,Male,Sunglasses,Accessories,41,Missouri,XL,White,Fall,,No,2-Day Shipping,Yes,Yes,15,Cash,Every 3 Months
5245,36,Female,Gloves,Accessories,46,West Virginia,M,Green,Summer,4.2,No,Free Shipping,Yes,No,47,Bank Transfer,Quarterly
5246,31,Male,Dress,Accessories,27,Arizona,M,Red,Fall,5.0,No,Free Shipping,Yes,Yes,2,Debit Card,Monthly
5247,63,Male,Jacket,Outerwear,75,Arkansas,M,Violet,Winter,4.7,No,Standard,Yes,Yes,24,PayPal,Fortnightly
5248,35,Female,Shoes,Footwear,26,Delaware,M,Maroon,Fall,3.9,No,Standard,No,No,24,Venmo,Every 3 Months
5249,26,Male,Shirt,Clothing,98,Massachusetts,L,White,Winter,4.2,No,Store Pickup,No,No,17,Venmo,Annually
5250,47,Male,Coat,Outerwear,49,Florida,L,Beige,Spring,2.9,No,Store Pickup,No,No,38,Credit Card,Bi-Weekly
5251,51,Male,Belt,Accessories,60,South Carolina,XL,Violet,Summer,5.0,No,Store Pickup,Yes,No,12,Cash,Weekly
5252,58,Female,Coat,Clothing,96,Pennsylvania,S,Orange,Spring,4.6,Yes,Free Shipping,Yes,Yes,16,Venmo,Bi-Weekly
5253,69,Male,Skirt,Clothing,26,New Mexico,M,Violet,Spring,4.5,No,Standard,No,No,20,PayPal,Monthly
5254,42,Female,Handbag,Accessories,70,Illinois,L,Olive,Summer,3.5,No,Free Shipping,No,No,49,Bank Transfer,Bi-Weekly
5255,21,Male,Sweater,Clothing,31,Kansas,M,Indigo,Summer,4.6,No,2-Day Shipping,No,No,40,Venmo,Bi-Weekly
5256,27,Female,Shirt,Accessories,17,Oregon,M,Brown,Winter,3.3,No,2-Day Shipping,No,No,50,Credit Card,Annually
5257,46,Female,T-shirt,Accessories,96,New York,M,Yellow,Summer,3.7,Yes,Store Pickup,Yes,Yes,24,Debit Card,Weekly
5258,26,Male,Sandals,Outerwear,61,Massachusetts,L,Indigo,Spring,2.9,Yes,Free Shipping,Yes,No,19,Debit Card,Bi-Weekly
5259,53,Male,Scarf,Accessories,68,Texas,S,Green,Winter,3.8,No,Store Pickup,No,Yes,45,Bank Transfer,Monthly
5260,24,Female,Hat,Clothing,89,Georgia,M,Green,Summer,4.8,Yes,Standard,No,No,9,Debit Card,Fortnightly
5261,33,Female,Pants,Footwear,99,Kentucky,L,Lavender,Summer,3.1,No,2-Day Shipping,No,No,2,Cash,Annually
5262,60,Female,Handbag,Accessories,61,Florida,M,Cyan,Fall,3.5,No,Next Day Air,Yes,No,49,Cash,Every 3 Months
5263,36,Male,Scarf,Footwear,92,South Dakota,L,Gold,Winter,3.5,No,Free Shipping,Yes,Yes,11,Debit Card,Monthly
5264,54,Female,Scarf,Accessories,66,Louisiana,L,Purple,Spring,3.9,No,2-Day Shipping,Yes,Yes,1,PayPal,Bi-Weekly
5265,46,Male,Hoodie,Accessories,35,New Mexico,M,Maroon,Spring,4.9,No,Free Shipping,No,No,2,Credit Card,Quarterly
5266,57,Male,Sunglasses,Accessories,41,Nevada,XL,Beige,Summer,5.0,No,Next Day Air,No,No,11,Venmo,Every 3 Months
5267,69,Male,Shirt,Clothing,83,West Virginia,XL,Maroon,Fall,3.4,No,Standard,No,Yes,15,Venmo,Monthly
5268,30,Male,Scarf,Accessories,40,Nevada,S,Black,Summer,4.8,No,Store Pickup,No,Yes,3,Credit Card,Monthly
5269,46,Male,Scarf,Accessories,46,West Virginia,M,Yellow,Winter,2.9,No,Standard,No,No,11,Credit Card,Every 3 Months
5270,55,Male,Shoes,Accessories,60,Delaware,L,Black,Winter,2.9,Yes,Store Pickup,No,No,8,Debit Card,Weekly
5271,50,Male,Shoes,Accessories,28,Minnesota,S,Gold,Winter,2.9,Yes,Next Day Air,No,No,31,Debit Card,Weekly
5272,55,Male,Dress,Accessories,39,Missouri,M,Black,Winter,3.6,No,Standard,No,No,44,PayPal,Weekly
5273,19,Male,Handbag,Footwear,66,Delaware,M,Green,Winter,2.6,No,Next Day Air,No,No,9,Credit Card,Fortnightly
5274,26,Male,Handbag,Footwear,101,Hawaii,S,White,Winter,4.0,No,Store Pickup,No,No,27,Debit Card,Monthly
5275,21,Female,Sneakers,Clothing,41,Alabama,S,Pink,Winter,3.2,No,2-Day Shipping,No,No,31,Bank Transfer,Bi-Weekly
5276,44,Female,Sunglasses,Clothing,96,Massachusetts,L,Purple,Winter,3.5,No,Free Shipping,No,Yes,14,Cash,Monthly
5277,63,Male,Coat,Accessories,18,Alabama,L,Black,Spring,3.5,No,Next Day Air,Yes,Yes,42,Bank Transfer,Every 3 Months
5278,55,Female,T-shirt,Footwear,43,Missouri,M,Silver,Summer,3.6,No,2-Day Shipping,Yes,Yes,33,PayPal,Every 3 Months
5279,62,Female,Socks,Accessories,65,Idaho,L,Beige,Fall,4.8,No,Store Pickup,No,No,32,Venmo,Weekly
5280,40,Male,Belt,Clothing,78,Arkansas,S,Purple,Summer,2.9,No,Standard,Yes,No,33,Bank Transfer,Fortnightly
5281,19,Female,Dress,Clothing,88,Connecticut,M,Magenta,Winter,2.9,No,2-Day Shipping,No,Yes,9,Venmo,Quarterly
5282,28,Female,Backpack,Clothing,88,Georgia,L,Black,Fall,4.6,No,Express,No,No,34,PayPal,Annually
5283,40,Male,Jacket,Clothing,86,Oregon,S,Gold,Fall,3.9,No,Next Day Air,Yes,No,47,Venmo,Every 3 Months
5284,58,Male,Jacket,Accessories,54,Nebraska,M,White,Fall,2.9,No,Store Pickup,No,Yes,31,Debit Card,Weekly
5285,45,Male,Sweater,Clothing,68,Maryland,M,Blue,Summer,4.2,No,2-Day Shipping,No,No,46,Venmo,Fortnightly
5286,22,Male,Sunglasses,Clothing,53,Washington,S,Red,Winter,4.5,No,Store Pickup,No,Yes,21,Bank Transfer,Weekly
5287,27,Female,Belt,Outerwear,34,Minnesota,XL,Peach,Fall,2.6,Yes,Free Shipping,No,Yes,34,Venmo,Every 3 Months
5288,21,Male,Handbag,Clothing,80,Illinois,L,Olive,Winter,4.0,Yes,Store Pickup,No,Yes,28,Debit Card,Every 3 Months
5289,46,Female,Sunglasses,Clothing,86,Wyoming,L,Teal,Spring,4.5,No,2-Day Shipping,Yes,No,18,Venmo,Weekly
5290,20,Female,Dress,Accessories,17,Oklahoma,L,Green,Fall,3.8,No,Standard,No,No,44,Bank Transfer,Every 3 Months
5291,42,Male,Scarf,Clothing,85,Iowa,M,Purple,Spring,2.9,Yes,Standard,Yes,No,25,Debit Card,Every 3 Months
5292,54,Male,Dress,Clothing,80,Washington,L,Pink,Winter,3.7,No,Standard,No,No,31,Debit Card,Bi-Weekly
5293,70,Male,Skirt,Accessories,32,Ohio,M,Black,Winter,3.5,Yes,Standard,No,No,11,Credit Card,Weekly
5294,27,Male,Sneakers,Clothing,32,Maryland,L,Purple,Spring,3.5,No,Store Pickup,Yes,No,33,Bank Transfer,Every 3 Months
5295,18,Male,Sneakers,Clothing,63,Delaware,S,Gold,Fall,4.5,No,Express,No,No,49,Cash,Quarterly
5296,26,Male,Sunglasses,Clothing,108,California,L,Gold,Fall,2.9,No,Standard,No,No,14,Bank Transfer,Every 3 Months
5297,60,Female,Jewelry,Clothing,58,Mississippi,L,Blue,Fall,2.9,Yes,Store Pickup,Yes,Yes,44,PayPal,Fortnightly
5298,39,Female,Scarf,Clothing,21,Utah,XL,Pink,Summer,4.3,No,Next Day Air,No,No,34,Debit Card,Weekly
5299,32,Male,Dress,Outerwear,89,Maryland,L,Pink,Spring,4.3,No,Standard,No,No,24,Debit Card,Bi-Weekly
5300,54,Male,Sunglasses,Clothing,24,Oregon,M,Maroon,Summer,4.0,No,Store Pickup,No,No,48,Venmo,Weekly
5301,60,Male,Sunglasses,Clothing,63,Tennessee,L,Yellow,Fall,2.9,No,2-Day Shipping,No,Yes,4,Credit Card,Fortnightly
5302,25,Male,Scarf,Clothing,60,Arkansas,M,Magenta,Spring,3.1,Yes,2-Day Shipping,Yes,No,15,Bank Transfer,Quarterly
5303,25,Female,Scarf,Outerwear,83,Maryland,M,Orange,Winter,3.9,No,Next Day Air,No,Yes,46,Venmo,Weekly
5304,59,Female,Sunglasses,Clothing,18,North Dakota,XL,Blue,Winter,3.2,No,2-Day Shipping,No,No,50,Cash,Monthly
5305,36,Male,Shoes,Clothing,38,Arkansas,M,Beige,Fall,4.3,No,Next Day Air,Yes,Yes,44,Venmo,Quarterly
5306,57,Male,Sunglasses,Clothing,102,Louisiana,L,Gold,Fall,4.5,Yes,Next Day Air,No,No,19,Credit Card,Monthly
5307,49,Male,Sandals,Outerwear,65,Kansas,M,Cyan,Spring,3.0,No,Store Pickup,No,Yes,21,PayPal,Quarterly
5308,59,Male,Dress,Outerwear,50,Idaho,L,Yellow,Summer,3.2,Yes,Store Pickup,Yes,Yes,46,Cash,Fortnightly
5309,46,Female,Shoes,Accessories,28,Colorado,L,Orange,Spring,4.6,No,Store Pickup,No,Yes,27,Credit Card,Quarterly
5310,32,Male,Dress,Accessories,42,Wisconsin,L,Pink,Winter,3.2,Yes,Express,No,Yes,42,Debit Card,Every 3 Months
5311,55,Male,Pants,Clothing,68,West Virginia,S,Lavender,Fall,5.0,No,Store Pickup,No,Yes,30,Venmo,Quarterly
5312,28,Male,Shirt,Footwear,33,Oklahoma,L,Lavender,Winter,4.3,No,Store Pickup,No,Yes,23,Venmo,Monthly
5313,66,Female,Jacket,Clothing,72,Louisiana,L,Magenta,Spring,3.5,Yes,Express,No,No,21,Cash,Bi-Weekly
5314,67,Female,Skirt,Accessories,18,South Dakota,M,Lavender,Summer,4.2,No,Standard,No,Yes,16,Credit Card,Bi-Weekly
5315,31,Male,Sweater,Accessories,81,Arkansas,S,Pink,Winter,3.0,No,Free Shipping,Yes,Yes,50,Cash,Annually
5316,37,Male,Blouse,Clothing,88,Florida,M,Turquoise,Summer,4.1,No,Store Pickup,No,Yes,3,Cash,Weekly
5317,35,Female,Shirt,Footwear,78,Kansas,L,Orange,Spring,2.7,Yes,Free Shipping,Yes,Yes,14,PayPal,Fortnightly
5318,70,Male,Jacket,Outerwear,94,Idaho,M,Cyan,Winter,3.1,No,Next Day Air,No,No,34,PayPal,Bi-Weekly
5319,29,Female,Jacket,Clothing,54,Michigan,L,Turquoise,Winter,3.7,Yes,2-Day Shipping,Yes,No,27,Debit Card,Bi-Weekly
5320,44,Female,Gloves,Accessories,52,Nebraska,L,Maroon,Fall,3.7,Yes,2-Day Shipping,No,No,14,PayPal,Bi-Weekly
5321,66,Male,Gloves,Outerwear,67,Montana,XL,Orange,Winter,4.6,Yes,Store Pickup,Yes,No,3,Venmo,Every 3 Months
5322,23,Male,Scarf,Clothing,42,Washington,M,Turquoise,Spring,3.6,Yes,Free Shipping,Yes,Yes,29,Bank Transfer,Weekly
5323,34,Female,Socks,Clothing,39,Montana,S,Lavender,Fall,2.7,No,Next Day Air,No,No,13,Bank Transfer,Fortnightly
5324,33,Male,Shorts,Accessories,30,California,L,Orange,Summer,4.4,No,Free Shipping,No,No,3,Bank Transfer,Bi-Weekly
5325,45,Male,Backpack,Outerwear,60,Nebraska,L,Silver,Summer,3.1,No,Standard,Yes,No,21,Debit Card,Weekly
5326,28,Male,Sunglasses,Outerwear,23,Delaware,XL,Olive,Fall,4.0,No,Free Shipping,Yes,Yes,49,Credit Card,Every 3 Months
5327,40,Male,Scarf,Accessories,29,Tennessee,L,Green,Winter,3.5,No,Standard,Yes,No,47,Debit Card,Monthly
5328,32,Male,Backpack,Clothing,92,North Carolina,XL,Cyan,Fall,3.7,No,Store Pickup,No,Yes,30,PayPal,Every 3 Months
5329,63,Male,Socks,Clothing,73,Hawaii,S,Magenta,Spring,4.7,No,Store Pickup,No,No,3,Cash,Monthly
5330,44,Male,Jewelry,Clothing,65,Arkansas,S,Lavender,Spring,3.0,Yes,Standard,Yes,No,50,Cash,Quarterly
5331,19,Female,Sweater,Accessories,55,Maryland,M,Gray,Fall,3.2,No,Standard,No,Yes,19,Cash,Quarterly
5332,47,Male,Dress,Accessories,55,New Mexico,M,Teal,Spring,3.2,Yes,Free Shipping,No,Yes,26,Venmo,Weekly
5333,53,Male,Pants,Footwear,32,Arizona,M,Magenta,Winter,3.1,No,Standard,No,No,20,Debit Card,Every 3 Months
5334,19,Female,Handbag,Clothing,85,Montana,M,Maroon,Spring,5.0,No,Express,No,Yes,25,Bank Transfer,Annually
5335,64,Male,Pants,Clothing,37,Georgia,M,Teal,Spring,2.9,No,Standard,No,No,2,Bank Transfer,Quarterly
5336,25,Male,Jacket,Accessories,29,Oregon,S,Black,Winter,3.7,No,Next Day Air,No,Yes,23,PayPal,Weekly
5337,32,Female,Blouse,Accessories,28,Texas,S,Red,Fall,3.2,No,Free Shipping,Yes,No,12,Bank Transfer,Weekly
5338,57,Female,Sunglasses,Clothing,36,Vermont,S,Orange,Fall,3.2,No,Express,Yes,No,24,Credit Card,Weekly
5339,21,Female,Hoodie,Accessories,66,Pennsylvania,S,Olive,Summer,4.2,No,2-Day Shipping,No,No,4,PayPal,Bi-Weekly
5340,62,Male,Dress,Clothing,92,West Virginia,S,Lavender,Winter,3.4,No,2-Day Shipping,No,No,14,Venmo,Monthly
5341,50,Male,Sweater,Clothing,26,Minnesota,M,Teal,Fall,2.6,No,Free Shipping,Yes,No,35,Cash,Monthly
5342,55,Male,Jacket,Clothing,95,Oregon,L,Teal,Fall,3.9,Yes,2-Day Shipping,Yes,No,13,Bank Transfer,Every 3 Months
5343,57,Female,Shorts,Accessories,95,Idaho,L,Violet,Winter,3.5,No,2-Day Shipping,Yes,Yes,32,PayPal,Every 3 Months
5344,52,Female,Coat,Accessories,45,West Virginia,S,Green,Summer,4.3,No,Free Shipping,Yes,No,43,Bank Transfer,Quarterly
5345,30,Male,Sandals,Outerwear,82,Colorado,L,Orange,Summer,4.7,Yes,Standard,No,No,38,PayPal,Quarterly
5346,58,Male,Sweater,Accessories,34,North Carolina,M,Violet,Summer,4.5,No,2-Day Shipping,No,No,30,Debit Card,Every 3 Months
5347,54,Male,Sunglasses,Accessories,56,New Jersey,L,Olive,Summer,3.9,No,Store Pickup,No,No,21,Bank Transfer,Bi-Weekly
5348,39,Male,Sweater,Accessories,55,Washington,M,Violet,Spring,3.4,No,Standard,No,No,14,Credit Card,Annually
5349,44,Female,Sweater,Accessories,74,Iowa,S,Turquoise,Winter,2.9,No,2-Day Shipping,No,Yes,43,Cash,Every 3 Months
5350,59,Male,Pants,Footwear,75,South Dakota,M,Violet,Fall,2.9,No,Free Shipping,No,No,23,Cash,Bi-Weekly
5351,57,Male,Belt,Clothing,54,Nebraska,M,Gray,Winter,3.6,Yes,Next Day Air,No,No,9,Credit Card,Every 3 Months
5352,25,Male,Sandals,Accessories,56,Idaho,M,Purple,Fall,3.4,No,Store Pickup,No,Yes,26,Cash,Fortnightly
5353,58,Male,Skirt,Accessories,63,Oregon,M,Cyan,Summer,2.8,Yes,Express,Yes,Yes,3,PayPal,Annually
5354,63,Male,Shirt,Accessories,44,South Carolina,M,Charcoal,Winter,3.7,No,2-Day Shipping,Yes,Yes,5,Debit Card,Annually
5355,44,Male,Sweater,Clothing,63,Minnesota,XL,Charcoal,Summer,2.8,Yes,Express,Yes,Yes,46,PayPal,Annually
5356,23,Male,Sunglasses,Clothing,96,Florida,XL,Pink,Spring,3.1,No,Express,Yes,Yes,43,Bank Transfer,Monthly
5357,54,Male,Hoodie,Footwear,76,South Dakota,S,Purple,Fall,3.5,No,Next Day Air,No,No,31,PayPal,Annually
5358,34,Male,Sweater,Accessories,40,Oklahoma,M,Lavender,Summer,2.6,No,2-Day Shipping,No,Yes,8,PayPal,Weekly
5359,50,Male,Sneakers,Accessories,74,Oklahoma,L,Yellow,Summer,4.4,Yes,2-Day Shipping,No,Yes,8,Credit Card,Bi-Weekly
5360,47,Female,Shirt,Accessories,77,Kentucky,M,Brown,Summer,2.5,No,Express,Yes,No,36,Bank Transfer,Monthly
5361,50,Male,Sweater,Clothing,47,North Dakota,M,Red,Fall,2.6,No,2-Day Shipping,Yes,No,48,Cash,Weekly
5362,43,Female,Pants,Accessories,35,Nebraska,L,Indigo,Fall,4.4,No,Next Day Air,Yes,No,12,Bank Transfer,Every 3 Months
5363,44,Male,Jeans,Footwear,39,Ohio,M,Magenta,Fall,4.1,Yes,Free Shipping,No,No,25,Cash,Monthly
5364,65,Male,Handbag,Accessories,68,Mississippi,M,Magenta,Winter,4.1,No,Standard,Yes,Yes,48,Bank Transfer,Every 3 Months
5365,28,Male,Sandals,Accessories,17,Mississippi,L,Lavender,Spring,4.9,No,2-Day Shipping,No,No,36,Venmo,Every 3 Months
5366,51,Male,Scarf,Accessories,48,Oklahoma,XL,Black,Fall,4.5,No,Store Pickup,No,No,38,Bank Transfer,Fortnightly
5367,30,Female,Scarf,Clothing,85,North Dakota,S,Beige,Summer,3.7,Yes,Standard,Yes,No,48,Credit Card,Annually
5368,59,Male,Shoes,Footwear,85,Montana,L,Lavender,Fall,3.6,No,2-Day Shipping,No,Yes,37,PayPal,Bi-Weekly
5369,48,Male,T-shirt,Accessories,47,New Jersey,M,Charcoal,Winter,4.1,No,Express,No,No,11,Debit Card,Monthly
5370,42,Female,Jacket,Accessories,26,Alabama,L,Cyan,Spring,4.9,No,Store Pickup,No,No,45,Credit Card,Every 3 Months
5371,58,Male,Scarf,Clothing,51,Minnesota,M,Black,Summer,3.7,No,Store Pickup,No,No,36,PayPal,Every 3 Months
5372,31,Male,Sneakers,Accessories,71,West Virginia,M,Peach,Winter,3.9,No,Free Shipping,No,Yes,19,Cash,Quarterly
5373,31,Male,Shirt,Clothing,85,Kansas,S,Black,Winter,3.6,No,Store Pickup,No,Yes,19,Bank Transfer,Every 3 Months
5374,62,Female,Shirt,Clothing,25,Washington,L,White,Spring,5.0,Yes,Express,No,Yes,50,PayPal,Quarterly
5375,28,Male,Jeans,Footwear,47,Nebraska,M,Purple,Summer,3.5,Yes,Next Day Air,Yes,Yes,9,Debit Card,Every 3 Months
5376,42,Male,Shoes,Clothing,65,Utah,L,Gold,Fall,3.5,Yes,Express,Yes,No,1,PayPal,Quarterly
5377,54,Male,Dress,Accessories,53,Nevada,S,Charcoal,Winter,2.8,No,Standard,No,Yes,32,Cash,Every 3 Months
5378,46,Female,Belt,Clothing,38,West Virginia,M,Blue,Spring,2.6,No,Next Day Air,No,Yes,5,Venmo,Weekly
5379,40,Female,Shoes,Footwear,72,New Jersey,M,Green,Winter,4.0,No,Standard,No,No,17,Credit Card,Annually
5380,40,Female,Sweater,Clothing,76,Nebraska,M,Brown,Spring,4.2,No,Express,No,Yes,34,Cash,Fortnightly
5381,28,Female,Belt,Clothing,91,South Dakota,L,Peach,Spring,4.0,No,Standard,No,Yes,1,Debit Card,Weekly
5382,40,Male,Backpack,Clothing,56,Colorado,M,Orange,Spring,4.8,Yes,Next Day Air,No,No,15,Debit Card,Fortnightly
5383,62,Male,Backpack,Clothing,62,Delaware,S,Teal,Winter,3.9,Yes,Standard,Yes,Yes,26,Bank Transfer,Weekly
5384,44,Male,Jeans,Accessories,29,Arkansas,M,Indigo,Winter,2.8,Yes,Standard,No,No,27,Debit Card,Every 3 Months
5385,21,Male,Sunglasses,Clothing,103,Massachusetts,S,Peach,Winter,4.1,No,Free Shipping,Yes,No,27,Debit Card,Monthly
5386,48,Male,Shorts,Accessories,81,Maryland,XL,Yellow,Spring,4.5,Yes,Next Day Air,Yes,No,21,Credit Card,Weekly
5387,27,Male,Socks,Accessories,37,Florida,XL,Red,Summer,2.8,No,Next Day Air,No,Yes,31,Venmo,Fortnightly
5388,46,Male,Sunglasses,Outerwear,91,Missouri,S,Maroon,Spring,3.3,No,Store Pickup,No,No,46,Venmo,Fortnightly
5389,68,Male,Sneakers,Accessories,79,Idaho,L,Lavender,Spring,3.2,No,Next Day Air,No,No,1,Credit Card,Weekly
5390,54,Male,Scarf,Outerwear,29,New Hampshire,L,Blue,Spring,2.6,Yes,Next Day Air,Yes,No,33,PayPal,Weekly
5391,57,Female,Coat,Clothing,50,Pennsylvania,L,Peach,Winter,4.0,No,2-Day Shipping,Yes,No,35,Debit Card,Annually
5392,31,Male,Backpack,Clothing,98,Michigan,XL,Charcoal,Winter,4.3,No,Free Shipping,Yes,Yes,16,Cash,Monthly
5393,56,Male,Jeans,Clothing,19,Alaska,M,Maroon,Spring,4.6,No,2-Day Shipping,No,Yes,3,PayPal,Quarterly
5394,26,Male,Pants,Footwear,84,Maine,S,Green,Fall,4.2,No,Store Pickup,No,No,32,Debit Card,Bi-Weekly
5395,28,Female,Shirt,Clothing,33,New York,M,Red,Spring,,No,Store Pickup,Yes,Yes,43,Bank Transfer,Quarterly
5396,64,Male,Coat,Footwear,30,Georgia,S,Black,Summer,4.3,No,Express,No,Yes,33,Debit Card,Monthly
5397,62,Female,Handbag,Clothing,88,New Hampshire,M,Turquoise,Fall,4.0,No,Free Shipping,No,No,26,Debit Card,Fortnightly
5398,25,Male,Socks,Accessories,47,Montana,M,Cyan,Fall,2.6,No,Free Shipping,No,No,50,Debit Card,Monthly
5399,43,Male,Hoodie,Footwear,30,Texas,L,Purple,Spring,4.8,No,Store Pickup,No,No,18,Bank Transfer,Quarterly
5400,48,Female,Shirt,Accessories,87,Maine,M,Charcoal,Fall,3.1,Yes,Next Day Air,No,Yes,36,Cash,Quarterly
5401,31,Male,Pants,Clothing,77,Virginia,XL,Brown,Winter,2.9,Yes,Standard,No,Yes,42,Debit Card,Every 3 Months
5402,40,Male,Coat,Clothing,87,Delaware,S,White,Winter,3.1,Yes,Next Day Air,Yes,Yes,16,Venmo,Annually
5403,28,Female,Pants,Accessories,61,New Jersey,S,Indigo,Summer,4.2,Yes,Standard,No,Yes,34,Cash,Annually
5404,40,Female,Pants,Clothing,83,Washington,L,Silver,Winter,4.9,No,Standard,No,Yes,9,Cash,Bi-Weekly
5405,37,Male,Jewelry,Accessories,67,Ohio,M,Gray,Spring,4.0,No,Standard,No,No,34,Cash,Annually
5406,59,Male,Scarf,Footwear,74,Alabama,M,Orange,Fall,3.5,No,2-Day Shipping,Yes,No,29,Credit Card,Annually
5407,29,Female,Sandals,Footwear,97,New York,M,Yellow,Winter,4.4,No,Free Shipping,Yes,Yes,43,Venmo,Quarterly
5408,30,Male,Shorts,Clothing,85,Delaware,M,Silver,Fall,4.3,Yes,Store Pickup,Yes,No,21,Cash,Monthly
5409,53,Male,Sneakers,Clothing,73,North Carolina,M,Maroon,Summer,4.3,No,Next Day Air,No,No,6,Venmo,Quarterly
5410,55,Female,Shirt,Clothing,95,Missouri,L,Green,Spring,2.7,No,Standard,Yes,Yes,25,Venmo,Annually
5411,43,Male,Scarf,Clothing,92,Virginia,M,Cyan,Winter,3.4,No,Standard,No,Yes,31,Credit Card,Quarterly
5412,20,Male,Sneakers,Clothing,63,Tennessee,M,Lavender,Summer,3.4,Yes,Express,No,No,8,PayPal,Monthly
5413,70,Male,T-shirt,Footwear,44,West Virginia,M,Beige,Fall,3.8,No,Standard,No,No,42,Debit Card,Monthly
5414,32,Male,Jacket,Footwear,81,Wisconsin,L,Gold,Winter,3.3,No,2-Day Shipping,Yes,No,5,PayPal,Annually
5415,29,Male,Backpack,Accessories,55,Montana,S,Gold,Fall,3.4,No,Store Pickup,Yes,No,39,PayPal,Fortnightly
5416,20,Male,Jewelry,Clothing,72,Maine,L,Maroon,Winter,2.7,No,Free Shipping,No,No,46,Credit Card,Quarterly
5417,26,Male,Scarf,Clothing,71,New Mexico,L,Olive,Winter,4.5,No,Free Shipping,Yes,Yes,41,Credit Card,Quarterly
5418,48,Male,Jewelry,Clothing,66,Kansas,S,Violet,Summer,4.0,No,2-Day Shipping,Yes,Yes,47,Bank Transfer,Annually
5419,57,Male,Handbag,Clothing,77,Colorado,L,Indigo,Winter,3.8,No,2-Day Shipping,No,No,10,Bank Transfer,Bi-Weekly
5420,25,Male,Handbag,Accessories,15,Georgia,M,Gray,Spring,3.8,Yes,2-Day Shipping,Yes,Yes,30,Debit Card,Weekly
5421,65,Female,Jacket,Accessories,79,Massachusetts,M,Gray,Fall,3.6,Yes,Store Pickup,Yes,No,38,Credit Card,Weekly
5422,19,Female,Sneakers,Accessories,63,Georgia,L,Gray,Winter,4.0,Yes,2-Day Shipping,Yes,Yes,27,Venmo,Weekly
5423,59,Male,Jewelry,Footwear,84,Oregon,M,Maroon,Fall,4.6,No,Standard,No,Yes,17,PayPal,Fortnightly
5424,69,Female,Pants,Clothing,26,Pennsylvania,L,Silver,Fall,3.9,No,Free Shipping,No,No,33,Credit Card,Annually
5425,36,Male,Dress,Footwear,63,Delaware,L,Turquoise,Summer,3.4,No,Standard,No,Yes,14,Credit Card,Monthly
5426,43,Female,Backpack,Footwear,82,South Carolina,M,Indigo,Summer,5.0,No,Store Pickup,Yes,No,18,Venmo,Fortnightly
5427,40,Male,Handbag,Accessories,97,Texas,M,Beige,Spring,2.7,No,2-Day Shipping,Yes,No,5,Debit Card,Weekly
5428,18,Male,Belt,Accessories,54,New Jersey,S,Purple,Summer,2.7,No,Express,No,No,39,PayPal,Fortnightly
5429,57,Female,Shoes,Clothing,35,Alaska,M,Orange,Spring,2.8,No,Next Day Air,Yes,No,25,Bank Transfer,Fortnightly
5430,32,Female,Jacket,Clothing,74,Nevada,M,Yellow,Fall,3.1,No,Free Shipping,No,No,32,Bank Transfer,Every 3 Months
5431,66,Male,Jewelry,Clothing,83,Nebraska,L,Purple,Winter,3.1,Yes,Express,Yes,Yes,50,Bank Transfer,Annually
5432,40,Female,Blouse,Accessories,32,Idaho,M,Cyan,Summer,4.5,No,2-Day Shipping,No,Yes,10,PayPal,Bi-Weekly
5433,43,Female,Sweater,Footwear,17,Colorado,L,Lavender,Fall,4.5,No,2-Day Shipping,Yes,No,49,Debit Card,Monthly
5434,68,Male,Shorts,Accessories,82,South Dakota,L,Gray,Spring,4.9,Yes,Next Day Air,Yes,Yes,6,Cash,Weekly
5435,20,Male,Hoodie,Footwear,81,Utah,M,Magenta,Spring,4.2,Yes,Free Shipping,No,No,1,PayPal,Weekly
5436,57,Male,Sandals,Clothing,79,Oklahoma,M,Gray,Summer,4.1,No,2-Day Shipping,Yes,No,46,Bank Transfer,Weekly
5437,33,Female,Handbag,Footwear,90,Kentucky,S,Teal,Winter,3.5,No,Next Day Air,Yes,Yes,49,Cash,Annually
5438,44,Male,Blouse,Outerwear,93,Maryland,XL,Pink,Spring,4.9,No,Free Shipping,No,Yes,5,Credit Card,Weekly
5439,30,Male,T-shirt,Accessories,90,Alabama,XL,Orange,Spring,3.6,Yes,Store Pickup,No,Yes,24,Cash,Quarterly
5440,41,Male,Sweater,Outerwear,77,Pennsylvania,M,Peach,Fall,3.1,Yes,Express,Yes,No,33,PayPal,Quarterly
5441,55,Male,Backpack,Footwear,76,Delaware,M,Olive,Winter,3.5,No,Next Day Air,No,No,25,Cash,Annually
5442,70,Female,Dress,Clothing,28,Oklahoma,M,Gray,Winter,4.7,No,Store Pickup,Yes,Yes,46,Debit Card,Monthly
5443,55,Male,Boots,Clothing,95,Connecticut,M,Pink,Winter,4.0,Yes,2-Day Shipping,Yes,Yes,38,PayPal,Quarterly
5444,60,Male,Shirt,Clothing,63,West Virginia,L,Indigo,Fall,4.1,Yes,Free Shipping,No,Yes,38,Cash,Fortnightly
5445,64,Male,Sweater,Clothing,56,Virginia,L,Orange,Spring,2.7,No,2-Day Shipping,Yes,No,12,PayPal,Quarterly
5446,58,Male,Sneakers,Clothing,41,North Carolina,M,Lavender,Fall,3.2,No,Store Pickup,No,No,39,PayPal,Quarterly
5447,31,Male,Backpack,Clothing,17,Indiana,M,Gray,Winter,4.4,No,Standard,No,Yes,50,Credit Card,Quarterly
5448,56,Male,Dress,Accessories,27,New Jersey,L,Green,Winter,2.5,No,2-Day Shipping,Yes,Yes,11,PayPal,Weekly
5449,51,Female,Coat,Clothing,53,Nebraska,M,Violet,Fall,3.0,Yes,Store Pickup,Yes,No,37,PayPal,Annually
5450,25,Male,Belt,Clothing,27,Hawaii,M,Orange,Summer,4.9,No,Free Shipping,Yes,No,49,PayPal,Bi-Weekly
5451,25,Female,Blouse,Accessories,69,Florida,M,Gold,Winter,4.6,No,Express,Yes,Yes,25,Bank Transfer,Monthly
5452,39,Male,Hoodie,Accessories,58,Virginia,S,White,Spring,4.5,No,Next Day Air,Yes,No,42,Credit Card,Monthly
5453,27,Female,Sweater,Footwear,80,Mississippi,M,Purple,Fall,3.3,No,Express,No,Yes,20,Venmo,Monthly
5454,34,Female,Hat,Outerwear,64,Georgia,M,Peach,Spring,4.9,No,2-Day Shipping,No,Yes,9,Venmo,Bi-Weekly
5455,61,Female,Socks,Clothing,90,Nebraska,M,Yellow,Spring,2.6,No,Store Pickup,No,Yes,4,Cash,Annually
5456,50,Male,Socks,Clothing,82,Alaska,S,Turquoise,Winter,4.0,Yes,Next Day Air,No,Yes,19,Credit Card,Fortnightly
5457,52,Male,Jewelry,Footwear,85,North Dakota,XL,Pink,Winter,3.1,No,Express,No,Yes,21,Cash,Quarterly
5458,48,Male,Dress,Clothing,67,Ohio,M,Green,Fall,4.7,Yes,2-Day Shipping,No,Yes,40,Venmo,Quarterly
5459,33,Female,Sunglasses,Clothing,85,Florida,M,Beige,Winter,3.4,No,Store Pickup,Yes,No,20,Debit Card,Fortnightly
5460,50,Female,Socks,Accessories,71,South Carolina,M,Maroon,Spring,3.1,No,Next Day Air,No,Yes,6,Cash,Quarterly
5461,52,Male,Handbag,Accessories,90,Virginia,L,Black,Summer,2.9,No,Express,No,No,27,Credit Card,Quarterly
5462,21,Male,Sneakers,Accessories,67,Washington,M,Olive,Fall,4.4,No,2-Day Shipping,No,No,36,PayPal,Quarterly
5463,70,Male,Jacket,Footwear,95,Florida,XL,Beige,Spring,4.5,No,Next Day Air,Yes,Yes,49,Bank Transfer,Every 3 Months
5464,45,Male,T-shirt,Footwear,72,Delaware,M,Magenta,Summer,3.9,No,2-Day Shipping,Yes,No,25,PayPal,Bi-Weekly
5465,25,Female,Sunglasses,Clothing,31,Wyoming,M,Purple,Summer,4.8,Yes,Standard,Yes,Yes,24,PayPal,Quarterly
5466,66,Male,Coat,Accessories,81,Hawaii,M,Brown,Winter,3.3,Yes,Free Shipping,Yes,No,30,Cash,Monthly
5467,21,Female,T-shirt,Clothing,84,North Carolina,S,Turquoise,Spring,4.4,No,Free Shipping,No,No,49,PayPal,Annually
5468,63,Male,Shirt,Accessories,32,Kansas,M,Lavender,Spring,2.9,No,Standard,No,Yes,26,Cash,Quarterly
5469,59,Female,Jeans,Clothing,70,Ohio,S,Violet,Spring,4.6,No,2-Day Shipping,Yes,Yes,28,Venmo,Monthly
5470,57,Female,Shirt,Clothing,62,New York,M,Brown,Fall,4.2,No,Store Pickup,No,No,25,Venmo,Bi-Weekly
5471,28,Male,Shorts,Clothing,101,New Jersey,S,Maroon,Fall,3.0,No,Standard,No,No,14,Cash,Monthly
5472,61,Male,Scarf,Clothing,58,Michigan,M,Silver,Fall,3.5,Yes,Free Shipping,Yes,Yes,25,Bank Transfer,Bi-Weekly
5473,65,Female,Sneakers,Footwear,68,Washington,M,Black,Fall,,No,2-Day Shipping,Yes,No,33,Cash,Every 3 Months
5474,51,Male,Belt,Accessories,22,Ohio,L,Olive,Fall,2.8,Yes,2-Day Shipping,Yes,No,37,PayPal,Annually
5475,25,Female,Shirt,Clothing,58,Maine,L,Red,Summer,2.9,No,Standard,No,No,10,Credit Card,Bi-Weekly
5476,20,Male,Shoes,Footwear,71,Wyoming,L,Brown,Spring,2.9,No,Free Shipping,Yes,No,49,Cash,Quarterly
5477,66,Male,Jacket,Accessories,29,California,L,Violet,Winter,4.3,No,Free Shipping,Yes,Yes,15,PayPal,Every 3 Months
5478,41,Male,T-shirt,Clothing,50,Nevada,M,Green,Winter,2.9,Yes,Standard,Yes,No,14,Venmo,Weekly
5479,22,Male,Handbag,Footwear,86,Virginia,M,Orange,Fall,3.3,No,Express,No,No,7,Venmo,Weekly
5480,35,Male,Shorts,Accessories,56,Arizona,XL,Peach,Summer,2.5,No,Free Shipping,No,Yes,10,Debit Card,Annually
5481,47,Male,Skirt,Footwear,30,Colorado,XL,Silver,Fall,4.4,No,Next Day Air,No,No,34,Debit Card,Annually
5482,58,Male,Sandals,Footwear,82,Wyoming,L,Silver,Spring,4.1,Yes,Next Day Air,No,Yes,14,PayPal,Quarterly
5483,56,Female,Jacket,Clothing,56,Arkansas,L,Magenta,Spring,3.6,No,Standard,No,Yes,4,Cash,Every 3 Months
5484,41,Female,Scarf,Accessories,67,Minnesota,L,Gray,Winter,4.1,No,Express,Yes,Yes,12,Bank Transfer,Fortnightly
5485,41,Male,Socks,Outerwear,33,Ohio,S,Maroon,Winter,4.2,No,Standard,Yes,Yes,24,Cash,Bi-Weekly
5486,55,Male,T-shirt,Clothing,79,Minnesota,M,Pink,Summer,2.8,No,Express,Yes,Yes,45,PayPal,Fortnightly
5487,19,Male,Blouse,Accessories,89,Washington,S,Black,Fall,3.1,No,Free Shipping,Yes,No,28,Bank Transfer,Every 3 Months
5488,53,Male,Socks,Clothing,80,Utah,S,Gold,Summer,3.8,No,Next Day Air,No,No,27,Venmo,Annually
5489,41,Male,Sandals,Footwear,21,Michigan,L,Violet,Fall,4.9,Yes,Express,Yes,Yes,21,Venmo,Weekly
5490,36,Male,Gloves,Clothing,83,New Mexico,M,Teal,Winter,4.0,No,2-Day Shipping,No,Yes,45,Credit Card,Fortnightly
5491,53,Male,Shorts,Accessories,74,Montana,L,Turquoise,Summer,3.0,Yes,Next Day Air,No,No,19,Bank Transfer,Annually
5492,51,Male,Backpack,Outerwear,49,New York,M,Indigo,Spring,2.8,No,Store Pickup,No,No,24,Credit Card,Bi-Weekly
5493,25,Female,Hat,Clothing,68,California,M,Indigo,Summer,3.2,Yes,2-Day Shipping,No,No,20,Venmo,Every 3 Months
5494,40,Female,Jewelry,Footwear,24,Rhode Island,L,Beige,Summer,4.0,No,Next Day Air,No,Yes,13,Cash,Quarterly
5495,46,Male,Coat,Outerwear,87,New Mexico,M,Gray,Spring,4.3,Yes,Free Shipping,No,No,10,Credit Card,Bi-Weekly
5496,35,Female,Boots,Clothing,42,Connecticut,M,Blue,Summer,2.6,Yes,Free Shipping,No,No,49,Bank Transfer,Monthly
5497,51,Female,Handbag,Footwear,83,Utah,M,Lavender,Spring,4.7,No,2-Day Shipping,No,No,8,Venmo,Every 3 Months
5498,24,Male,Hoodie,Accessories,57,Idaho,S,White,Winter,3.6,No,Standard,Yes,Yes,43,Bank Transfer,Every 3 Months
5499,52,Female,Shoes,Clothing,94,Illinois,M,Charcoal,Fall,4.0,Yes,Next Day Air,Yes,No,33,Bank Transfer,Quarterly
5500,55,Male,Socks,Accessories,86,Utah,M,Lavender,Summer,3.0,Yes,Standard,No,No,32,Bank Transfer,Bi-Weekly
5501,60,Male,Shorts,Clothing,46,Louisiana,M,White,Winter,4.4,Yes,Express,No,Yes,1,PayPal,Quarterly
5502,67,Male,T-shirt,Clothing,42,North Dakota,XL,Blue,Summer,4.1,No,Standard,Yes,Yes,49,PayPal,Fortnightly
5503,40,Male,Sunglasses,Accessories,95,Ohio,S,Charcoal,Winter,4.6,Yes,Store Pickup,No,Yes,13,Debit Card,Weekly
5504,62,Male,Dress,Clothing,106,New Hampshire,M,Orange,Winter,2.8,Yes,Next Day Air,Yes,No,27,Venmo,Quarterly
5505,70,Male,Boots,Footwear,62,Arizona,M,Brown,Winter,4.6,No,Free Shipping,No,No,5,Bank Transfer,Every 3 Months
5506,66,Female,Scarf,Accessories,97,Kansas,L,Purple,Fall,3.4,Yes,Standard,Yes,No,41,Credit Card,Fortnightly
5507,46,Male,Skirt,Accessories,27,New Jersey,M,Orange,Spring,2.9,No,Standard,Yes,No,1,Cash,Quarterly
5508,40,Male,Backpack,Outerwear,33,Vermont,L,Charcoal,Winter,2.7,No,Express,Yes,No,47,Credit Card,Quarterly
5509,30,Female,Sandals,Accessories,68,Hawaii,L,Green,Winter,2.8,Yes,Next Day Air,No,No,50,Debit Card,Weekly
5510,54,Female,T-shirt,Accessories,67,Nebraska,S,Teal,Fall,4.2,Yes,Store Pickup,Yes,No,23,Cash,Monthly
5511,21,Female,Boots,Clothing,31,Connecticut,L,Beige,Winter,4.1,No,2-Day Shipping,No,Yes,46,Credit Card,Every 3 Months
5512,57,Female,Backpack,Clothing,27,Massachusetts,XL,Silver,Spring,3.3,No,Express,Yes,No,20,Credit Card,Weekly
5513,25,Male,T-shirt,Footwear,33,Michigan,S,Brown,Spring,3.2,No,Free Shipping,Yes,Yes,21,PayPal,Quarterly
5514,23,Male,Shorts,Footwear,51,Colorado,L,Teal,Fall,4.0,Yes,2-Day Shipping,No,Yes,34,Credit Card,Bi-Weekly
5515,62,Female,Shirt,Clothing,83,Delaware,M,Beige,Spring,3.0,Yes,Standard,No,No,25,Venmo,Weekly
5516,64,Male,Handbag,Clothing,65,Kentucky,M,White,Spring,4.3,No,Standard,Yes,No,23,Debit Card,Annually
5517,54,Male,Sweater,Clothing,70,Hawaii,S,Purple,Fall,4.7,No,Free Shipping,No,No,7,Cash,Bi-Weekly
5518,30,Male,Shorts,Clothing,86,New York,M,Orange,Winter,2.6,Yes,Next Day Air,No,No,8,Venmo,Fortnightly
5519,40,Male,Pants,Accessories,36,Illinois,L,Turquoise,Spring,3.9,No,2-Day Shipping,No,Yes,48,Venmo,Monthly
5520,28,Male,Pants,Clothing,88,New Jersey,M,Red,Summer,3.4,No,Next Day Air,Yes,No,4,PayPal,Every 3 Months
5521,23,Female,Hat,Outerwear,47,South Dakota,M,Brown,Winter,3.2,No,Standard,No,Yes,28,Cash,Monthly
5522,50,Male,T-shirt,Clothing,73,Wyoming,S,Charcoal,Summer,2.6,Yes,Standard,Yes,No,42,Credit Card,Bi-Weekly
5523,29,Female,Jeans,Accessories,71,Idaho,M,Olive,Fall,3.0,Yes,2-Day Shipping,No,No,35,Credit Card,Quarterly
5524,69,Male,Dress,Clothing,26,New Jersey,L,Purple,Spring,2.8,No,Store Pickup,Yes,No,48,Cash,Annually
5525,47,Male,Handbag,Clothing,75,South Dakota,L,Teal,Spring,4.9,Yes,Store Pickup,No,No,39,Debit Card,Fortnightly
5526,49,Female,Coat,Clothing,38,Minnesota,S,Gray,Fall,3.6,No,Next Day Air,Yes,Yes,26,Debit Card,Monthly
5527,36,Female,Shirt,Clothing,12,Montana,XL,Charcoal,Fall,2.7,No,Express,Yes,No,3,Cash,Fortnightly
5528,55,Male,Handbag,Footwear,72,Georgia,M,Gold,Summer,,No,2-Day Shipping,Yes,No,13,Bank Transfer,Quarterly
5529,31,Female,Scarf,Accessories,52,New Mexico,L,Black,Spring,4.4,No,Standard,No,Yes,33,PayPal,Bi-Weekly
5530,63,Male,Jeans,Clothing,57,Georgia,XL,Pink,Summer,4.2,Yes,2-Day Shipping,No,No,14,PayPal,Every 3 Months
5531,49,Male,Socks,Accessories,24,Michigan,S,Silver,Winter,3.0,Yes,2-Day Shipping,No,No,1,Bank Transfer,Quarterly
5532,64,Female,Jewelry,Accessories,51,Mississippi,S,Blue,Winter,2.8,Yes,Free Shipping,No,Yes,46,Credit Card,Weekly
5533,67,Male,Socks,Clothing,61,Maine,M,Beige,Fall,4.8,No,Standard,No,No,10,PayPal,Fortnightly
5534,18,Male,Shirt,Accessories,58,Iowa,M,Orange,Winter,4.6,No,Store Pickup,Yes,No,8,Bank Transfer,Fortnightly
5535,40,Female,Shirt,Clothing,78,Alaska,XL,Red,Fall,4.3,No,Free Shipping,Yes,No,12,Debit Card,Monthly
5536,54,Male,Dress,Accessories,46,Colorado,M,Red,Fall,4.3,No,Store Pickup,No,No,1,Bank Transfer,Every 3 Months
5537,54,Male,Skirt,Accessories,69,Wyoming,L,Gray,Spring,4.9,Yes,Next Day Air,No,Yes,23,PayPal,Annually
5538,53,Male,T-shirt,Accessories,50,New York,M,Red,Winter,3.5,Yes,Standard,Yes,Yes,13,Cash,Bi-Weekly
5539,49,Male,Shoes,Accessories,94,Wisconsin,M,Orange,Spring,4.8,No,Express,No,Yes,40,PayPal,Weekly
5540,64,Male,Scarf,Clothing,20,Connecticut,L,Orange,Winter,3.8,No,2-Day Shipping,Yes,No,32,Venmo,Monthly
5541,51,Male,Dress,Clothing,58,Kansas,M,Green,Spring,4.9,No,Standard,Yes,No,22,Debit Card,Bi-Weekly
5542,21,Male,Belt,Clothing,72,Hawaii,S,Turquoise,Fall,3.2,No,Next Day Air,No,No,34,Credit Card,Fortnightly
5543,52,Female,Sandals,Accessories,35,Texas,S,Purple,Spring,3.9,Yes,Free Shipping,Yes,No,13,PayPal,Weekly
5544,41,Male,Jeans,Clothing,82,Indiana,L,Peach,Summer,2.8,No,2-Day Shipping,Yes,Yes,5,Credit Card,Quarterly
5545,35,Male,Hat,Accessories,25,Alaska,XL,Charcoal,Spring,3.6,No,Standard,Yes,No,28,Venmo,Monthly
5546,42,Female,Hoodie,Accessories,29,Florida,M,Olive,Fall,4.1,Yes,Store Pickup,Yes,No,3,Debit Card,Weekly
5547,57,Male,Boots,Accessories,97,New Mexico,S,Black,Summer,2.5,Yes,Standard,No,No,32,PayPal,Monthly
5548,66,Female,Sweater,Accessories,29,Louisiana,S,White,Winter,4.9,No,Express,Yes,No,39,Bank Transfer,Bi-Weekly
5549,30,Male,Scarf,Footwear,29,Alabama,M,Cyan,Winter,3.1,Yes,Next Day Air,Yes,Yes,29,Cash,Every 3 Months
5550,37,Female,Dress,Clothing,79,Maine,M,White,Winter,4.2,No,Standard,No,Yes,17,Cash,Every 3 Months
5551,42,Male,Scarf,Accessories,74,Nevada,L,White,Spring,4.7,No,Standard,Yes,Yes,39,PayPal,Monthly
5552,70,Male,Blouse,Clothing,71,Massachusetts,M,Purple,Winter,4.1,No,Express,No,Yes,29,Bank Transfer,Every 3 Months
5553,43,Male,Handbag,Clothing,102,Florida,XL,Brown,Summer,4.0,No,Free Shipping,No,No,9,Bank Transfer,Every 3 Months
5554,50,Female,Jewelry,Footwear,52,Illinois,S,Beige,Winter,3.3,No,Free Shipping,Yes,No,2,Venmo,Annually
5555,22,Female,Sandals,Clothing,68,West Virginia,M,Teal,Summer,4.1,No,Next Day Air,No,Yes,22,Debit Card,Fortnightly
5556,64,Male,Jeans,Accessories,59,Arizona,L,Maroon,Winter,4.4,Yes,Store Pickup,Yes,Yes,39,Cash,Weekly
5557,30,Male,Handbag,Clothing,88,Nebraska,XL,Green,Summer,2.9,No,Free Shipping,Yes,Yes,4,PayPal,Bi-Weekly
5558,50,Male,Skirt,Clothing,77,Illinois,M,Orange,Winter,3.2,No,Store Pickup,Yes,No,1,PayPal,Quarterly
5559,18,Female,Sweater,Footwear,47,Kansas,L,Gold,Fall,4.4,Yes,2-Day Shipping,Yes,No,25,Credit Card,Weekly
5560,24,Male,Jewelry,Accessories,46,West Virginia,L,Green,Summer,5.0,No,Store Pickup,No,No,29,Venmo,Every 3 Months
5561,31,Male,Socks,Clothing,66,Minnesota,S,Gold,Summer,3.5,No,Standard,No,Yes,20,Cash,Weekly
5562,41,Female,Shirt,Accessories,84,New Jersey,M,Teal,Winter,3.8,No,2-Day Shipping,Yes,No,4,Venmo,Monthly
5563,44,Female,Socks,Accessories,37,Idaho,XL,Silver,Summer,2.9,No,2-Day Shipping,Yes,Yes,37,Credit Card,Weekly
5564,19,Male,Shirt,Clothing,69,Wyoming,M,Cyan,Fall,4.8,No,Free Shipping,Yes,No,18,Debit Card,Bi-Weekly
5565,66,Female,Shirt,Clothing,39,Ohio,M,Black,Fall,3.8,No,Free Shipping,Yes,No,13,Venmo,Every 3 Months
5566,30,Male,Shirt,Accessories,89,Georgia,M,Magenta,Summer,4.8,Yes,Store Pickup,Yes,Yes,30,PayPal,Monthly
5567,64,Male,T-shirt,Accessories,80,West Virginia,M,Magenta,Summer,4.5,No,2-Day Shipping,Yes,Yes,31,Venmo,Monthly
5568,31,Female,Hat,Accessories,30,Texas,M,Gray,Spring,4.9,Yes,Standard,No,No,27,Venmo,Every 3 Months
5569,52,Male,Skirt,Outerwear,54,Mississippi,M,White,Winter,3.4,No,Express,No,Yes,34,Bank Transfer,Fortnightly
5570,58,Male,Coat,Clothing,70,Maine,L,Violet,Fall,4.1,No,Express,Yes,No,3,Cash,Annually
5571,60,Male,Blouse,Clothing,46,North Dakota,L,Purple,Winter,2.9,No,Next Day Air,Yes,No,41,Bank Transfer,Fortnightly
5572,24,Female,Gloves,Accessories,57,Iowa,L,Pink,Winter,4.8,No,Express,Yes,Yes,19,Bank Transfer,Monthly
5573,63,Male,Coat,Accessories,32,North Dakota,M,Yellow,Fall,4.9,No,Store Pickup,Yes,Yes,22,Credit Card,Quarterly
5574,45,Female,Jewelry,Clothing,26,Illinois,M,Indigo,Summer,2.8,Yes,Next Day Air,No,No,49,Cash,Monthly
5575,44,Female,Blouse,Accessories,102,North Dakota,S,Olive,Summer,5.0,No,Express,No,No,35,Debit Card,Bi-Weekly
5576,39,Male,Shoes,Clothing,80,North Dakota,XL,Purple,Winter,4.5,No,Free Shipping,No,No,29,Credit Card,Fortnightly
5577,64,Male,Skirt,Clothing,87,Maryland,L,Red,Fall,3.3,No,Standard,Yes,Yes,50,Bank Transfer,Weekly
5578,32,Male,T-shirt,Clothing,28,Kentucky,M,Indigo,Fall,2.5,Yes,2-Day Shipping,Yes,Yes,21,Debit Card,Quarterly
5579,51,Male,Jewelry,Footwear,27,Utah,M,Turquoise,Winter,2.9,No,Store Pickup,No,Yes,28,Cash,Annually
5580,67,Female,Hoodie,Accessories,44,West Virginia,M,Magenta,Winter,4.9,No,Express,No,No,36,PayPal,Weekly
5581,40,Female,Socks,Clothing,32,Nebraska,L,Gold,Summer,3.2,No,Standard,No,No,48,Venmo,Fortnightly
5582,57,Female,Shoes,Accessories,27,California,S,Maroon,Winter,4.1,No,Standard,No,Yes,43,Bank Transfer,Monthly
5583,46,Male,Sneakers,Clothing,22,Indiana,S,Lavender,Winter,4.1,No,Express,Yes,No,39,Credit Card,Quarterly
5584,32,Male,Blouse,Clothing,32,Montana,S,Cyan,Spring,4.6,Yes,Next Day Air,Yes,No,19,Credit Card,Monthly
5585,41,Male,Dress,Accessories,81,Maryland,L,Silver,Winter,3.3,Yes,Express,No,Yes,41,Bank Transfer,Quarterly
5586,69,Female,Coat,Clothing,56,North Carolina,XL,Cyan,Summer,4.4,No,Standard,Yes,No,42,PayPal,Annually
5587,57,Female,Gloves,Clothing,28,Oregon,M,Maroon,Winter,4.5,No,Store Pickup,No,No,20,Credit Card,Fortnightly
5588,35,Male,Jewelry,Outerwear,57,Colorado,XL,Beige,Fall,4.3,No,Free Shipping,No,No,25,PayPal,Monthly
5589,54,Male,Dress,Footwear,57,Maryland,XL,Maroon,Summer,3.2,No,Store Pickup,No,No,22,Bank Transfer,Monthly
5590,61,Male,Coat,Clothing,25,Illinois,M,Magenta,Winter,4.0,Yes,Express,Yes,No,45,Debit Card,Weekly
5591,29,Male,T-shirt,Clothing,39,Vermont,M,Peach,Winter,4.9,Yes,Standard,No,Yes,35,Bank Transfer,Monthly
5592,64,Female,Shoes,Clothing,65,Texas,L,Beige,Spring,3.2,No,Store Pickup,No,No,33,Debit Card,Monthly
5593,68,Male,Jewelry,Accessories,34,Wisconsin,S,Maroon,Summer,4.6,Yes,Store Pickup,Yes,Yes,3,PayPal,Quarterly
5594,32,Female,Hoodie,Footwear,23,Nevada,M,Gold,Summer,3.5,No,Free Shipping,Yes,No,1,PayPal,Annually
5595,45,Male,Shoes,Accessories,64,Colorado,M,Peach,Spring,4.9,Yes,Next Day Air,No,No,44,Debit Card,Monthly
5596,21,Male,Socks,Clothing,54,Illinois,L,Purple,Fall,2.7,No,Standard,No,Yes,33,Cash,Bi-Weekly
5597,48,Female,Coat,Clothing,39,New York,L,Teal,Summer,4.7,No,Standard,No,No,24,Bank Transfer,Bi-Weekly
5598,23,Male,Hoodie,Clothing,24,Washington,M,Silver,Summer,3.9,Yes,Standard,Yes,No,12,Debit Card,Fortnightly
5599,41,Male,Blouse,Clothing,43,Florida,L,Cyan,Spring,3.5,Yes,Store Pickup,No,Yes,20,Credit Card,Annually
5600,54,Female,Boots,Accessories,17,Colorado,M,Pink,Spring,3.7,No,2-Day Shipping,Yes,No,29,Credit Card,Fortnightly
5601,68,Male,T-shirt,Footwear,82,Illinois,S,Lavender,Fall,4.8,No,Free Shipping,No,Yes,4,Cash,Bi-Weekly
5602,44,Male,Belt,Accessories,34,Washington,XL,Silver,Summer,2.8,No,Standard,No,No,31,Bank Transfer,Annually
5603,62,Male,Handbag,Footwear,53,Idaho,M,Charcoal,Spring,2.8,Yes,Store Pickup,Yes,No,44,Cash,Fortnightly
5604,70,Female,Jeans,Accessories,56,Wisconsin,XL,Teal,Winter,3.0,No,2-Day Shipping,No,No,35,Credit Card,Quarterly
5605,24,Male,Shirt,Accessories,90,Maine,S,Peach,Fall,4.2,No,Next Day Air,Yes,Yes,35,Cash,Bi-Weekly
5606,51,Female,Pants,Clothing,30,Oklahoma,XL,Silver,Fall,2.7,No,Express,Yes,No,38,Venmo,Every 3 Months
5607,70,Female,Boots,Accessories,74,Hawaii,XL,White,Spring,4.9,No,2-Day Shipping,Yes,Yes,30,PayPal,Quarterly
5608,49,Male,Backpack,Accessories,24,Alaska,S,Gray,Winter,3.7,No,Express,Yes,Yes,5,PayPal,Monthly
5609,35,Male,Scarf,Outerwear,100,Minnesota,XL,White,Fall,3.0,No,Express,No,No,20,Bank Transfer,Bi-Weekly
5610,63,Male,Shorts,Outerwear,95,Michigan,M,Brown,Spring,3.2,Yes,Standard,No,No,28,PayPal,Every 3 Months
5611,54,Male,Hat,Clothing,45,Illinois,S,Black,Winter,4.9,No,Store Pickup,No,Yes,39,Bank Transfer,Annually
5612,48,Male,Skirt,Clothing,85,Montana,L,Green,Fall,4.6,No,Store Pickup,Yes,No,27,Credit Card,Monthly
5613,66,Male,Handbag,Outerwear,33,Minnesota,L,Charcoal,Winter,4.3,No,Next Day Air,Yes,No,25,PayPal,Weekly
5614,54,Male,Coat,Footwear,84,Ohio,M,Cyan,Summer,4.9,No,Next Day Air,Yes,Yes,16,Venmo,Annually
5615,19,Male,Backpack,Footwear,55,Kentucky,M,Red,Fall,2.6,No,Store Pickup,No,No,8,Bank Transfer,Weekly
5616,69,Male,T-shirt,Outerwear,23,Montana,L,Green,Summer,2.8,No,2-Day Shipping,Yes,Yes,21,Cash,Every 3 Months
5617,27,Male,Blouse,Accessories,43,Wisconsin,L,Violet,Fall,4.1,Yes,Standard,No,Yes,11,Cash,Weekly
5618,21,Female,Shorts,Clothing,57,Iowa,M,Green,Summer,2.9,Yes,Standard,No,Yes,10,PayPal,Every 3 Months
5619,52,Female,Jewelry,Accessories,25,Connecticut,L,Green,Summer,4.6,No,Express,Yes,No,44,Cash,Weekly
5620,65,Male,Sweater,Accessories,28,Louisiana,L,Turquoise,Winter,4.0,No,Free Shipping,No,Yes,40,Cash,Weekly
5621,30,Male,Shoes,Clothing,43,Minnesota,XL,Olive,Fall,2.7,No,2-Day Shipping,Yes,Yes,35,Venmo,Bi-Weekly
5622,54,Male,Skirt,Accessories,94,Arkansas,XL,Charcoal,Winter,2.5,No,2-Day Shipping,Yes,No,49,Debit Card,Fortnightly
5623,62,Male,Dress,Accessories,23,Kentucky,S,Blue,Fall,2.7,Yes,Express,No,No,37,Credit Card,Every 3 Months
5624,52,Male,Pants,Accessories,71,Delaware,M,White,Spring,4.4,No,Express,Yes,No,40,PayPal,Fortnightly
5625,70,Female,T-shirt,Clothing,31,Alaska,XL,Yellow,Winter,3.5,No,Store Pickup,Yes,Yes,22,PayPal,Weekly
5626,55,Female,Gloves,Accessories,21,Louisiana,L,Gold,Winter,3.4,No,Free Shipping,No,Yes,32,PayPal,Weekly
5627,58,Male,Jewelry,Clothing,34,Vermont,M,Olive,Fall,3.5,No,Free Shipping,No,No,23,Credit Card,Every 3 Months
5628,60,Male,Boots,Footwear,87,New York,M,Cyan,Summer,3.4,No,Standard,No,No,4,PayPal,Weekly
5629,50,Female,Jewelry,Clothing,92,Colorado,S,Blue,Summer,4.0,No,Express,No,No,18,Cash,Fortnightly
5630,20,Male,Gloves,Accessories,53,North Carolina,S,Red,Winter,3.6,No,Standard,No,No,12,Bank Transfer,Monthly
5631,28,Male,Coat,Clothing,25,Nevada,M,Indigo,Winter,4.9,Yes,Next Day Air,No,Yes,5,Cash,Weekly
5632,46,Male,Skirt,Clothing,17,Mississippi,S,White,Winter,4.0,No,Express,No,Yes,5,Credit Card,Every 3 Months
5633,68,Male,Scarf,Clothing,46,Idaho,M,Purple,Fall,3.4,Yes,Free Shipping,No,No,8,Credit Card,Fortnightly
5634,41,Female,Sneakers,Accessories,40,North Carolina,S,Lavender,Summer,3.5,No,Store Pickup,Yes,Yes,22,PayPal,Monthly
5635,27,Male,Boots,Clothing,43,South Carolina,M,Silver,Winter,3.2,No,Express,Yes,No,10,Debit Card,Bi-Weekly
5636,24,Female,Backpack,Footwear,28,Maine,M,Yellow,Fall,4.3,No,Next Day Air,No,Yes,23,Credit Card,Annually
5637,69,Male,Scarf,Clothing,69,Maine,M,Purple,Spring,3.7,No,Express,No,Yes,48,Credit Card,Fortnightly
5638,21,Male,Scarf,Accessories,42,Delaware,M,Silver,Spring,2.9,No,Next Day Air,No,Yes,9,Bank Transfer,Weekly
5639,41,Female,Blouse,Accessories,61,Oklahoma,L,Olive,Summer,5.0,Yes,Next Day Air,No,No,9,Debit Card,Bi-Weekly
5640,46,Male,Sunglasses,Accessories,45,Alaska,L,Lavender,Summer,4.2,No,Store Pickup,Yes,No,34,Debit Card,Every 3 Months
5641,51,Male,Handbag,Clothing,28,Idaho,L,Silver,Winter,2.8,No,Store Pickup,No,Yes,1,Cash,Annually
5642,67,Male,Socks,Accessories,73,Oklahoma,M,Teal,Winter,3.2,Yes,Free Shipping,No,No,15,Bank Transfer,Bi-Weekly
5643,20,Female,Sandals,Footwear,45,Arkansas,M,Gold,Summer,2.8,No,Express,No,No,20,Venmo,Weekly
5644,62,Male,Shoes,Clothing,56,Connecticut,S,Beige,Summer,4.5,No,2-Day Shipping,Yes,No,9,Cash,Every 3 Months
5645,27,Male,Sandals,Accessories,89,Hawaii,M,Indigo,Winter,3.0,No,2-Day Shipping,No,No,31,Cash,Monthly
5646,56,Female,Pants,Clothing,54,Washington,XL,Red,Fall,2.5,No,Free Shipping,Yes,Yes,39,Credit Card,Quarterly
5647,36,Male,Scarf,Accessories,93,Georgia,S,Indigo,Summer,3.8,Yes,Standard,No,Yes,6,Bank Transfer,Annually
5648,39,Male,Blouse,Clothing,62,Alaska,M,Olive,Spring,3.2,Yes,Express,Yes,Yes,40,Cash,Annually
5649,29,Male,Sneakers,Clothing,24,South Carolina,S,Cyan,Summer,3.5,No,Store Pickup,Yes,Yes,10,Credit Card,Quarterly
5650,51,Female,Sweater,Clothing,38,Alabama,L,Blue,Winter,4.5,No,Free Shipping,No,No,16,Bank Transfer,Fortnightly
5651,64,Female,Boots,Clothing,20,California,M,White,Summer,3.7,Yes,Next Day Air,Yes,No,2,PayPal,Annually
5652,24,Male,Skirt,Accessories,34,California,M,Red,Summer,3.0,Yes,Standard,Yes,No,5,Cash,Bi-Weekly
5653,53,Male,T-shirt,Clothing,90,Georgia,M,Beige,Spring,3.6,No,Standard,No,Yes,18,PayPal,Every 3 Months
5654,62,Male,Sweater,Clothing,77,California,S,Orange,Summer,3.5,No,Standard,No,Yes,31,Credit Card,Fortnightly
5655,64,Female,Sneakers,Footwear,96,New Jersey,L,Indigo,Winter,3.2,No,Store Pickup,No,No,32,Cash,Quarterly
5656,46,Male,Jacket,Clothing,37,Arkansas,XL,Teal,Spring,4.7,No,Express,Yes,No,9,Debit Card,Every 3 Months
5657,67,Male,Sandals,Outerwear,96,New York,M,Brown,Winter,2.6,No,Express,Yes,No,44,Cash,Bi-Weekly
5658,51,Female,Shirt,Accessories,70,Georgia,M,Brown,Summer,4.5,No,Next Day Air,No,Yes,42,PayPal,Quarterly
5659,40,Male,Scarf,Clothing,45,Idaho,M,Black,Spring,3.7,No,Store Pickup,No,No,38,Credit Card,Every 3 Months
5660,34,Female,Jacket,Accessories,70,Ohio,L,Beige,Spring,2.6,No,2-Day Shipping,No,No,37,Cash,Annually
5661,27,Female,Backpack,Clothing,63,Maryland,L,Teal,Winter,5.0,Yes,Store Pickup,No,No,45,Debit Card,Weekly
5662,55,Female,Backpack,Clothing,69,Tennessee,L,Beige,Fall,3.9,No,Next Day Air,Yes,No,31,Venmo,Fortnightly
5663,52,Male,Blouse,Clothing,75,New Jersey,M,Yellow,Winter,4.5,No,Express,No,Yes,13,PayPal,Fortnightly
5664,24,Male,Sneakers,Clothing,60,Arizona,S,Pink,Spring,3.3,Yes,Next Day Air,Yes,No,47,Bank Transfer,Quarterly
5665,26,Male,Skirt,Outerwear,90,Colorado,M,Black,Winter,4.4,No,Express,No,Yes,23,Credit Card,Annually
5666,63,Female,Shorts,Footwear,92,Missouri,L,Lavender,Winter,4.5,No,Free Shipping,No,Yes,41,Cash,Every 3 Months
5667,59,Male,Skirt,Footwear,66,Vermont,M,Lavender,Spring,3.5,Yes,Standard,No,Yes,24,PayPal,Fortnightly
5668,20,Female,Skirt,Clothing,62,Texas,M,Beige,Fall,3.9,No,Standard,No,No,12,PayPal,Annually
5669,68,Female,Scarf,Footwear,25,South Carolina,XL,Indigo,Winter,4.2,Yes,Store Pickup,No,Yes,37,Venmo,Fortnightly
5670,37,Male,Jacket,Clothing,55,Maryland,L,White,Spring,4.1,Yes,Next Day Air,Yes,Yes,39,Credit Card,Bi-Weekly
5671,36,Male,Sneakers,Clothing,65,Colorado,L,Olive,Fall,3.9,No,Next Day Air,Yes,Yes,38,Cash,Fortnightly
5672,55,Male,Jeans,Clothing,24,Alabama,L,Magenta,Winter,3.3,No,Free Shipping,Yes,Yes,4,Venmo,Weekly
5673,58,Female,Hoodie,Clothing,103,North Dakota,L,Black,Fall,3.9,No,Express,No,Yes,36,Venmo,Monthly
5674,21,Male,Handbag,Accessories,55,Tennessee,M,Olive,Summer,3.5,Yes,Standard,Yes,No,10,Cash,Monthly
5675,44,Male,Shoes,Outerwear,13,Maryland,M,Orange,Winter,3.3,No,Free Shipping,Yes,No,37,Credit Card,Quarterly
5676,53,Male,Skirt,Accessories,73,Georgia,S,Peach,Summer,4.9,Yes,Next Day Air,No,Yes,47,Debit Card,Fortnightly
5677,21,Female,Jacket,Clothing,88,South Dakota,S,Green,Spring,4.7,No,Store Pickup,No,Yes,11,Venmo,Annually
5678,43,Female,Shorts,Accessories,93,Connecticut,S,Pink,Fall,4.4,No,Next Day Air,Yes,No,46,PayPal,Monthly
5679,41,Female,Pants,Accessories,56,Montana,M,Maroon,Spring,3.6,Yes,Free Shipping,No,No,4,Cash,Annually
5680,39,Male,Pants,Accessories,28,Indiana,M,Lavender,Winter,3.9,No,Store Pickup,No,Yes,2,Credit Card,Every 3 Months
5681,70,Female,Shorts,Clothing,65,Hawaii,M,Purple,Summer,4.9,No,Express,Yes,Yes,1,Bank Transfer,Every 3 Months
5682,19,Male,Coat,Clothing,83,West Virginia,M,Orange,Summer,4.3,No,2-Day Shipping,No,Yes,37,PayPal,Fortnightly
5683,34,Female,Boots,Accessories,43,Louisiana,M,White,Fall,3.8,No,Free Shipping,Yes,Yes,38,Credit Card,Annually
5684,65,Female,Boots,Clothing,70,Connecticut,L,Yellow,Winter,4.8,Yes,Standard,No,Yes,13,Cash,Every 3 Months
5685,50,Male,Pants,Clothing,88,Montana,L,Peach,Summer,2.7,Yes,Free Shipping,Yes,No,37,Credit Card,Every 3 Months
5686,40,Male,Sneakers,Accessories,95,Colorado,L,Orange,Spring,3.6,No,Express,Yes,Yes,39,Credit Card,Quarterly
5687,55,Male,Backpack,Accessories,75,Colorado,L,Green,Summer,2.8,No,Express,No,No,22,Bank Transfer,Weekly
5688,45,Female,Sneakers,Accessories,67,Maine,S,Violet,Summer,2.9,No,Standard,No,No,41,Venmo,Fortnightly
5689,53,Male,Jeans,Outerwear,51,New York,XL,White,Fall,4.7,No,2-Day Shipping,No,Yes,31,Cash,Annually
5690,69,Male,Shoes,Clothing,84,Minnesota,L,Peach,Spring,4.4,No,Express,No,Yes,6,PayPal,Every 3 Months
5691,69,Female,Dress,Accessories,86,West Virginia,XL,Olive,Winter,4.1,No,Store Pickup,No,No,19,Debit Card,Monthly
5692,32,Female,Jewelry,Footwear,64,Kentucky,XL,Maroon,Summer,3.4,No,Next Day Air,No,No,22,Bank Transfer,Quarterly
5693,64,Female,T-shirt,Footwear,94,Oregon,XL,Olive,Fall,4.6,Yes,Next Day Air,Yes,Yes,25,Credit Card,Monthly
5694,70,Male,Jeans,Accessories,45,Nebraska,M,Yellow,Spring,4.0,No,Free Shipping,No,No,14,Venmo,Fortnightly
5695,40,Male,Shoes,Accessories,30,Rhode Island,M,Olive,Spring,4.7,Yes,Standard,Yes,No,17,Credit Card,Monthly
5696,62,Female,Blouse,Accessories,99,Hawaii,XL,Teal,Winter,4.4,Yes,Store Pickup,Yes,No,50,Debit Card,Quarterly
5697,68,Male,Gloves,Footwear,32,Indiana,L,Indigo,Spring,3.4,No,Store Pickup,No,No,26,Debit Card,Monthly
5698,49,Male,T-shirt,Clothing,55,Vermont,XL,Purple,Summer,3.8,Yes,Next Day Air,Yes,Yes,20,Debit Card,Every 3 Months
5699,58,Female,Jewelry,Accessories,43,West Virginia,L,Pink,Winter,3.1,No,Next Day Air,No,No,20,Cash,Weekly
5700,54,Male,Pants,Accessories,58,Kansas,XL,Maroon,Summer,2.8,No,Free Shipping,No,Yes,2,Bank Transfer,Bi-Weekly
5701,29,Male,T-shirt,Clothing,87,South Carolina,L,Violet,Summer,4.5,No,Free Shipping,No,Yes,6,Venmo,Fortnightly
5702,24,Male,Sandals,Clothing,84,North Carolina,L,Brown,Winter,4.7,No,Free Shipping,No,Yes,40,Credit Card,Weekly
5703,21,Male,Dress,Outerwear,79,Kansas,XL,Maroon,Fall,4.4,No,Standard,No,No,33,Credit Card,Monthly
5704,27,Female,Jeans,Clothing,46,Rhode Island,S,Olive,Winter,3.9,No,Store Pickup,Yes,Yes,34,Cash,Bi-Weekly
5705,42,Female,Hat,Footwear,21,Connecticut,L,Orange,Fall,4.0,No,Store Pickup,Yes,No,24,PayPal,Bi-Weekly
5706,67,Male,Sandals,Accessories,61,Connecticut,M,Yellow,Winter,5.0,Yes,Express,No,No,19,Debit Card,Monthly
5707,64,Male,Shorts,Clothing,69,California,M,Silver,Winter,3.3,No,Free Shipping,Yes,No,25,PayPal,Weekly
5708,64,Female,Sandals,Clothing,32,Iowa,M,Gray,Summer,4.2,Yes,Express,No,No,17,Bank Transfer,Annually
5709,33,Female,T-shirt,Accessories,80,New Jersey,L,White,Winter,3.0,Yes,Store Pickup,No,Yes,38,Venmo,Bi-Weekly
5710,44,Male,Belt,Accessories,26,Montana,L,Violet,Fall,4.1,No,Next Day Air,No,No,12,Cash,Monthly
5711,28,Male,Belt,Outerwear,54,Tennessee,S,White,Winter,3.3,No,Store Pickup,Yes,No,9,Debit Card,Weekly
5712,33,Male,Sweater,Accessories,45,Colorado,M,Green,Spring,2.8,No,Next Day Air,Yes,Yes,50,Bank Transfer,Every 3 Months
5713,42,Female,Sunglasses,Footwear,54,Idaho,S,Maroon,Summer,2.7,Yes,Free Shipping,Yes,No,13,PayPal,Every 3 Months
5714,58,Female,Sweater,Clothing,100,Maine,L,Peach,Spring,3.9,Yes,Store Pickup,No,No,36,Debit Card,Every 3 Months
5715,59,Female,Belt,Footwear,33,Rhode Island,M,Peach,Winter,4.2,Yes,Next Day Air,Yes,Yes,30,Bank Transfer,Every 3 Months
5716,36,Female,Sunglasses,Accessories,86,Louisiana,S,Turquoise,Spring,4.7,No,Express,No,No,2,Bank Transfer,Every 3 Months
5717,57,Male,Skirt,Clothing,33,Massachusetts,M,Red,Fall,4.7,No,2-Day Shipping,No,No,40,Cash,Quarterly
5718,62,Male,Jacket,Accessories,70,North Dakota,XL,Red,Spring,2.7,No,Standard,Yes,No,36,Credit Card,Fortnightly
5719,68,Male,Jacket,Clothing,20,Texas,L,White,Fall,3.5,No,Express,Yes,Yes,2,PayPal,Every 3 Months
5720,46,Female,Shorts,Accessories,93,Alaska,S,Pink,Winter,3.0,No,Express,No,No,24,Bank Transfer,Annually
5721,67,Female,Boots,Clothing,71,Nebraska,L,Black,Spring,4.4,No,Next Day Air,Yes,No,4,PayPal,Fortnightly
5722,20,Male,Hat,Clothing,72,Michigan,M,Silver,Winter,3.6,No,Free Shipping,No,Yes,34,Credit Card,Weekly
5723,34,Male,Scarf,Clothing,83,Louisiana,XL,Gold,Winter,4.6,No,Store Pickup,No,Yes,9,Debit Card,Fortnightly
5724,55,Male,Sweater,Outerwear,77,Vermont,M,Violet,Winter,4.7,No,Standard,No,No,12,Bank Transfer,Annually
5725,63,Male,Hoodie,Clothing,23,Massachusetts,M,Yellow,Winter,4.1,No,Next Day Air,Yes,No,36,Cash,Bi-Weekly
5726,48,Male,Jacket,Accessories,35,Georgia,M,Beige,Winter,3.1,Yes,Free Shipping,No,No,31,Credit Card,Weekly
5727,60,Male,Scarf,Clothing,39,South Dakota,L,Beige,Fall,3.1,No,Next Day Air,Yes,No,43,Venmo,Annually
5728,26,Male,Pants,Footwear,47,Idaho,M,Violet,Winter,4.4,No,Next Day Air,No,Yes,49,Cash,Bi-Weekly
5729,65,Male,Sweater,Clothing,83,Wyoming,M,Purple,Spring,3.7,No,Express,No,No,6,Venmo,Every 3 Months
5730,59,Male,T-shirt,Clothing,78,Louisiana,L,Yellow,Summer,4.4,No,Standard,No,Yes,37,Bank Transfer,Fortnightly
5731,64,Male,Scarf,Clothing,58,Louisiana,M,Red,Summer,3.2,Yes,Express,No,No,26,Venmo,Monthly
5732,30,Female,Sweater,Accessories,73,Illinois,S,Cyan,Winter,3.0,No,Express,No,Yes,45,Debit Card,Weekly
5733,31,Female,Backpack,Clothing,20,Arkansas,M,Teal,Spring,3.5,No,Store Pickup,Yes,No,11,Venmo,Fortnightly
5734,53,Male,Dress,Accessories,54,South Carolina,L,Violet,Winter,4.7,No,Free Shipping,Yes,Yes,6,Credit Card,Quarterly
5735,41,Male,Shirt,Clothing,71,Washington,L,Violet,Summer,3.1,Yes,Next Day Air,Yes,Yes,7,Debit Card,Weekly
5736,32,Female,Sandals,Clothing,76,Florida,L,Pink,Fall,4.7,Yes,Store Pickup,No,No,1,Credit Card,Annually
5737,44,Female,Belt,Accessories,36,New Mexico,M,Orange,Fall,4.7,Yes,2-Day Shipping,No,Yes,42,Bank Transfer,Annually
5738,65,Female,Jewelry,Clothing,28,Wyoming,M,Olive,Fall,3.7,No,Express,No,No,8,PayPal,Weekly
5739,49,Female,Shorts,Clothing,62,Missouri,L,Blue,Winter,3.3,Yes,Store Pickup,Yes,No,37,PayPal,Every 3 Months
5740,54,Male,Backpack,Accessories,28,West Virginia,S,Beige,Fall,3.6,No,Standard,No,No,49,Cash,Monthly
5741,35,Female,Hoodie,Outerwear,33,Michigan,M,Maroon,Summer,3.4,No,2-Day Shipping,Yes,Yes,45,Cash,Weekly
5742,27,Male,Backpack,Accessories,45,Mississippi,M,White,Winter,4.3,Yes,Store Pickup,No,Yes,22,Venmo,Weekly
5743,24,Female,Jacket,Clothing,53,Montana,M,Gold,Winter,4.1,Yes,Express,Yes,No,28,PayPal,Quarterly
5744,30,Male,Belt,Clothing,59,Alabama,L,Black,Winter,3.4,No,Free Shipping,No,Yes,8,Bank Transfer,Weekly
5745,56,Female,Socks,Outerwear,33,Missouri,S,Gray,Winter,4.5,No,Express,No,No,35,Venmo,Annually
5746,66,Female,Sunglasses,Clothing,51,Massachusetts,S,Teal,Winter,3.8,No,Free Shipping,No,No,46,PayPal,Annually
5747,28,Female,Hoodie,Clothing,83,North Carolina,XL,Orange,Fall,3.0,No,2-Day Shipping,Yes,Yes,31,Venmo,Fortnightly
5748,64,Male,Shorts,Clothing,30,Minnesota,L,Maroon,Summer,4.6,No,Store Pickup,Yes,No,41,Venmo,Bi-Weekly
5749,51,Female,T-shirt,Accessories,25,Louisiana,L,Maroon,Summer,4.5,Yes,Standard,No,Yes,33,Cash,Monthly
5750,37,Male,Hoodie,Footwear,61,West Virginia,XL,Indigo,Winter,4.0,No,Express,Yes,Yes,21,Venmo,Annually
5751,35,Male,Sandals,Clothing,71,Louisiana,L,Indigo,Spring,3.1,Yes,Next Day Air,Yes,Yes,16,Cash,Quarterly
5752,66,Male,Belt,Accessories,49,Texas,M,Silver,Spring,4.0,No,2-Day Shipping,Yes,No,36,Bank Transfer,Annually
5753,65,Male,Dress,Outerwear,81,New York,M,Red,Spring,3.9,No,2-Day Shipping,No,No,3,Credit Card,Quarterly
5754,51,Male,Jewelry,Clothing,31,Rhode Island,M,Orange,Summer,3.9,No,Store Pickup,Yes,No,4,Credit Card,Quarterly
5755,48,Male,Dress,Outerwear,70,West Virginia,S,Green,Spring,3.4,No,Free Shipping,Yes,No,50,Credit Card,Fortnightly
5756,23,Male,Boots,Footwear,27,Colorado,M,Charcoal,Winter,3.7,Yes,2-Day Shipping,Yes,No,21,Cash,Every 3 Months
5757,40,Male,Jacket,Clothing,71,Virginia,L,White,Fall,2.7,No,Standard,Yes,Yes,37,Credit Card,Every 3 Months
5758,60,Male,Socks,Clothing,43,Maryland,L,Teal,Fall,4.1,No,Store Pickup,Yes,No,30,Venmo,Annually
5759,48,Male,Socks,Clothing,31,Vermont,L,Olive,Winter,3.7,No,2-Day Shipping,No,No,38,Cash,Annually
5760,31,Male,Shoes,Accessories,21,Arkansas,S,Beige,Fall,2.5,No,Standard,No,No,40,Bank Transfer,Every 3 Months
5761,41,Female,Skirt,Clothing,36,Texas,L,Blue,Winter,4.7,No,Express,No,Yes,36,PayPal,Monthly
5762,67,Male,Jeans,Footwear,65,New York,XL,Purple,Fall,2.8,No,Express,Yes,No,44,PayPal,Quarterly
5763,24,Female,Shirt,Footwear,90,Vermont,L,Magenta,Spring,4.3,No,2-Day Shipping,Yes,No,11,Bank Transfer,Quarterly
5764,59,Male,Skirt,Clothing,35,Mississippi,S,Silver,Fall,3.9,No,Standard,No,No,4,Venmo,Bi-Weekly
5765,67,Male,Jeans,Clothing,51,Arkansas,M,Blue,Fall,4.5,No,Express,Yes,No,18,Bank Transfer,Bi-Weekly
5766,61,Male,Shorts,Accessories,25,Washington,M,Cyan,Winter,4.4,No,Free Shipping,No,Yes,37,Credit Card,Fortnightly
5767,40,Male,Belt,Footwear,79,Oregon,XL,Yellow,Spring,2.6,No,2-Day Shipping,Yes,Yes,44,Cash,Weekly
5768,18,Male,Jeans,Footwear,36,Mississippi,XL,Beige,Fall,4.8,Yes,Express,No,No,6,Credit Card,Every 3 Months
5769,28,Male,Socks,Clothing,70,New Mexico,L,Silver,Spring,3.2,Yes,Free Shipping,No,No,23,Debit Card,Every 3 Months
5770,60,Female,Scarf,Accessories,45,South Dakota,XL,Silver,Winter,2.5,No,Next Day Air,Yes,Yes,8,Cash,Monthly
5771,66,Female,Boots,Outerwear,36,Nevada,S,Teal,Summer,3.4,Yes,Standard,No,No,21,Debit Card,Quarterly
5772,60,Female,Shorts,Clothing,85,Illinois,L,Teal,Summer,2.9,No,Store Pickup,No,No,23,PayPal,Weekly
5773,47,Male,Handbag,Clothing,85,Pennsylvania,M,Turquoise,Winter,4.3,No,Store Pickup,Yes,No,30,Debit Card,Quarterly
5774,25,Male,Shorts,Clothing,63,Montana,S,Magenta,Summer,4.5,No,2-Day Shipping,No,No,6,Debit Card,Monthly
5775,25,Male,Sunglasses,Clothing,44,Pennsylvania,S,Cyan,Fall,4.0,No,2-Day Shipping,Yes,Yes,11,Debit Card,Quarterly
5776,67,Male,Pants,Footwear,39,Pennsylvania,M,Pink,Summer,4.4,Yes,Store Pickup,Yes,Yes,33,Venmo,Every 3 Months
5777,60,Female,Scarf,Accessories,52,Alabama,M,Violet,Winter,3.4,No,2-Day Shipping,No,Yes,6,Credit Card,Every 3 Months
5778,65,Female,Shirt,Accessories,48,Massachusetts,M,Peach,Winter,3.7,No,Standard,No,No,49,PayPal,Weekly
5779,48,Male,Hat,Clothing,60,West Virginia,L,Gray,Winter,4.9,Yes,Express,Yes,Yes,26,Debit Card,Bi-Weekly
5780,42,Male,Hat,Accessories,73,Nebraska,M,Indigo,Spring,5.0,No,Store Pickup,Yes,Yes,38,Debit Card,Bi-Weekly
5781,51,Male,Shirt,Clothing,72,Michigan,M,Beige,Fall,2.9,No,Standard,Yes,Yes,16,Credit Card,Fortnightly
5782,61,Male,Blouse,Accessories,93,Virginia,L,Pink,Spring,4.3,No,Standard,Yes,No,49,Credit Card,Weekly
5783,32,Male,Jacket,Outerwear,70,Delaware,L,Purple,Spring,2.7,Yes,Express,No,No,50,Bank Transfer,Fortnightly
5784,31,Male,Belt,Outerwear,68,Texas,M,Black,Winter,4.1,No,Express,No,No,44,Bank Transfer,Fortnightly
5785,62,Male,Blouse,Accessories,40,Florida,S,Gold,Spring,3.4,No,Store Pickup,No,No,50,Cash,Quarterly
5786,53,Female,Shoes,Footwear,47,Tennessee,S,Red,Spring,,Yes,Standard,No,No,21,Cash,Fortnightly
5787,39,Male,Sneakers,Clothing,72,Louisiana,M,Charcoal,Summer,3.2,No,Next Day Air,Yes,No,4,Debit Card,Annually
5788,20,Male,Belt,Accessories,96,South Carolina,M,Lavender,Summer,3.1,No,Store Pickup,Yes,No,41,Bank Transfer,Quarterly
5789,38,Male,Hoodie,Accessories,86,Minnesota,XL,Beige,Spring,4.5,No,Express,No,No,21,Cash,Quarterly
5790,48,Male,Dress,Clothing,84,Pennsylvania,S,Charcoal,Spring,4.9,No,Store Pickup,No,Yes,9,PayPal,Quarterly
5791,24,Male,Hoodie,Accessories,85,Hawaii,M,Yellow,Fall,3.9,No,Express,No,Yes,32,Venmo,Quarterly
5792,68,Male,Coat,Accessories,105,Connecticut,M,Yellow,Winter,4.0,No,Store Pickup,No,Yes,40,Debit Card,Every 3 Months
5793,56,Male,Gloves,Accessories,52,Washington,XL,Orange,Fall,3.5,No,Express,Yes,No,3,Credit Card,Fortnightly
5794,31,Male,Boots,Accessories,56,Iowa,M,Indigo,Summer,3.3,Yes,Next Day Air,Yes,Yes,4,Credit Card,Quarterly
5795,22,Male,Jeans,Footwear,39,Virginia,M,Gold,Summer,5.0,Yes,Express,Yes,Yes,3,Cash,Monthly
5796,23,Male,T-shirt,Outerwear,35,Pennsylvania,S,White,Fall,3.9,Yes,Next Day Air,No,No,23,Credit Card,Every 3 Months
5797,25,Male,Handbag,Accessories,83,Wyoming,S,Charcoal,Fall,3.3,No,2-Day Shipping,No,No,36,Venmo,Fortnightly
5798,35,Female,Skirt,Clothing,85,Alabama,S,Violet,Winter,4.2,Yes,Express,Yes,No,10,Cash,Monthly
5799,70,Female,Backpack,Outerwear,28,New Mexico,L,Peach,Spring,3.7,Yes,Free Shipping,Yes,No,29,Credit Card,Quarterly
5800,25,Male,Gloves,Footwear,52,Kansas,L,Charcoal,Fall,4.6,Yes,2-Day Shipping,No,No,10,PayPal,Annually
5801,23,Female,Coat,Accessories,82,Arkansas,M,Yellow,Fall,3.7,No,Free Shipping,No,No,43,Credit Card,Every 3 Months
5802,21,Female,Scarf,Accessories,44,South Carolina,M,Gray,Fall,4.1,No,Store Pickup,Yes,No,12,PayPal,Quarterly
5803,59,Male,Sandals,Clothing,70,Ohio,M,Black,Spring,3.3,Yes,Store Pickup,No,No,14,Bank Transfer,Every 3 Months
5804,25,Male,Sweater,Outerwear,83,New York,S,Cyan,Winter,3.1,Yes,Store Pickup,Yes,No,15,Bank Transfer,Weekly
5805,69,Male,Socks,Clothing,93,Tennessee,M,Purple,Fall,3.8,No,Store Pickup,No,No,11,Debit Card,Weekly
5806,19,Male,Jacket,Outerwear,27,Georgia,XL,Olive,Fall,2.9,Yes,Express,Yes,No,43,Bank Transfer,Every 3 Months
5807,32,Female,Hoodie,Clothing,36,North Dakota,L,Indigo,Fall,4.9,No,Standard,No,No,24,PayPal,Annually
5808,65,Female,Handbag,Clothing,79,Idaho,M,Charcoal,Summer,2.7,No,Store Pickup,No,No,20,Bank Transfer,Fortnightly
5809,22,Male,Hoodie,Clothing,92,New Jersey,M,Turquoise,Spring,2.6,No,Next Day Air,No,No,4,Venmo,Weekly
5810,33,Male,Skirt,Footwear,84,Louisiana,M,Maroon,Summer,3.0,No,Free Shipping,Yes,No,39,Cash,Annually
5811,37,Male,Coat,Accessories,22,Vermont,L,Indigo,Fall,3.6,Yes,Express,No,No,28,Credit Card,Fortnightly
5812,52,Female,Skirt,Clothing,70,Minnesota,M,Violet,Fall,4.3,No,Free Shipping,No,No,21,Debit Card,Bi-Weekly
5813,39,Male,Gloves,Clothing,61,South Dakota,XL,Silver,Fall,4.4,Yes,Free Shipping,Yes,Yes,12,PayPal,Quarterly
5814,69,Female,Sweater,Accessories,73,Delaware,M,Maroon,Spring,4.3,No,Store Pickup,No,Yes,46,Debit Card,Bi-Weekly
5815,56,Male,Belt,Clothing,67,New Hampshire,M,Violet,Fall,3.2,No,Standard,No,No,14,Bank Transfer,Weekly
5816,32,Male,Sneakers,Outerwear,66,Wisconsin,L,Purple,Winter,4.0,Yes,Standard,Yes,No,10,Venmo,Weekly
5817,49,Female,Shoes,Outerwear,75,South Carolina,M,Orange,Fall,2.8,No,Free Shipping,Yes,Yes,1,Credit Card,Every 3 Months
5818,32,Female,Scarf,Accessories,32,Arizona,M,Pink,Summer,4.5,Yes,Store Pickup,No,No,16,Cash,Weekly
5819,28,Male,Gloves,Clothing,97,South Carolina,XL,Gray,Winter,3.7,No,Free Shipping,Yes,Yes,9,PayPal,Quarterly
5820,25,Male,Shorts,Clothing,37,Delaware,M,Indigo,Winter,3.9,Yes,Next Day Air,Yes,No,5,Cash,Bi-Weekly
5821,69,Male,Pants,Footwear,73,Tennessee,L,Black,Fall,4.4,No,Express,No,Yes,28,Cash,Annually
5822,48,Male,Belt,Clothing,83,Ohio,M,Red,Spring,3.9,No,Express,Yes,Yes,35,PayPal,Every 3 Months
5823,41,Male,Dress,Clothing,67,Washington,S,Red,Spring,3.0,Yes,Express,No,Yes,3,Credit Card,Quarterly
5824,52,Male,Socks,Clothing,89,Mississippi,M,Black,Summer,4.1,Yes,Standard,No,No,4,Credit Card,Quarterly
5825,38,Female,Socks,Outerwear,43,Louisiana,M,Turquoise,Winter,3.0,No,2-Day Shipping,Yes,Yes,44,Venmo,Weekly
5826,59,Male,Sunglasses,Clothing,80,Nevada,M,Gold,Fall,4.5,No,2-Day Shipping,No,No,33,Venmo,Quarterly
5827,36,Male,Sneakers,Clothing,80,South Carolina,L,Gold,Spring,4.2,Yes,Store Pickup,Yes,Yes,16,PayPal,Fortnightly
5828,43,Male,Backpack,Clothing,32,Maine,M,Violet,Spring,3.2,No,Standard,No,Yes,33,Cash,Fortnightly
5829,58,Male,Sandals,Accessories,99,Arkansas,M,Gray,Spring,3.1,No,Express,No,No,39,PayPal,Fortnightly
5830,52,Female,Sweater,Footwear,53,Vermont,L,Brown,Spring,3.1,Yes,Next Day Air,No,Yes,10,Debit Card,Quarterly
5831,68,Male,Dress,Outerwear,43,Illinois,L,Peach,Summer,3.0,Yes,Store Pickup,No,No,39,PayPal,Monthly
5832,42,Female,Gloves,Clothing,77,Arkansas,XL,Charcoal,Spring,3.2,No,Standard,No,Yes,26,PayPal,Weekly
5833,38,Female,Backpack,Accessories,82,Georgia,XL,Peach,Winter,4.6,No,Next Day Air,Yes,No,24,Cash,Weekly
5834,70,Female,Hoodie,Footwear,86,Connecticut,M,Beige,Winter,4.2,No,Free Shipping,Yes,Yes,33,Cash,Every 3 Months
5835,70,Male,Boots,Footwear,31,North Carolina,L,Peach,Summer,3.6,No,Standard,No,No,33,Debit Card,Annually
5836,69,Male,Sandals,Footwear,42,Ohio,M,Blue,Summer,3.6,Yes,2-Day Shipping,No,No,47,Credit Card,Annually
5837,57,Female,Jeans,Clothing,102,Mississippi,M,Pink,Fall,4.4,Yes,Store Pickup,Yes,No,16,Debit Card,Weekly
5838,64,Male,Coat,Accessories,52,Colorado,M,Turquoise,Summer,3.8,No,Standard,Yes,No,49,Venmo,Every 3 Months
5839,19,Male,Sneakers,Clothing,34,California,M,Teal,Summer,2.8,Yes,Store Pickup,No,No,17,Bank Transfer,Quarterly
5840,43,Male,Scarf,Clothing,24,Rhode Island,S,Beige,Spring,4.2,No,Free Shipping,No,No,40,Debit Card,Fortnightly
5841,36,Male,Jacket,Footwear,23,Georgia,M,Teal,Summer,3.7,No,Next Day Air,Yes,Yes,7,PayPal,Fortnightly
5842,50,Male,Handbag,Accessories,92,New Mexico,L,Red,Spring,2.6,No,Free Shipping,No,No,21,Cash,Bi-Weekly
5843,33,Male,Dress,Clothing,34,Illinois,M,Teal,Fall,2.5,No,Express,No,Yes,13,Cash,Annually
5844,34,Male,Sweater,Footwear,15,Alaska,XL,Purple,Spring,4.8,No,Free Shipping,Yes,No,3,Venmo,Bi-Weekly
5845,35,Female,Hat,Clothing,36,Delaware,M,Violet,Fall,3.0,No,Free Shipping,No,Yes,9,PayPal,Bi-Weekly
5846,38,Male,Gloves,Accessories,86,Illinois,M,White,Spring,3.7,No,Next Day Air,Yes,No,18,Bank Transfer,Fortnightly
5847,65,Male,Shirt,Footwear,95,Massachusetts,L,Blue,Fall,2.5,No,2-Day Shipping,No,No,30,Bank Transfer,Fortnightly
5848,42,Male,Jeans,Clothing,42,Washington,XL,Cyan,Winter,2.7,No,Express,Yes,Yes,37,Credit Card,Annually
5849,46,Female,T-shirt,Accessories,92,Tennessee,XL,Gray,Winter,3.9,No,2-Day Shipping,No,Yes,49,Credit Card,Weekly
5850,40,Male,Pants,Footwear,80,Virginia,M,Magenta,Summer,3.9,No,Store Pickup,No,No,39,Credit Card,Weekly
5851,28,Male,Coat,Clothing,32,South Carolina,M,Gray,Spring,3.2,Yes,Next Day Air,Yes,Yes,32,Bank Transfer,Every 3 Months
5852,20,Male,Handbag,Footwear,36,Iowa,XL,Teal,Winter,3.7,Yes,Store Pickup,Yes,No,44,PayPal,Bi-Weekly
5853,63,Female,Belt,Accessories,71,Texas,M,Green,Fall,4.6,No,Store Pickup,No,No,13,Bank Transfer,Fortnightly
5854,52,Male,Jewelry,Accessories,97,Ohio,L,Orange,Spring,4.5,Yes,Standard,No,Yes,12,Bank Transfer,Every 3 Months
5855,70,Male,Shorts,Accessories,76,North Dakota,XL,Violet,Spring,3.8,No,Standard,No,Yes,14,PayPal,Annually
5856,31,Male,Belt,Accessories,72,Mississippi,M,Olive,Fall,4.9,No,Free Shipping,No,No,37,Bank Transfer,Every 3 Months
5857,60,Female,Jacket,Outerwear,44,South Carolina,XL,Beige,Fall,4.8,No,Express,No,Yes,14,Credit Card,Bi-Weekly
5858,42,Male,T-shirt,Accessories,46,Illinois,S,Violet,Spring,3.8,No,Express,No,Yes,50,PayPal,Annually
5859,59,Male,Gloves,Outerwear,74,North Carolina,XL,Magenta,Spring,3.9,Yes,Express,No,No,24,PayPal,Bi-Weekly
5860,69,Female,Blouse,Footwear,78,Nevada,M,Gray,Summer,4.4,No,2-Day Shipping,Yes,Yes,25,Bank Transfer,Bi-Weekly
5861,54,Female,Jewelry,Accessories,80,Minnesota,M,White,Summer,3.6,No,Standard,No,No,11,Cash,Every 3 Months
5862,25,Female,Shorts,Footwear,26,Texas,M,Olive,Winter,4.1,No,Next Day Air,No,Yes,30,Credit Card,Monthly
5863,22,Male,Coat,Clothing,77,Nebraska,M,Olive,Winter,4.6,No,Next Day Air,Yes,No,32,Venmo,Bi-Weekly
5864,22,Male,Pants,Accessories,69,Nebraska,M,Orange,Fall,3.0,Yes,Store Pickup,No,Yes,47,Credit Card,Quarterly
5865,36,Male,Dress,Outerwear,41,Kansas,M,Charcoal,Spring,2.6,No,Store Pickup,No,No,8,Credit Card,Bi-Weekly
5866,58,Male,Skirt,Clothing,42,Hawaii,XL,Lavender,Winter,4.3,No,2-Day Shipping,Yes,Yes,1,Bank Transfer,Quarterly
5867,43,Male,Scarf,Accessories,92,Illinois,M,Black,Fall,4.9,No,Next Day Air,No,No,33,Bank Transfer,Every 3 Months
5868,49,Female,Sunglasses,Clothing,92,Texas,L,White,Winter,3.8,No,Next Day Air,Yes,No,29,PayPal,Fortnightly
5869,47,Male,Sandals,Clothing,63,Idaho,M,Red,Fall,2.9,Yes,Free Shipping,No,No,27,Credit Card,Weekly
5870,56,Male,Sunglasses,Clothing,59,Minnesota,M,Pink,Fall,3.6,No,2-Day Shipping,Yes,Yes,19,Bank Transfer,Bi-Weekly
5871,67,Male,Sneakers,Clothing,98,Arkansas,M,Indigo,Summer,4.9,No,Free Shipping,Yes,No,5,Bank Transfer,Annually
5872,28,Female,Sandals,Clothing,94,North Carolina,S,Magenta,Fall,4.6,No,Store Pickup,No,Yes,21,Venmo,Weekly
5873,36,Male,Sweater,Clothing,83,Illinois,S,Pink,Summer,4.8,Yes,Next Day Air,No,No,2,Cash,Annually
5874,67,Male,Pants,Accessories,82,Montana,XL,Yellow,Summer,4.6,No,Next Day Air,Yes,Yes,28,Credit Card,Bi-Weekly
5875,63,Female,Jacket,Footwear,91,California,M,Yellow,Summer,3.8,No,Standard,No,No,25,Cash,Bi-Weekly
5876,70,Female,Shoes,Footwear,82,Virginia,M,Peach,Summer,3.0,No,2-Day Shipping,Yes,Yes,19,Cash,Fortnightly
5877,55,Male,Coat,Footwear,65,Wyoming,XL,Cyan,Spring,3.5,Yes,Store Pickup,No,Yes,4,Credit Card,Weekly
5878,29,Female,Hoodie,Accessories,19,Washington,S,Gold,Summer,2.9,Yes,Store Pickup,No,Yes,14,Bank Transfer,Annually
5879,65,Male,Dress,Accessories,85,Oklahoma,XL,Magenta,Summer,3.0,No,Free Shipping,Yes,Yes,5,Venmo,Fortnightly
5880,26,Female,Shorts,Accessories,72,Nebraska,M,Magenta,Fall,3.6,No,2-Day Shipping,No,Yes,32,Credit Card,Monthly
5881,70,Male,Jewelry,Clothing,18,North Carolina,L,Orange,Summer,3.7,Yes,Free Shipping,No,No,1,Venmo,Every 3 Months
5882,36,Male,Dress,Clothing,35,Tennessee,L,Silver,Fall,4.5,No,2-Day Shipping,Yes,Yes,10,PayPal,Bi-Weekly
5883,23,Male,Shorts,Clothing,89,New Hampshire,M,Brown,Fall,3.1,No,Express,No,No,45,Venmo,Quarterly
5884,68,Male,Jacket,Accessories,79,Oregon,M,Red,Fall,3.2,No,Standard,Yes,Yes,22,Venmo,Annually
5885,54,Female,Pants,Clothing,70,Indiana,S,Beige,Summer,4.0,Yes,Standard,Yes,No,30,Debit Card,Bi-Weekly
5886,57,Male,Boots,Footwear,20,Colorado,S,Beige,Winter,3.0,No,2-Day Shipping,Yes,No,23,Credit Card,Every 3 Months
5887,52,Male,Blouse,Clothing,57,Illinois,M,Green,Spring,4.8,No,Store Pickup,Yes,Yes,48,Bank Transfer,Monthly
5888,62,Female,Belt,Clothing,33,Nevada,S,Lavender,Fall,2.6,Yes,Standard,No,Yes,48,Bank Transfer,Annually
5889,44,Male,Blouse,Clothing,86,Alaska,M,Lavender,Winter,3.3,No,2-Day Shipping,No,Yes,24,PayPal,Fortnightly
5890,43,Female,Dress,Clothing,58,Wisconsin,L,Magenta,Fall,4.1,No,Standard,Yes,Yes,16,Bank Transfer,Weekly
5891,36,Female,Blouse,Footwear,26,Wyoming,L,Olive,Fall,4.3,No,Free Shipping,No,No,37,Credit Card,Annually
5892,67,Male,Skirt,Accessories,45,Utah,S,Lavender,Summer,2.8,Yes,Free Shipping,No,No,36,Credit Card,Quarterly
5893,38,Male,Jeans,Outerwear,60,Indiana,S,Gray,Fall,3.9,Yes,Standard,Yes,No,30,Bank Transfer,Annually
5894,32,Male,Dress,Clothing,91,Nevada,M,Charcoal,Winter,3.6,No,Next Day Air,Yes,Yes,29,PayPal,Bi-Weekly
5895,52,Female,Handbag,Outerwear,42,Virginia,M,Blue,Summer,3.0,No,Next Day Air,Yes,No,8,Cash,Annually
5896,32,Male,Sandals,Clothing,38,Michigan,M,Teal,Spring,4.3,No,Next Day Air,Yes,Yes,44,Cash,Quarterly
5897,33,Male,Backpack,Outerwear,16,Massachusetts,XL,Olive,Spring,3.1,No,Standard,No,No,42,Bank Transfer,Monthly
5898,69,Female,Sweater,Clothing,68,Montana,M,Black,Summer,4.4,Yes,2-Day Shipping,Yes,No,5,Credit Card,Fortnightly
5899,68,Male,Handbag,Accessories,38,Alaska,L,Brown,Spring,3.5,Yes,Next Day Air,No,No,27,Debit Card,Every 3 Months
5900,25,Male,T-shirt,Outerwear,88,Rhode Island,M,Brown,Winter,4.6,No,Free Shipping,No,No,9,Debit Card,Quarterly
5901,70,Male,Sunglasses,Clothing,64,Kentucky,L,Magenta,Summer,3.4,No,Free Shipping,Yes,No,13,Bank Transfer,Every 3 Months
5902,46,Female,Sandals,Outerwear,71,Tennessee,M,Indigo,Summer,4.6,Yes,Standard,Yes,No,28,Debit Card,Fortnightly
5903,47,Male,Shorts,Clothing,80,Massachusetts,S,Gold,Winter,3.1,Yes,Standard,Yes,No,3,Venmo,Quarterly
5904,45,Male,Dress,Footwear,45,Hawaii,L,Charcoal,Summer,3.9,Yes,Express,No,No,29,Credit Card,Quarterly
5905,24,Male,Gloves,Footwear,43,Mississippi,M,Gray,Spring,2.9,No,Express,No,No,46,Venmo,Monthly
5906,53,Male,Jewelry,Accessories,99,Maryland,L,Purple,Fall,2.7,No,Store Pickup,No,No,50,Cash,Fortnightly
5907,57,Male,Dress,Accessories,97,Florida,S,Cyan,Winter,3.7,Yes,2-Day Shipping,No,No,30,Cash,Weekly
5908,18,Male,Shirt,Accessories,79,Pennsylvania,M,Red,Winter,2.9,Yes,2-Day Shipping,Yes,Yes,41,PayPal,Monthly
5909,19,Female,Backpack,Clothing,39,Montana,M,Silver,Spring,4.7,No,Standard,No,Yes,19,Credit Card,Quarterly
5910,18,Female,Gloves,Accessories,104,Maine,M,White,Fall,3.9,No,Next Day Air,No,Yes,48,Debit Card,Bi-Weekly
5911,44,Male,T-shirt,Accessories,68,Mississippi,L,Silver,Fall,3.8,Yes,Standard,No,No,14,Cash,Annually
5912,69,Male,Backpack,Clothing,81,Indiana,L,Charcoal,Winter,3.6,No,Express,No,No,40,Bank Transfer,Bi-Weekly
5913,39,Male,Shoes,Accessories,84,Pennsylvania,S,Green,Winter,4.0,No,Standard,No,Yes,11,PayPal,Annually
5914,32,Male,Blouse,Clothing,58,Alaska,XL,Violet,Winter,3.6,No,Free Shipping,No,No,44,Venmo,Every 3 Months
5915,49,Male,Sunglasses,Clothing,65,Tennessee,S,Pink,Winter,,No,Standard,No,No,33,PayPal,Quarterly
5916,50,Male,Sunglasses,Accessories,25,Maryland,M,Red,Winter,3.8,Yes,Express,No,No,3,Credit Card,Weekly
5917,43,Male,Skirt,Footwear,101,Wyoming,L,Turquoise,Spring,4.1,No,Store Pickup,Yes,No,21,PayPal,Quarterly
5918,37,Male,Hat,Outerwear,60,Washington,L,Pink,Summer,3.9,No,Store Pickup,No,Yes,7,Debit Card,Every 3 Months
5919,26,Female,Dress,Clothing,42,Maryland,L,Olive,Winter,4.8,No,Store Pickup,No,No,32,Bank Transfer,Bi-Weekly
5920,24,Male,Dress,Outerwear,41,Minnesota,L,Red,Summer,3.9,No,Standard,Yes,No,5,Debit Card,Quarterly
5921,52,Male,Jeans,Accessories,72,Minnesota,M,Magenta,Winter,4.6,No,Store Pickup,No,No,47,Bank Transfer,Monthly
5922,43,Male,Shorts,Clothing,43,Oregon,XL,Lavender,Fall,2.9,Yes,Standard,No,Yes,4,Debit Card,Monthly
5923,57,Female,Skirt,Clothing,88,Arizona,M,Magenta,Spring,3.7,No,Express,Yes,No,15,Cash,Fortnightly
5924,44,Male,Dress,Accessories,64,Illinois,M,Turquoise,Fall,3.5,No,Standard,Yes,Yes,45,Cash,Annually
5925,37,Male,Blouse,Clothing,63,Kentucky,M,Green,Spring,4.4,No,2-Day Shipping,No,Yes,9,Debit Card,Quarterly
5926,39,Male,Socks,Clothing,59,Oregon,M,Black,Fall,3.9,No,Free Shipping,Yes,No,37,Bank Transfer,Annually
5927,38,Male,Shorts,Clothing,19,New Mexico,L,Maroon,Winter,4.9,No,Store Pickup,Yes,No,5,Cash,Every 3 Months
5928,36,Male,Jeans,Clothing,54,Iowa,L,Blue,Spring,3.8,No,2-Day Shipping,No,No,31,Cash,Monthly
5929,29,Male,Gloves,Footwear,33,Utah,L,Teal,Spring,4.6,No,Standard,No,No,19,Credit Card,Annually
5930,27,Male,Dress,Accessories,96,Alabama,M,Blue,Winter,4.3,Yes,Next Day Air,No,Yes,7,Debit Card,Bi-Weekly
5931,23,Male,Sandals,Footwear,98,Connecticut,S,Silver,Spring,2.5,No,Free Shipping,Yes,No,42,Bank Transfer,Every 3 Months
5932,58,Male,Coat,Clothing,41,New York,L,Peach,Spring,5.0,No,Next Day Air,No,Yes,15,PayPal,Fortnightly
5933,42,Female,Scarf,Clothing,57,Montana,XL,Silver,Winter,4.1,No,Free Shipping,No,Yes,11,Credit Card,Monthly
5934,54,Male,Backpack,Footwear,66,New Hampshire,XL,Green,Spring,3.8,No,Next Day Air,Yes,Yes,15,PayPal,Annually
5935,30,Male,Shorts,Clothing,33,Georgia,M,Maroon,Fall,4.8,No,Next Day Air,No,No,11,Venmo,Monthly
5936,29,Male,Sandals,Clothing,42,Tennessee,L,Indigo,Summer,3.5,No,2-Day Shipping,Yes,No,20,Venmo,Bi-Weekly
5937,56,Female,Hat,Footwear,102,Washington,M,Peach,Winter,3.6,Yes,Store Pickup,No,Yes,50,Debit Card,Monthly
5938,27,Female,Shirt,Accessories,28,Alabama,L,Peach,Winter,2.5,No,Standard,No,Yes,45,PayPal,Weekly
5939,65,Male,Shorts,Accessories,53,North Carolina,XL,Orange,Winter,3.3,Yes,Store Pickup,Yes,Yes,47,PayPal,Monthly
5940,22,Male,Coat,Clothing,34,Connecticut,L,Purple,Summer,3.9,No,Free Shipping,No,No,20,Bank Transfer,Annually
5941,59,Female,Scarf,Accessories,68,California,M,Gold,Spring,4.3,Yes,Express,No,No,2,Venmo,Monthly
5942,57,Female,Backpack,Footwear,41,Ohio,XL,White,Summer,4.4,Yes,Store Pickup,No,No,45,Venmo,Weekly
5943,39,Female,Sneakers,Clothing,88,Ohio,L,Turquoise,Summer,3.9,No,Express,No,No,28,Credit Card,Bi-Weekly
5944,38,Male,Coat,Accessories,70,Wisconsin,M,Blue,Spring,4.5,No,Next Day Air,Yes,No,5,Debit Card,Weekly
5945,52,Female,Sandals,Clothing,62,Pennsylvania,L,Brown,Winter,4.0,Yes,Free Shipping,Yes,Yes,39,Bank Transfer,Weekly
5946,49,Male,Coat,Clothing,27,Missouri,L,Gray,Summer,2.6,Yes,2-Day Shipping,No,No,38,Debit Card,Annually
5947,23,Male,Hoodie,Accessories,40,Indiana,S,Teal,Spring,4.1,No,Free Shipping,Yes,No,49,Credit Card,Monthly
5948,62,Male,Boots,Clothing,68,Idaho,M,Peach,Fall,4.4,No,2-Day Shipping,No,No,18,Venmo,Weekly
5949,31,Male,Gloves,Accessories,40,Nebraska,L,Cyan,Fall,4.2,Yes,Express,No,Yes,17,PayPal,Monthly
5950,68,Female,Jewelry,Accessories,41,Ohio,L,Violet,Winter,3.3,No,Next Day Air,No,No,42,Venmo,Every 3 Months
5951,58,Male,Socks,Clothing,95,Alaska,L,Silver,Fall,4.5,Yes,Store Pickup,No,Yes,43,Cash,Weekly
5952,37,Male,Hoodie,Clothing,54,Pennsylvania,M,Charcoal,Fall,3.1,No,Free Shipping,Yes,No,38,Credit Card,Annually
5953,38,Male,Jacket,Clothing,101,Oregon,S,Pink,Fall,3.9,No,Next Day Air,No,Yes,25,Debit Card,Weekly
5954,49,Male,Gloves,Clothing,83,Pennsylvania,L,White,Winter,3.5,No,Express,No,No,6,Venmo,Annually
5955,44,Female,Sunglasses,Footwear,25,Utah,M,Silver,Spring,2.8,No,Standard,Yes,Yes,32,Cash,Weekly
5956,32,Male,Shirt,Footwear,56,Arizona,S,Purple,Fall,4.0,No,Free Shipping,No,No,19,Bank Transfer,Fortnightly
5957,27,Male,Scarf,Clothing,58,Arizona,M,Gold,Spring,2.8,No,Next Day Air,No,Yes,13,Bank Transfer,Fortnightly
5958,51,Female,Shoes,Clothing,90,Illinois,S,Blue,Winter,4.5,Yes,Store Pickup,No,No,23,Cash,Weekly
5959,61,Male,Shirt,Accessories,59,Minnesota,S,Cyan,Winter,2.7,Yes,2-Day Shipping,No,No,26,Cash,Fortnightly
5960,62,Male,Shoes,Clothing,20,Maine,XL,Green,Fall,4.9,No,Free Shipping,Yes,No,44,PayPal,Annually
5961,26,Male,Sneakers,Outerwear,82,Delaware,M,Green,Winter,2.9,Yes,Express,Yes,Yes,12,Venmo,Fortnightly
5962,67,Male,Handbag,Clothing,108,Colorado,L,Silver,Fall,4.2,No,Next Day Air,Yes,No,42,Credit Card,Weekly
5963,34,Male,Skirt,Footwear,41,South Carolina,S,Brown,Summer,3.5,No,Store Pickup,No,No,39,Venmo,Every 3 Months
5964,68,Male,Sandals,Clothing,60,Oklahoma,M,Orange,Fall,4.9,No,2-Day Shipping,No,Yes,29,Cash,Every 3 Months
5965,35,Female,Sneakers,Accessories,24,Alaska,S,Gold,Summer,3.4,No,Express,Yes,Yes,36,PayPal,Annually
5966,52,Male,Shirt,Footwear,39,New Mexico,M,Pink,Fall,3.0,Yes,Express,Yes,No,37,PayPal,Annually
5967,30,Male,Hat,Accessories,74,North Carolina,XL,Teal,Fall,4.8,No,Free Shipping,Yes,No,3,Bank Transfer,Weekly
5968,55,Female,Hoodie,Accessories,54,Missouri,M,Blue,Summer,4.2,No,Next Day Air,Yes,No,18,PayPal,Every 3 Months
5969,22,Female,Sweater,Accessories,57,Nevada,XL,Charcoal,Fall,3.5,Yes,Express,Yes,Yes,14,Bank Transfer,Quarterly
5970,23,Male,Shoes,Accessories,73,Hawaii,S,Green,Spring,2.8,No,Free Shipping,No,No,39,Credit Card,Annually
5971,66,Male,Coat,Accessories,87,Maine,M,Purple,Fall,4.4,No,2-Day Shipping,Yes,Yes,12,Bank Transfer,Quarterly
5972,23,Male,Scarf,Clothing,37,Wisconsin,S,Orange,Fall,4.6,No,Store Pickup,No,No,5,Debit Card,Quarterly
5973,64,Female,Dress,Footwear,87,Hawaii,L,Indigo,Fall,3.3,No,Free Shipping,Yes,No,10,PayPal,Quarterly
5974,42,Male,Jacket,Clothing,35,Nebraska,XL,Red,Summer,2.7,No,Store Pickup,No,No,3,Cash,Weekly
5975,60,Male,Shorts,Clothing,32,Indiana,M,Olive,Summer,2.5,Yes,Express,Yes,No,37,Bank Transfer,Bi-Weekly
5976,36,Male,Belt,Clothing,43,Kentucky,S,Maroon,Fall,2.6,Yes,Next Day Air,Yes,Yes,10,Debit Card,Every 3 Months
5977,52,Female,Jacket,Footwear,75,Texas,XL,Yellow,Summer,3.1,Yes,Free Shipping,Yes,Yes,24,Cash,Bi-Weekly
5978,36,Male,Jeans,Clothing,25,Missouri,M,Peach,Fall,2.5,No,Free Shipping,No,No,23,PayPal,Annually
5979,44,Female,Belt,Accessories,44,Michigan,S,Gold,Summer,4.2,No,Express,No,Yes,22,PayPal,Weekly
5980,47,Male,Jeans,Accessories,75,Oklahoma,S,Silver,Spring,4.8,No,Store Pickup,Yes,No,16,Cash,Annually
5981,19,Male,Jeans,Accessories,81,Pennsylvania,M,Charcoal,Spring,3.9,Yes,Express,No,No,46,Credit Card,Annually
5982,49,Male,Socks,Clothing,94,Wisconsin,L,Gray,Fall,2.8,No,Store Pickup,Yes,Yes,17,Venmo,Quarterly
5983,27,Male,Boots,Clothing,77,West Virginia,M,Charcoal,Winter,3.1,No,Store Pickup,No,No,13,Debit Card,Fortnightly
5984,38,Male,Scarf,Accessories,71,Minnesota,M,Violet,Spring,3.8,No,Express,No,No,6,Bank Transfer,Monthly
5985,37,Female,Belt,Outerwear,74,Colorado,L,Gold,Winter,3.5,No,Standard,Yes,No,12,Bank Transfer,Quarterly
5986,64,Male,Shorts,Clothing,85,Mississippi,M,Yellow,Fall,3.4,No,Standard,Yes,No,32,PayPal,Monthly
5987,59,Female,Handbag,Clothing,85,New Hampshire,M,Black,Spring,3.7,No,Free Shipping,Yes,No,37,Cash,Every 3 Months
5988,41,Male,Jewelry,Clothing,47,Vermont,M,Charcoal,Winter,4.8,Yes,Standard,Yes,Yes,20,Bank Transfer,Fortnightly
5989,34,Male,Backpack,Accessories,41,Texas,XL,Pink,Spring,2.6,Yes,Standard,Yes,Yes,23,Cash,Bi-Weekly
5990,62,Female,T-shirt,Footwear,81,Idaho,M,Cyan,Summer,2.7,Yes,Store Pickup,No,No,47,PayPal,Fortnightly
5991,62,Female,Belt,Accessories,74,Maryland,L,Lavender,Spring,3.3,No,Next Day Air,No,No,10,Debit Card,Every 3 Months
5992,64,Male,Scarf,Footwear,28,New Jersey,XL,Maroon,Fall,4.6,Yes,Store Pickup,Yes,Yes,30,PayPal,Fortnightly
5993,28,Male,Shirt,Footwear,54,California,M,Gold,Spring,3.1,No,Standard,No,Yes,7,Cash,Every 3 Months
5994,65,Male,Coat,Clothing,79,West Virginia,M,Charcoal,Fall,3.9,No,Free Shipping,Yes,Yes,14,Cash,Fortnightly
5995,63,Female,Dress,Clothing,28,New York,S,Lavender,Spring,2.6,No,Express,No,No,29,Debit Card,Monthly
5996,50,Female,Sweater,Clothing,32,Nevada,XL,Teal,Summer,3.7,Yes,Free Shipping,No,Yes,15,Venmo,Weekly
5997,38,Female,Blouse,Clothing,77,Vermont,M,Brown,Spring,3.8,No,Standard,No,No,41,Venmo,Monthly
5998,47,Male,Socks,Footwear,20,Kansas,XL,Cyan,Winter,3.9,No,Standard,Yes,No,14,Cash,Bi-Weekly
5999,32,Female,Shoes,Clothing,38,Maine,M,Olive,Fall,,No,Store Pickup,Yes,No,20,Debit Card,Monthly
6000,27,Male,Hat,Footwear,21,Nevada,L,Magenta,Fall,3.9,No,Free Shipping,Yes,No,32,Credit Card,Monthly
6001,25,Female,Coat,Clothing,17,Maine,M,Beige,Winter,2.9,Yes,Store Pickup,Yes,No,26,PayPal,Fortnightly
6002,55,Male,Jacket,Clothing,107,North Dakota,L,Brown,Fall,3.7,No,2-Day Shipping,Yes,Yes,16,Credit Card,Monthly
6003,57,Female,T-shirt,Footwear,33,New Hampshire,L,Maroon,Summer,4.9,Yes,Free Shipping,Yes,No,8,PayPal,Every 3 Months
6004,56,Male,Gloves,Clothing,83,New Jersey,M,Turquoise,Summer,3.2,No,Free Shipping,No,Yes,41,Venmo,Bi-Weekly
6005,22,Male,Hat,Accessories,81,North Dakota,M,Gold,Summer,3.1,No,Free Shipping,No,No,15,Bank Transfer,Quarterly
6006,54,Male,Skirt,Clothing,44,Delaware,S,White,Winter,3.3,Yes,2-Day Shipping,Yes,Yes,27,Bank Transfer,Weekly
6007,59,Male,Dress,Footwear,54,Tennessee,L,Turquoise,Fall,4.6,No,Free Shipping,Yes,Yes,20,Credit Card,Annually
6008,49,Male,Blouse,Outerwear,53,South Carolina,XL,Lavender,Fall,3.9,No,Free Shipping,No,No,40,Debit Card,Every 3 Months
6009,21,Male,Sweater,Accessories,37,New Mexico,M,Beige,Summer,2.6,No,Store Pickup,Yes,No,23,Bank Transfer,Annually
6010,37,Male,Jacket,Clothing,58,Delaware,L,Silver,Winter,3.0,No,2-Day Shipping,Yes,Yes,24,PayPal,Monthly
6011,68,Male,Sunglasses,Outerwear,59,Florida,L,Maroon,Fall,3.0,No,Free Shipping,Yes,No,30,Credit Card,Fortnightly
6012,40,Male,Backpack,Accessories,28,Nevada,S,White,Summer,4.7,No,Standard,Yes,No,3,Venmo,Quarterly
6013,47,Male,Jacket,Footwear,95,Florida,M,Brown,Fall,4.7,No,2-Day Shipping,No,Yes,10,Venmo,Annually
6014,18,Male,Scarf,Clothing,32,Florida,S,Orange,Winter,4.1,No,2-Day Shipping,No,No,49,Venmo,Bi-Weekly
6015,69,Female,Hoodie,Accessories,30,New Jersey,M,Silver,Spring,4.8,No,Next Day Air,No,No,48,Cash,Every 3 Months
6016,70,Male,Shirt,Clothing,15,Wyoming,L,Peach,Fall,4.3,Yes,Store Pickup,Yes,No,9,Debit Card,Weekly
6017,49,Female,Backpack,Outerwear,73,Minnesota,M,Brown,Spring,2.7,No,2-Day Shipping,No,Yes,31,Venmo,Fortnightly
6018,59,Female,Sunglasses,Accessories,53,Louisiana,M,Black,Summer,4.6,No,2-Day Shipping,No,Yes,22,Debit Card,Every 3 Months
6019,49,Female,Sandals,Clothing,91,North Carolina,L,Lavender,Fall,2.9,No,Store Pickup,No,No,33,Cash,Annually
6020,53,Female,Belt,Outerwear,20,Kentucky,S,Turquoise,Summer,3.8,No,Store Pickup,No,No,21,PayPal,Annually
6021,39,Male,Sweater,Outerwear,47,Nebraska,M,Violet,Winter,3.0,No,Standard,Yes,No,18,Cash,Quarterly
6022,68,Male,Scarf,Accessories,63,New Mexico,S,Silver,Winter,3.3,Yes,Free Shipping,No,No,26,Credit Card,Quarterly
6023,68,Female,Jewelry,Accessories,26,South Carolina,XL,Pink,Fall,3.0,No,Express,No,No,42,Venmo,Bi-Weekly
6024,19,Male,Jacket,Outerwear,104,West Virginia,M,Olive,Summer,4.0,No,Next Day Air,No,No,15,Credit Card,Every 3 Months
6025,22,Male,Shorts,Accessories,71,Illinois,L,Blue,Fall,3.3,No,2-Day Shipping,Yes,No,14,Cash,Every 3 Months
6026,66,Female,Boots,Accessories,82,Oklahoma,L,Silver,Summer,3.4,Yes,Next Day Air,Yes,No,7,Cash,Annually
6027,29,Male,Sneakers,Footwear,49,Wyoming,M,Olive,Winter,3.4,No,Standard,No,No,4,Credit Card,Fortnightly
6028,53,Male,T-shirt,Clothing,43,Michigan,M,Maroon,Spring,3.4,No,Standard,Yes,Yes,30,Debit Card,Bi-Weekly
6029,52,Male,Skirt,Accessories,57,Maryland,L,Olive,Winter,3.8,No,Store Pickup,No,Yes,18,PayPal,Weekly
6030,61,Female,Boots,Outerwear,58,Tennessee,XL,Maroon,Fall,4.8,No,Express,Yes,No,6,Cash,Fortnightly
6031,55,Male,Boots,Clothing,70,North Dakota,L,Black,Fall,2.9,No,Next Day Air,No,No,45,PayPal,Quarterly
6032,22,Male,Jeans,Clothing,103,Montana,S,Red,Winter,3.5,Yes,Store Pickup,No,Yes,3,Debit Card,Weekly
6033,69,Male,Sneakers,Outerwear,94,New Hampshire,L,Green,Winter,4.5,Yes,Standard,Yes,Yes,37,Cash,Annually
6034,55,Male,T-shirt,Clothing,34,Virginia,S,Violet,Spring,4.0,Yes,Next Day Air,No,No,37,PayPal,Quarterly
6035,20,Male,Sunglasses,Accessories,78,Texas,M,Indigo,Winter,4.0,No,Express,No,Yes,34,Cash,Weekly
6036,30,Male,Jewelry,Clothing,100,Wisconsin,L,Maroon,Winter,2.5,No,Free Shipping,No,Yes,40,Bank Transfer,Annually
6037,45,Male,Dress,Footwear,44,Florida,S,Purple,Winter,3.3,No,Express,Yes,Yes,48,Credit Card,Fortnightly
6038,28,Male,Jeans,Footwear,94,Nevada,M,Magenta,Fall,3.4,No,Store Pickup,No,No,16,Debit Card,Weekly
6039,65,Male,T-shirt,Clothing,59,Texas,L,Yellow,Fall,4.0,No,Express,No,No,38,Credit Card,Bi-Weekly
6040,23,Female,Shirt,Accessories,80,Maine,S,Brown,Summer,2.8,Yes,Store Pickup,No,No,29,Cash,Every 3 Months
6041,57,Male,Pants,Footwear,63,Wisconsin,M,Teal,Spring,3.5,Yes,2-Day Shipping,No,No,12,Venmo,Monthly
6042,26,Male,Jeans,Clothing,77,Oregon,M,Violet,Spring,4.9,Yes,Store Pickup,Yes,Yes,48,Cash,Monthly
6043,57,Female,Skirt,Accessories,30,New Jersey,M,Pink,Summer,4.1,Yes,Free Shipping,No,Yes,37,Cash,Annually
6044,43,Male,Backpack,Clothing,16,Wyoming,M,Orange,Fall,2.5,No,Store Pickup,No,No,42,Venmo,Bi-Weekly
6045,35,Male,Shirt,Outerwear,59,Pennsylvania,M,Blue,Summer,4.9,No,Free Shipping,Yes,No,14,Debit Card,Bi-Weekly
6046,67,Male,Sandals,Accessories,88,Vermont,M,Gold,Fall,3.7,No,2-Day Shipping,No,No,12,Bank Transfer,Annually
6047,18,Female,Sandals,Accessories,28,Louisiana,S,Purple,Summer,4.8,No,2-Day Shipping,No,No,8,Debit Card,Monthly
6048,69,Male,Coat,Clothing,77,Massachusetts,M,Yellow,Spring,2.6,No,2-Day Shipping,No,No,18,Bank Transfer,Quarterly
6049,54,Female,Hat,Clothing,41,Montana,L,Turquoise,Spring,3.0,Yes,Next Day Air,Yes,Yes,3,Venmo,Weekly
6050,50,Male,Shoes,Clothing,57,Missouri,M,Silver,Summer,3.4,No,2-Day Shipping,No,No,11,Bank Transfer,Fortnightly
6051,53,Male,T-shirt,Outerwear,79,Oklahoma,M,Red,Fall,4.7,Yes,Free Shipping,No,No,17,PayPal,Annually
6052,51,Female,Hoodie,Clothing,14,Tennessee,M,Beige,Summer,4.2,No,Store Pickup,No,Yes,11,Debit Card,Annually
6053,60,Male,Jacket,Outerwear,29,Iowa,XL,Maroon,Winter,3.9,No,Next Day Air,Yes,Yes,17,PayPal,Quarterly
6054,29,Female,Skirt,Clothing,48,West Virginia,S,Lavender,Spring,3.4,No,Next Day Air,No,No,18,Debit Card,Annually
6055,63,Female,Shoes,Clothing,42,Ohio,L,Turquoise,Summer,3.4,No,Store Pickup,No,Yes,29,PayPal,Monthly
6056,27,Female,Gloves,Accessories,85,Ohio,L,Black,Summer,4.0,Yes,2-Day Shipping,No,No,26,Cash,Annually
6057,52,Male,Pants,Clothing,42,Georgia,M,Purple,Summer,4.0,No,Standard,Yes,No,28,Credit Card,Annually
6058,55,Female,Blouse,Outerwear,73,Wisconsin,L,Violet,Winter,4.7,No,Express,No,Yes,44,PayPal,Annually
6059,60,Male,Jewelry,Clothing,77,Wisconsin,M,Gray,Fall,4.9,No,Free Shipping,Yes,Yes,24,Bank Transfer,Every 3 Months
6060,19,Male,Sneakers,Clothing,36,Tennessee,L,Green,Fall,4.5,No,Standard,Yes,No,32,Venmo,Quarterly
6061,31,Female,Sweater,Clothing,19,North Carolina,M,Beige,Summer,2.6,No,Standard,Yes,Yes,48,Credit Card,Every 3 Months
6062,19,Female,Blouse,Footwear,32,Nevada,M,White,Fall,2.5,No,Standard,No,No,34,Credit Card,Every 3 Months
6063,68,Male,Shorts,Footwear,87,Arkansas,M,White,Spring,4.7,Yes,Next Day Air,No,No,47,Debit Card,Fortnightly
6064,34,Female,T-shirt,Clothing,70,Texas,L,Violet,Winter,2.7,Yes,Free Shipping,Yes,No,24,Bank Transfer,Fortnightly
6065,42,Female,Sweater,Accessories,38,New York,M,Purple,Fall,2.5,No,Free Shipping,Yes,No,9,Cash,Annually
6066,58,Female,Sandals,Accessories,79,Pennsylvania,M,Peach,Winter,4.3,No,2-Day Shipping,No,Yes,18,Venmo,Weekly
6067,49,Female,Sunglasses,Clothing,41,New Mexico,L,Turquoise,Summer,3.5,No,Standard,Yes,Yes,41,Bank Transfer,Annually
6068,53,Female,Gloves,Clothing,89,Arizona,M,Charcoal,Fall,2.6,No,Express,No,No,47,Venmo,Weekly
6069,57,Male,Shirt,Accessories,31,Wyoming,XL,Yellow,Summer,4.3,No,Next Day Air,Yes,No,44,Bank Transfer,Quarterly
6070,31,Male,T-shirt,Outerwear,25,New York,S,Brown,Summer,4.4,Yes,Standard,Yes,Yes,1,Debit Card,Annually
6071,49,Male,Dress,Clothing,69,Illinois,M,Turquoise,Summer,2.6,Yes,Next Day Air,Yes,No,28,PayPal,Every 3 Months
6072,66,Male,Jacket,Clothing,44,Montana,L,Beige,Spring,3.1,No,Standard,Yes,Yes,3,PayPal,Weekly
6073,28,Male,Shirt,Accessories,100,California,M,Blue,Winter,4.3,Yes,Store Pickup,No,No,47,PayPal,Bi-Weekly
6074,33,Male,Scarf,Clothing,37,Rhode Island,M,Violet,Summer,3.8,Yes,Express,No,Yes,3,PayPal,Every 3 Months
6075,32,Male,Hoodie,Clothing,58,Utah,L,Olive,Spring,2.9,No,Next Day Air,Yes,No,46,Cash,Fortnightly
6076,31,Male,Socks,Footwear,36,Rhode Island,XL,White,Summer,2.5,No,Free Shipping,Yes,Yes,8,Venmo,Bi-Weekly
6077,24,Female,Jacket,Clothing,69,Oregon,M,Charcoal,Fall,4.9,No,Next Day Air,No,No,13,PayPal,Weekly
6078,37,Male,Handbag,Clothing,50,Alabama,L,Lavender,Winter,3.4,Yes,Free Shipping,No,Yes,39,Venmo,Monthly
6079,19,Female,Belt,Accessories,66,Alabama,M,Indigo,Winter,4.6,No,Standard,No,No,33,Cash,Monthly
6080,61,Male,Socks,Accessories,83,North Dakota,M,Purple,Winter,3.7,No,Next Day Air,Yes,No,48,Debit Card,Annually
6081,50,Male,Hoodie,Accessories,84,Kansas,L,Silver,Spring,2.7,No,Store Pickup,No,Yes,20,Credit Card,Fortnightly
6082,38,Male,Sweater,Accessories,49,Oklahoma,M,Cyan,Spring,3.7,Yes,Next Day Air,No,Yes,10,Cash,Annually
6083,33,Male,Hat,Accessories,41,Oregon,S,Maroon,Spring,3.7,No,Free Shipping,No,Yes,22,PayPal,Every 3 Months
6084,41,Male,Dress,Accessories,24,North Dakota,XL,Black,Winter,2.8,No,Next Day Air,Yes,No,8,Cash,Bi-Weekly
6085,30,Male,Sweater,Outerwear,19,Kansas,XL,Cyan,Summer,4.4,Yes,2-Day Shipping,No,Yes,8,Debit Card,Fortnightly
6086,40,Male,Skirt,Outerwear,56,Louisiana,XL,Charcoal,Spring,4.7,Yes,Standard,Yes,Yes,6,Venmo,Monthly
6087,38,Female,Shoes,Clothing,23,Maryland,M,Gray,Fall,3.3,No,Express,No,Yes,36,PayPal,Quarterly
6088,46,Male,Dress,Footwear,28,Nevada,M,Beige,Summer,3.3,No,Next Day Air,No,Yes,25,Credit Card,Every 3 Months
6089,62,Male,Dress,Accessories,31,Minnesota,M,Gold,Spring,2.8,No,Store Pickup,No,Yes,32,Credit Card,Weekly
6090,55,Male,Sandals,Clothing,97,Georgia,L,Cyan,Summer,4.2,No,Next Day Air,No,Yes,11,PayPal,Monthly
6091,65,Male,Shirt,Clothing,26,Indiana,S,Green,Winter,3.5,No,Free Shipping,No,Yes,10,Venmo,Annually
6092,38,Male,Boots,Clothing,97,Vermont,S,Gold,Summer,4.1,Yes,Free Shipping,Yes,Yes,42,Debit Card,Every 3 Months
6093,50,Male,Jeans,Accessories,75,Alaska,L,Maroon,Winter,3.4,No,2-Day Shipping,No,No,16,Venmo,Fortnightly
6094,18,Female,Sneakers,Accessories,32,Connecticut,L,Teal,Winter,4.9,No,2-Day Shipping,No,Yes,11,Debit Card,Monthly
6095,64,Female,Sweater,Accessories,88,Arkansas,L,Olive,Spring,3.9,No,Free Shipping,Yes,Yes,27,Debit Card,Every 3 Months
6096,59,Male,Socks,Accessories,85,Nevada,XL,White,Summer,4.6,No,Next Day Air,Yes,Yes,43,Credit Card,Bi-Weekly
6097,51,Male,Dress,Clothing,34,Nebraska,S,Olive,Fall,3.6,No,2-Day Shipping,No,No,30,Credit Card,Weekly
6098,70,Male,Scarf,Accessories,56,Delaware,M,Purple,Spring,2.9,No,2-Day Shipping,Yes,No,2,Debit Card,Fortnightly
6099,25,Male,Coat,Outerwear,36,Michigan,XL,Turquoise,Fall,4.5,No,Store Pickup,No,No,3,PayPal,Weekly
6100,41,Male,Scarf,Clothing,90,Nebraska,M,Peach,Winter,2.9,No,Standard,No,Yes,10,Debit Card,Monthly
6101,55,Female,Dress,Clothing,79,California,M,Violet,Winter,2.7,No,Free Shipping,Yes,No,35,Venmo,Every 3 Months
6102,48,Male,Backpack,Outerwear,24,Utah,M,Maroon,Summer,4.7,No,2-Day Shipping,No,Yes,30,Venmo,Annually
6103,22,Male,Dress,Clothing,73,New Hampshire,M,Gold,Summer,4.6,No,2-Day Shipping,No,No,13,Venmo,Bi-Weekly
6104,63,Female,Socks,Clothing,73,Michigan,M,Yellow,Winter,4.0,No,Express,No,No,41,Venmo,Weekly
6105,58,Male,Coat,Accessories,44,New Jersey,XL,Orange,Winter,2.9,No,Express,No,No,11,Venmo,Fortnightly
6106,50,Female,Socks,Outerwear,57,Montana,M,Peach,Spring,4.8,No,Store Pickup,Yes,No,20,Cash,Monthly
6107,36,Male,Blouse,Accessories,57,Wisconsin,M,Magenta,Spring,2.7,Yes,Express,Yes,No,44,Debit Card,Bi-Weekly
6108,41,Male,Sneakers,Accessories,87,Idaho,M,Orange,Winter,2.6,No,Free Shipping,Yes,Yes,7,Venmo,Annually
6109,69,Male,Gloves,Clothing,34,Ohio,M,Olive,Spring,3.7,No,Next Day Air,Yes,No,47,PayPal,Monthly
6110,20,Female,T-shirt,Accessories,31,Wisconsin,L,Blue,Summer,3.3,Yes,2-Day Shipping,Yes,No,14,PayPal,Monthly
6111,60,Male,T-shirt,Clothing,78,North Carolina,M,Violet,Spring,4.0,No,Store Pickup,No,Yes,35,Cash,Quarterly
6112,53,Male,Sunglasses,Clothing,69,Kentucky,S,Olive,Fall,4.3,No,Store Pickup,Yes,Yes,28,Cash,Weekly
6113,70,Female,Coat,Accessories,88,Alabama,M,Gold,Winter,3.0,Yes,Next Day Air,No,No,40,Cash,Annually
6114,22,Male,Pants,Clothing,53,Wyoming,M,Maroon,Spring,4.9,No,Next Day Air,No,No,18,Venmo,Bi-Weekly
6115,25,Male,Jewelry,Clothing,88,Mississippi,S,White,Winter,2.8,Yes,Free Shipping,Yes,Yes,38,Cash,Weekly
6116,29,Male,Belt,Accessories,97,Iowa,S,Olive,Winter,4.4,No,Standard,No,No,34,Venmo,Annually
6117,55,Male,Coat,Clothing,83,Pennsylvania,M,Teal,Spring,4.9,No,Standard,No,Yes,41,PayPal,Every 3 Months
6118,59,Male,Hat,Footwear,23,Missouri,S,Beige,Winter,4.1,No,Standard,Yes,Yes,9,Bank Transfer,Annually
6119,28,Male,Hat,Clothing,50,West Virginia,L,Brown,Fall,4.2,No,Store Pickup,No,Yes,23,Debit Card,Monthly
6120,26,Female,Belt,Clothing,95,South Dakota,S,Beige,Winter,3.2,No,Express,Yes,Yes,45,Credit Card,Bi-Weekly
6121,20,Male,Shirt,Clothing,79,Arizona,M,Olive,Summer,4.0,No,Next Day Air,Yes,No,12,Debit Card,Bi-Weekly
6122,62,Male,Dress,Footwear,27,Florida,M,Black,Summer,4.5,No,Next Day Air,Yes,Yes,14,Debit Card,Weekly
6123,28,Male,Blouse,Clothing,76,Arkansas,M,Red,Fall,4.2,No,2-Day Shipping,Yes,Yes,16,Cash,Monthly
6124,35,Male,Skirt,Footwear,53,Hawaii,S,Teal,Summer,4.0,No,Next Day Air,Yes,No,37,PayPal,Fortnightly
6125,28,Male,Shorts,Clothing,64,Texas,M,Green,Summer,3.0,No,Store Pickup,No,Yes,32,Venmo,Fortnightly
6126,38,Male,Handbag,Clothing,88,South Carolina,M,Lavender,Fall,4.1,No,Next Day Air,Yes,No,9,Venmo,Bi-Weekly
6127,20,Male,Blouse,Footwear,50,Alabama,XL,Gold,Winter,3.2,No,Next Day Air,Yes,No,2,PayPal,Monthly
6128,29,Male,Sandals,Clothing,80,South Dakota,M,Turquoise,Fall,3.4,No,Store Pickup,No,No,8,Debit Card,Bi-Weekly
6129,22,Male,Belt,Outerwear,81,Ohio,M,Turquoise,Summer,3.9,Yes,Store Pickup,No,Yes,45,Credit Card,Quarterly
6130,48,Female,Blouse,Clothing,107,West Virginia,XL,Lavender,Fall,3.2,Yes,2-Day Shipping,No,Yes,50,Cash,Annually
6131,29,Male,Handbag,Accessories,93,Wyoming,M,Turquoise,Fall,3.9,No,2-Day Shipping,No,Yes,20,Cash,Bi-Weekly
6132,54,Male,T-shirt,Clothing,33,West Virginia,M,Violet,Summer,3.5,Yes,Free Shipping,No,No,21,Bank Transfer,Annually
6133,58,Female,Blouse,Accessories,63,Indiana,S,Brown,Fall,4.4,No,Standard,No,Yes,39,Credit Card,Bi-Weekly
6134,28,Male,Sneakers,Outerwear,56,Louisiana,L,Cyan,Fall,2.9,No,Standard,Yes,No,46,Cash,Bi-Weekly
6135,43,Female,Coat,Clothing,46,Utah,L,Green,Spring,4.9,No,Store Pickup,Yes,Yes,14,Cash,Weekly
6136,23,Female,Jewelry,Clothing,50,Idaho,L,Brown,Spring,4.3,Yes,Express,Yes,No,34,Bank Transfer,Monthly
6137,46,Female,Blouse,Accessories,65,Massachusetts,L,Black,Summer,4.7,No,Express,No,Yes,22,Venmo,Weekly
6138,51,Male,Gloves,Footwear,93,New York,S,Brown,Spring,4.4,No,Standard,Yes,No,46,PayPal,Monthly
6139,38,Female,Sandals,Accessories,70,Florida,XL,Maroon,Spring,3.5,No,2-Day Shipping,Yes,No,46,Debit Card,Quarterly
6140,21,Male,Jewelry,Accessories,29,Ohio,M,Gold,Fall,2.6,No,Store Pickup,No,No,13,Credit Card,Annually
6141,63,Male,Coat,Accessories,88,West Virginia,M,Charcoal,Fall,3.4,No,Next Day Air,No,Yes,32,Debit Card,Every 3 Months
6142,60,Male,Jacket,Clothing,101,Pennsylvania,M,Charcoal,Winter,2.7,No,Free Shipping,Yes,Yes,6,Debit Card,Weekly
6143,42,Male,Skirt,Clothing,66,Virginia,S,Magenta,Winter,3.9,Yes,2-Day Shipping,Yes,Yes,3,Debit Card,Every 3 Months
6144,30,Male,Socks,Clothing,87,North Carolina,S,Teal,Summer,3.7,Yes,Store Pickup,No,Yes,45,Venmo,Weekly
6145,21,Male,Scarf,Clothing,23,Nevada,M,Orange,Fall,4.0,No,Next Day Air,No,No,49,Debit Card,Fortnightly
6146,49,Female,Socks,Clothing,59,Mississippi,L,Pink,Fall,3.5,Yes,Store Pickup,Yes,Yes,14,PayPal,Annually
6147,58,Male,Scarf,Clothing,62,Nevada,L,Indigo,Winter,2.8,No,2-Day Shipping,No,No,24,PayPal,Bi-Weekly
6148,27,Male,Scarf,Accessories,82,Ohio,L,Violet,Summer,4.8,No,Express,No,No,15,PayPal,Bi-Weekly
6149,55,Female,Handbag,Clothing,88,Texas,M,Silver,Winter,3.9,Yes,Free Shipping,Yes,No,21,Credit Card,Bi-Weekly
6150,59,Female,Shorts,Accessories,33,Minnesota,M,Violet,Winter,4.8,No,Free Shipping,No,Yes,44,Cash,Monthly
6151,21,Male,Pants,Accessories,92,Kentucky,M,Yellow,Summer,3.2,No,Store Pickup,Yes,No,15,Bank Transfer,Quarterly
6152,52,Female,Sneakers,Clothing,95,Rhode Island,XL,Pink,Summer,3.7,No,Free Shipping,No,No,4,Bank Transfer,Every 3 Months
6153,63,Male,Shorts,Accessories,62,Louisiana,M,Teal,Spring,5.0,No,Store Pickup,Yes,Yes,11,Venmo,Monthly
6154,50,Female,Hat,Clothing,30,Pennsylvania,M,Gold,Summer,4.6,Yes,Store Pickup,No,Yes,42,Bank Transfer,Quarterly
6155,57,Male,Sandals,Accessories,27,New Hampshire,L,Green,Spring,4.7,No,Store Pickup,No,No,21,Credit Card,Fortnightly
6156,70,Male,Hat,Accessories,90,Washington,M,Pink,Summer,4.7,Yes,Express,Yes,Yes,10,Debit Card,Annually
6157,52,Male,Gloves,Clothing,39,North Dakota,S,Magenta,Winter,4.1,No,2-Day Shipping,No,No,8,Bank Transfer,Fortnightly
6158,20,Male,Dress,Outerwear,85,Georgia,M,Lavender,Winter,3.0,No,2-Day Shipping,No,Yes,43,Credit Card,Weekly
6159,28,Male,Blouse,Footwear,93,Iowa,M,Orange,Summer,3.2,Yes,Express,No,No,48,Venmo,Bi-Weekly
6160,52,Female,Shorts,Clothing,96,Arkansas,L,Charcoal,Spring,4.6,No,Store Pickup,Yes,Yes,16,PayPal,Monthly
6161,67,Male,Skirt,Footwear,26,Oregon,S,Teal,Fall,3.8,No,Express,No,No,36,Credit Card,Weekly
6162,48,Male,Jacket,Footwear,43,Mississippi,XL,Gold,Summer,4.9,No,Store Pickup,No,Yes,50,Credit Card,Annually
6163,56,Female,Sandals,Accessories,99,Illinois,L,Gold,Fall,4.2,Yes,Next Day Air,Yes,Yes,1,Venmo,Bi-Weekly
6164,28,Male,Blouse,Clothing,53,Idaho,L,Beige,Summer,4.1,No,Standard,Yes,No,46,Debit Card,Weekly
6165,26,Male,Shirt,Accessories,98,Montana,M,Brown,Fall,2.9,Yes,Express,No,Yes,47,Debit Card,Weekly
6166,49,Male,Shoes,Accessories,47,Georgia,M,Blue,Winter,4.3,No,Next Day Air,Yes,No,41,PayPal,Annually
6167,66,Male,Pants,Accessories,48,Hawaii,S,Maroon,Winter,3.9,No,Next Day Air,Yes,No,4,PayPal,Bi-Weekly
6168,46,Female,Sandals,Accessories,64,Massachusetts,M,Red,Summer,4.2,No,2-Day Shipping,No,No,20,Debit Card,Annually
6169,43,Female,Sneakers,Footwear,50,Virginia,M,Lavender,Fall,3.2,No,Next Day Air,No,No,38,Cash,Annually
6170,23,Male,Shirt,Clothing,42,Montana,M,Charcoal,Spring,4.6,Yes,Express,No,No,42,Credit Card,Every 3 Months
6171,39,Male,Shorts,Clothing,99,New York,S,Violet,Spring,5.0,No,Free Shipping,No,Yes,4,Credit Card,Monthly
6172,47,Male,Socks,Accessories,26,Michigan,S,Maroon,Winter,4.3,No,Next Day Air,Yes,Yes,38,Bank Transfer,Weekly
6173,33,Male,Dress,Outerwear,41,Virginia,XL,Charcoal,Summer,4.0,No,Express,No,No,7,Debit Card,Annually
6174,41,Male,Sneakers,Clothing,30,Pennsylvania,M,Violet,Winter,3.8,Yes,Express,No,Yes,45,Cash,Every 3 Months
6175,28,Male,Jeans,Clothing,68,Colorado,S,Black,Spring,3.0,Yes,Standard,Yes,Yes,44,Debit Card,Bi-Weekly
6176,40,Female,Socks,Accessories,92,Minnesota,L,Yellow,Summer,3.1,No,Next Day Air,Yes,No,4,Bank Transfer,Every 3 Months
6177,40,Male,Shirt,Accessories,62,Colorado,M,Purple,Spring,4.3,Yes,2-Day Shipping,No,No,10,Credit Card,Every 3 Months
6178,32,Female,Sandals,Clothing,52,North Dakota,M,Purple,Spring,,No,Free Shipping,Yes,No,18,Cash,Bi-Weekly
6179,39,Male,T-shirt,Footwear,31,Illinois,L,Pink,Summer,3.4,No,Store Pickup,No,No,3,Bank Transfer,Weekly
6180,18,Male,Gloves,Clothing,106,Virginia,M,Olive,Spring,3.9,Yes,2-Day Shipping,No,Yes,40,PayPal,Fortnightly
6181,49,Male,Boots,Clothing,90,Kentucky,M,Olive,Spring,4.4,No,Free Shipping,Yes,No,28,Credit Card,Weekly
6182,56,Male,Blouse,Clothing,64,New Mexico,M,Olive,Winter,4.5,No,Express,No,No,12,PayPal,Bi-Weekly
6183,46,Female,Dress,Clothing,71,Texas,S,Teal,Spring,4.5,Yes,Next Day Air,Yes,No,17,PayPal,Every 3 Months
6184,57,Female,Boots,Clothing,51,Arizona,M,Turquoise,Winter,4.3,Yes,2-Day Shipping,No,Yes,40,Cash,Quarterly
6185,34,Female,Handbag,Outerwear,74,Massachusetts,M,Olive,Fall,4.2,No,Free Shipping,Yes,Yes,43,Credit Card,Monthly
6186,27,Male,Jeans,Accessories,61,Kansas,L,Green,Spring,,No,Store Pickup,No,Yes,40,Cash,Fortnightly
6187,46,Male,Hat,Clothing,69,Wisconsin,M,Red,Summer,3.9,Yes,Store Pickup,No,No,28,Credit Card,Annually
6188,60,Male,Shorts,Footwear,96,Georgia,S,Indigo,Spring,4.0,Yes,Next Day Air,No,No,7,Cash,Annually
6189,44,Female,Sweater,Clothing,36,Wyoming,S,Purple,Winter,3.0,No,Free Shipping,No,No,9,Debit Card,Quarterly
6190,69,Male,Sweater,Accessories,70,Louisiana,L,Pink,Winter,4.6,No,2-Day Shipping,No,No,19,Venmo,Annually
6191,33,Male,Jeans,Accessories,68,Pennsylvania,M,Red,Spring,4.7,No,Store Pickup,Yes,Yes,4,Bank Transfer,Weekly
6192,62,Female,Blouse,Clothing,64,Kansas,M,Maroon,Summer,4.0,No,Express,No,Yes,38,Credit Card,Quarterly
6193,32,Male,Scarf,Outerwear,31,Kansas,XL,Yellow,Winter,3.9,No,Next Day Air,Yes,No,24,Bank Transfer,Monthly
6194,39,Male,Sandals,Clothing,28,New York,XL,Cyan,Fall,4.3,Yes,Express,Yes,Yes,25,Credit Card,Annually
6195,34,Male,Jeans,Clothing,90,Delaware,L,Violet,Winter,4.5,Yes,Standard,No,No,16,Venmo,Monthly
6196,58,Male,Skirt,Clothing,29,Texas,S,Red,Spring,3.3,No,Next Day Air,No,No,21,Credit Card,Monthly
6197,68,Female,Pants,Accessories,42,Idaho,M,Cyan,Spring,3.8,No,Standard,No,Yes,19,Debit Card,Monthly
6198,28,Female,Handbag,Clothing,72,Alaska,S,Violet,Summer,3.0,No,Store Pickup,No,No,2,Debit Card,Quarterly
6199,37,Female,Shoes,Accessories,42,Alabama,S,Orange,Fall,5.0,No,Free Shipping,Yes,Yes,27,Cash,Annually
6200,45,Male,Sweater,Clothing,98,California,S,Brown,Summer,4.3,Yes,Free Shipping,Yes,No,12,Debit Card,Fortnightly
6201,64,Female,Shirt,Accessories,30,Mississippi,M,Yellow,Spring,4.1,No,Store Pickup,No,Yes,30,Venmo,Bi-Weekly
6202,66,Female,Jacket,Accessories,87,West Virginia,L,Indigo,Winter,2.8,No,Free Shipping,No,No,26,Credit Card,Weekly
6203,61,Male,Gloves,Clothing,18,Tennessee,XL,Teal,Fall,2.9,No,Express,Yes,No,4,PayPal,Fortnightly
6204,44,Male,Jewelry,Footwear,60,New Mexico,S,Orange,Spring,2.6,No,Free Shipping,Yes,No,10,Cash,Every 3 Months
6205,48,Male,Jewelry,Footwear,56,South Carolina,L,Brown,Summer,3.9,Yes,Express,No,No,7,Credit Card,Monthly
6206,70,Female,Shorts,Clothing,63,Maine,M,Cyan,Fall,4.7,No,Store Pickup,Yes,No,24,Cash,Weekly
6207,51,Male,Belt,Footwear,47,Vermont,S,Purple,Fall,3.6,No,Next Day Air,Yes,No,11,PayPal,Weekly
6208,27,Male,Sunglasses,Clothing,39,Kentucky,M,Magenta,Summer,2.7,No,Store Pickup,No,Yes,3,Credit Card,Weekly
6209,60,Female,Dress,Footwear,27,Missouri,M,Silver,Spring,4.0,No,Express,No,No,11,Venmo,Weekly
6210,46,Female,Gloves,Accessories,87,Illinois,M,Violet,Fall,2.9,No,Next Day Air,No,No,16,Venmo,Monthly
6211,21,Male,Hat,Clothing,41,Indiana,M,Charcoal,Fall,3.3,No,Standard,No,No,47,Venmo,Bi-Weekly
6212,22,Male,Scarf,Clothing,84,Oklahoma,M,Green,Fall,3.7,Yes,Store Pickup,Yes,No,25,Credit Card,Annually
6213,37,Male,Shoes,Clothing,91,Illinois,XL,Magenta,Spring,3.1,Yes,Store Pickup,Yes,No,26,Credit Card,Monthly
6214,42,Male,Shirt,Outerwear,80,Rhode Island,M,Black,Winter,3.3,No,Standard,Yes,No,12,Cash,Weekly
6215,24,Female,Shirt,Clothing,42,Nevada,XL,Beige,Winter,4.7,Yes,Free Shipping,Yes,No,49,Venmo,Quarterly
6216,61,Female,Pants,Accessories,91,Maine,M,Turquoise,Spring,3.7,No,Standard,No,No,49,Bank Transfer,Annually
6217,25,Female,Coat,Accessories,64,South Dakota,M,Green,Winter,2.8,No,2-Day Shipping,No,Yes,30,PayPal,Weekly
6218,23,Female,Hat,Accessories,24,Iowa,S,Brown,Fall,3.5,No,Standard,No,Yes,28,Debit Card,Every 3 Months
6219,53,Male,Jeans,Outerwear,40,Vermont,M,Gold,Winter,4.5,Yes,Standard,No,Yes,35,Bank Transfer,Quarterly
6220,38,Female,Sandals,Accessories,29,Kentucky,M,Lavender,Summer,3.6,No,Free Shipping,No,No,31,Bank Transfer,Bi-Weekly
6221,49,Male,T-shirt,Accessories,75,Georgia,M,White,Spring,3.8,Yes,Next Day Air,Yes,Yes,35,Cash,Bi-Weekly
6222,67,Male,Shirt,Clothing,59,Tennessee,S,Pink,Summer,2.8,No,Next Day Air,Yes,No,29,Cash,Annually
6223,18,Female,Shirt,Clothing,90,Indiana,M,Olive,Winter,2.5,Yes,2-Day Shipping,Yes,No,44,PayPal,Fortnightly
6224,65,Female,Skirt,Outerwear,74,Illinois,L,Black,Spring,4.5,No,2-Day Shipping,No,Yes,25,Venmo,Every 3 Months
6225,46,Male,Coat,Accessories,36,Vermont,L,Silver,Spring,3.9,Yes,Express,No,Yes,13,PayPal,Quarterly
6226,50,Male,Boots,Clothing,15,Mississippi,L,Silver,Summer,3.3,No,Standard,No,Yes,4,Cash,Monthly
6227,26,Male,Socks,Accessories,48,New Hampshire,M,Gold,Summer,2.9,No,Express,No,Yes,42,Debit Card,Fortnightly
6228,42,Female,Sunglasses,Clothing,48,Florida,M,Brown,Fall,4.9,No,2-Day Shipping,Yes,Yes,34,Cash,Fortnightly
6229,52,Male,Blouse,Accessories,35,South Dakota,S,White,Fall,4.7,No,Free Shipping,No,No,17,PayPal,Quarterly
6230,57,Male,Jewelry,Clothing,38,Nevada,M,Olive,Spring,3.2,Yes,Free Shipping,No,Yes,50,Credit Card,Quarterly
6231,20,Male,Shoes,Accessories,56,Maine,XL,Maroon,Summer,4.1,Yes,Next Day Air,Yes,Yes,33,PayPal,Annually
6232,61,Male,Dress,Footwear,71,Oregon,M,Gray,Winter,3.3,No,Standard,No,Yes,43,PayPal,Fortnightly
6233,55,Male,Shorts,Clothing,41,Louisiana,L,Charcoal,Fall,3.4,No,Next Day Air,No,No,28,Venmo,Monthly
6234,55,Male,Backpack,Accessories,23,Wyoming,XL,White,Winter,4.4,No,Express,No,No,29,PayPal,Weekly
6235,57,Male,Shorts,Clothing,38,South Dakota,M,Pink,Spring,2.6,No,Express,Yes,No,31,Venmo,Annually
6236,52,Male,T-shirt,Accessories,38,Washington,M,Gray,Fall,2.8,No,2-Day Shipping,Yes,Yes,9,PayPal,Every 3 Months
6237,63,Male,Gloves,Accessories,83,Nebraska,M,Lavender,Summer,3.5,No,2-Day Shipping,Yes,Yes,11,Bank Transfer,Bi-Weekly
6238,59,Female,Sneakers,Accessories,51,Michigan,L,Black,Summer,4.3,No,Standard,Yes,Yes,16,PayPal,Weekly
6239,49,Female,Coat,Clothing,95,South Carolina,M,Violet,Summer,4.3,No,2-Day Shipping,Yes,Yes,27,Bank Transfer,Monthly
6240,37,Male,Hat,Accessories,48,Pennsylvania,M,Beige,Summer,2.7,No,Store Pickup,No,Yes,39,Bank Transfer,Monthly
6241,36,Male,Sweater,Accessories,19,Delaware,XL,White,Spring,3.6,No,2-Day Shipping,Yes,No,50,Bank Transfer,Quarterly
6242,40,Male,Sunglasses,Footwear,53,Montana,M,Yellow,Spring,2.5,No,Express,No,Yes,22,Debit Card,Fortnightly
6243,31,Female,Sweater,Clothing,86,California,M,Beige,Spring,3.3,No,Store Pickup,No,No,42,Venmo,Bi-Weekly
6244,65,Female,Pants,Accessories,30,Mississippi,S,Black,Spring,4.2,No,Store Pickup,Yes,No,34,Bank Transfer,Fortnightly
6245,31,Female,Jewelry,Clothing,90,Virginia,XL,Green,Winter,4.1,Yes,2-Day Shipping,No,Yes,24,Venmo,Quarterly
6246,62,Male,Handbag,Footwear,46,Massachusetts,M,Green,Winter,4.8,No,Next Day Air,Yes,Yes,27,PayPal,Monthly
6247,67,Male,Dress,Footwear,67,North Dakota,L,Turquoise,Summer,4.2,No,Store Pickup,No,Yes,3,Bank Transfer,Annually
6248,49,Female,Dress,Clothing,88,Kentucky,S,Cyan,Summer,4.5,No,2-Day Shipping,No,No,6,Venmo,Annually
6249,28,Male,Sandals,Clothing,107,Mississippi,M,Orange,Winter,4.3,Yes,Express,No,Yes,39,Credit Card,Annually
6250,39,Female,Scarf,Accessories,45,Arkansas,L,Gray,Spring,3.2,No,2-Day Shipping,No,No,6,Bank Transfer,Fortnightly
6251,23,Male,Sunglasses,Accessories,39,Mississippi,XL,Yellow,Spring,2.7,No,Express,Yes,Yes,1,Venmo,Monthly
6252,18,Male,Blouse,Outerwear,98,Georgia,S,Yellow,Winter,4.9,No,Free Shipping,Yes,Yes,39,Debit Card,Fortnightly
6253,31,Female,Shorts,Footwear,27,Georgia,M,Teal,Summer,3.8,No,Express,No,Yes,32,Venmo,Quarterly
6254,40,Male,Shirt,Accessories,62,Iowa,S,Blue,Winter,4.5,Yes,Standard,Yes,No,3,Credit Card,Every 3 Months
6255,63,Male,Sneakers,Clothing,93,Florida,M,Yellow,Summer,4.4,No,2-Day Shipping,Yes,No,21,Cash,Every 3 Months
6256,53,Male,Dress,Accessories,33,Delaware,L,Lavender,Fall,3.9,No,Standard,No,No,10,Cash,Weekly
6257,31,Male,T-shirt,Clothing,46,North Carolina,S,Charcoal,Spring,4.1,No,Express,No,Yes,42,Cash,Annually
6258,34,Male,Sweater,Outerwear,62,South Dakota,XL,Gray,Fall,3.4,No,Express,No,No,24,Cash,Monthly
6259,51,Male,Backpack,Clothing,36,Arkansas,M,Violet,Winter,4.8,No,Standard,Yes,No,43,Credit Card,Quarterly
6260,38,Female,Socks,Clothing,99,South Dakota,L,Yellow,Fall,3.3,No,Express,No,No,9,PayPal,Monthly
6261,64,Male,Dress,Accessories,78,Tennessee,S,Pink,Fall,3.0,No,Next Day Air,No,No,2,Venmo,Monthly
6262,46,Male,Scarf,Accessories,41,Idaho,L,Purple,Spring,4.3,Yes,Standard,No,Yes,41,Credit Card,Bi-Weekly
6263,28,Male,Hat,Clothing,58,Arizona,M,Gold,Fall,2.8,No,Free Shipping,No,No,5,Cash,Monthly
6264,67,Male,Backpack,Accessories,84,Wisconsin,M,Black,Winter,3.4,No,Free Shipping,No,Yes,11,Bank Transfer,Weekly
6265,59,Male,Sneakers,Accessories,67,Massachusetts,L,Pink,Summer,3.6,Yes,Store Pickup,No,Yes,37,Cash,Bi-Weekly
6266,53,Female,Belt,Accessories,29,Minnesota,L,Beige,Summer,4.6,Yes,Store Pickup,Yes,No,15,PayPal,Every 3 Months
6267,69,Male,Sunglasses,Clothing,27,Massachusetts,S,Indigo,Winter,3.1,No,Standard,Yes,Yes,8,Debit Card,Annually
6268,61,Male,Socks,Clothing,39,South Dakota,L,Lavender,Summer,4.1,Yes,Next Day Air,Yes,No,6,Venmo,Weekly
6269,54,Male,Shoes,Footwear,46,Pennsylvania,M,Olive,Winter,4.8,No,Free Shipping,No,Yes,20,Cash,Annually
6270,21,Female,Pants,Accessories,25,Pennsylvania,L,Indigo,Fall,3.3,Yes,Store Pickup,No,No,15,Bank Transfer,Quarterly
6271,64,Male,Shorts,Accessories,58,South Dakota,L,Violet,Spring,3.9,No,Express,No,Yes,48,Credit Card,Annually
6272,52,Male,Boots,Clothing,52,Texas,XL,Turquoise,Summer,4.5,Yes,Express,No,No,50,Credit Card,Bi-Weekly
6273,28,Female,Skirt,Outerwear,35,Illinois,M,Beige,Fall,4.3,Yes,Standard,No,No,22,Cash,Monthly
6274,42,Male,Scarf,Clothing,25,Michigan,XL,Magenta,Fall,2.6,No,Express,Yes,No,5,Credit Card,Weekly
6275,24,Male,Sweater,Accessories,41,Wisconsin,S,Indigo,Spring,4.8,No,2-Day Shipping,Yes,No,40,Credit Card,Annually
6276,45,Male,Sweater,Accessories,76,South Dakota,L,Magenta,Fall,4.5,No,2-Day Shipping,Yes,No,48,Bank Transfer,Annually
6277,66,Male,Shoes,Clothing,98,Washington,L,Yellow,Winter,4.5,No,Free Shipping,Yes,No,6,Debit Card,Monthly
6278,18,Female,Gloves,Clothing,63,Utah,L,Turquoise,Summer,4.6,Yes,Express,Yes,No,15,Cash,Quarterly
6279,45,Male,Hoodie,Clothing,104,Kansas,S,Teal,Fall,4.0,No,Express,Yes,No,12,Bank Transfer,Quarterly
6280,28,Female,Gloves,Outerwear,83,Utah,L,Violet,Fall,3.7,Yes,Express,No,No,1,Cash,Monthly
6281,47,Female,Jewelry,Footwear,93,Minnesota,M,Indigo,Summer,4.7,No,Standard,Yes,Yes,20,Venmo,Quarterly
6282,32,Male,Sandals,Clothing,46,West Virginia,S,Olive,Summer,3.2,Yes,Express,No,Yes,5,Venmo,Quarterly
6283,39,Female,Dress,Footwear,23,Utah,L,Red,Summer,4.5,Yes,Standard,Yes,No,28,PayPal,Quarterly
6284,35,Male,Jewelry,Clothing,88,Nevada,M,Orange,Spring,3.2,Yes,Store Pickup,No,Yes,43,Bank Transfer,Every 3 Months
6285,38,Male,Socks,Clothing,48,South Dakota,M,Black,Fall,3.3,No,Next Day Air,No,Yes,34,Cash,Weekly
6286,18,Male,Blouse,Clothing,42,West Virginia,M,Charcoal,Summer,3.8,No,Free Shipping,Yes,Yes,9,Credit Card,Every 3 Months
6287,21,Male,Scarf,Clothing,66,Mississippi,M,Cyan,Winter,3.5,Yes,Express,Yes,Yes,45,Venmo,Annually
6288,47,Male,Sweater,Accessories,41,Texas,M,Turquoise,Fall,3.1,No,Next Day Air,Yes,No,23,Venmo,Monthly
6289,68,Male,Jeans,Clothing,21,Idaho,M,Beige,Fall,3.4,No,Next Day Air,Yes,No,16,Debit Card,Bi-Weekly
6290,51,Male,Shirt,Outerwear,39,Virginia,M,Yellow,Winter,5.0,No,Next Day Air,Yes,No,45,Cash,Bi-Weekly
6291,29,Female,Hoodie,Accessories,85,Delaware,L,Magenta,Winter,4.1,No,Free Shipping,No,Yes,6,PayPal,Fortnightly
6292,63,Male,Jacket,Clothing,33,Missouri,L,Olive,Summer,3.5,No,2-Day Shipping,No,No,44,Debit Card,Fortnightly
6293,21,Male,Skirt,Accessories,20,Minnesota,M,Turquoise,Winter,3.0,No,2-Day Shipping,No,Yes,12,Bank Transfer,Annually
6294,56,Male,Handbag,Clothing,56,Washington,XL,Maroon,Winter,2.9,Yes,Free Shipping,Yes,No,8,Bank Transfer,Weekly
6295,58,Female,Shoes,Footwear,61,Mississippi,S,Purple,Spring,2.9,No,Next Day Air,Yes,No,14,Bank Transfer,Fortnightly
6296,51,Female,Pants,Accessories,104,Delaware,S,Cyan,Spring,5.0,No,Express,No,Yes,36,Venmo,Annually
6297,64,Male,Dress,Clothing,87,Vermont,M,White,Spring,3.5,Yes,Express,Yes,Yes,42,PayPal,Annually
6298,24,Female,Shorts,Clothing,50,New Jersey,M,Turquoise,Spring,4.6,Yes,2-Day Shipping,No,No,4,Debit Card,Annually
6299,37,Male,Scarf,Accessories,26,Oklahoma,S,Black,Winter,2.5,No,Standard,No,Yes,36,Cash,Quarterly
6300,39,Female,Pants,Clothing,66,Kentucky,M,Blue,Fall,3.6,No,Express,No,Yes,48,Venmo,Weekly
6301,57,Male,Dress,Clothing,77,Michigan,L,Lavender,Spring,5.0,No,Standard,No,No,33,Cash,Monthly
6302,35,Female,Gloves,Outerwear,29,Massachusetts,M,White,Summer,3.1,No,Store Pickup,Yes,Yes,2,Debit Card,Fortnightly
6303,20,Male,Belt,Accessories,55,Connecticut,S,Green,Summer,4.3,Yes,2-Day Shipping,No,No,18,Cash,Weekly
6304,28,Male,Backpack,Footwear,71,Louisiana,S,Purple,Spring,4.3,No,Express,No,Yes,36,Debit Card,Weekly
6305,57,Male,Shoes,Clothing,21,Kentucky,S,White,Winter,4.8,No,Store Pickup,Yes,No,43,Bank Transfer,Every 3 Months
6306,21,Male,T-shirt,Clothing,32,Kansas,M,Lavender,Fall,3.3,No,2-Day Shipping,No,Yes,25,Cash,Annually
6307,69,Male,Handbag,Accessories,34,Idaho,M,Purple,Fall,3.7,No,Express,Yes,Yes,48,Cash,Weekly
6308,65,Male,Hat,Accessories,28,Arizona,L,Beige,Spring,4.8,No,2-Day Shipping,Yes,Yes,40,Credit Card,Bi-Weekly
6309,67,Female,Boots,Clothing,77,Hawaii,L,Lavender,Summer,3.3,No,Next Day Air,Yes,No,47,Venmo,Quarterly
6310,55,Male,Scarf,Accessories,96,Illinois,M,Pink,Fall,3.9,No,Store Pickup,Yes,No,1,Credit Card,Quarterly
6311,37,Male,Sneakers,Clothing,30,Idaho,XL,Cyan,Summer,2.6,Yes,Express,Yes,No,42,PayPal,Bi-Weekly
6312,45,Male,Skirt,Clothing,76,New York,S,Red,Fall,4.5,Yes,2-Day Shipping,No,Yes,30,Bank Transfer,Fortnightly
6313,24,Female,Socks,Clothing,14,Maine,S,Green,Spring,4.9,No,Store Pickup,Yes,No,20,PayPal,Every 3 Months
6314,58,Female,T-shirt,Accessories,40,Vermont,M,Olive,Summer,4.4,No,Next Day Air,No,Yes,14,PayPal,Weekly
6315,61,Male,Handbag,Accessories,75,Nebraska,M,Silver,Spring,3.4,No,Store Pickup,No,Yes,18,Bank Transfer,Weekly
6316,29,Male,Scarf,Clothing,61,Arkansas,L,Gold,Winter,2.7,Yes,Free Shipping,Yes,No,43,PayPal,Annually
6317,57,Female,Scarf,Footwear,28,Arizona,M,Yellow,Fall,3.3,No,Free Shipping,No,No,9,Bank Transfer,Bi-Weekly
6318,37,Male,Coat,Footwear,21,Kansas,L,Peach,Spring,4.3,Yes,2-Day Shipping,No,No,28,Debit Card,Weekly
6319,64,Male,Boots,Clothing,85,Nebraska,L,Orange,Winter,4.4,No,Next Day Air,No,No,6,PayPal,Every 3 Months
6320,68,Female,Coat,Clothing,106,Minnesota,M,Cyan,Fall,,Yes,Next Day Air,No,No,39,Venmo,Quarterly
6321,22,Female,Belt,Clothing,53,South Dakota,M,Peach,Spring,2.5,No,Next Day Air,Yes,No,16,Debit Card,Quarterly
6322,23,Female,Sweater,Clothing,90,Wisconsin,M,Blue,Spring,3.5,No,Express,No,Yes,26,Bank Transfer,Monthly
6323,29,Female,Shirt,Clothing,80,Idaho,L,Olive,Fall,2.9,Yes,Standard,Yes,No,39,Venmo,Bi-Weekly
6324,69,Male,Skirt,Accessories,32,Maryland,S,Orange,Summer,4.3,No,Free Shipping,No,No,31,Credit Card,Fortnightly
6325,20,Male,Handbag,Accessories,67,Missouri,L,Beige,Winter,3.4,No,Standard,No,No,18,Venmo,Bi-Weekly
6326,24,Male,Jacket,Clothing,31,North Dakota,M,Silver,Summer,3.9,No,2-Day Shipping,No,Yes,17,Debit Card,Fortnightly
6327,32,Male,Dress,Footwear,29,Pennsylvania,L,Red,Winter,3.5,No,Next Day Air,Yes,No,42,Cash,Fortnightly
6328,33,Male,Coat,Accessories,103,West Virginia,M,Gold,Summer,4.6,No,Next Day Air,No,No,38,Credit Card,Fortnightly
6329,34,Male,Skirt,Clothing,18,Wyoming,M,Gold,Spring,4.8,Yes,Standard,Yes,No,33,Cash,Fortnightly
6330,22,Male,Pants,Accessories,30,Nebraska,L,Brown,Spring,3.0,No,Express,No,Yes,2,Bank Transfer,Quarterly
6331,48,Female,Sandals,Clothing,72,Missouri,L,Beige,Summer,2.5,No,Express,Yes,Yes,32,Cash,Annually
6332,67,Male,Pants,Clothing,41,Louisiana,L,Cyan,Spring,4.8,No,Next Day Air,No,No,11,Bank Transfer,Weekly
6333,28,Male,Sandals,Clothing,49,Missouri,M,Green,Spring,4.0,Yes,Next Day Air,No,Yes,12,Debit Card,Quarterly
6334,31,Female,Hoodie,Clothing,42,North Dakota,L,Black,Winter,4.5,No,Free Shipping,No,No,4,Bank Transfer,Annually
6335,51,Male,Handbag,Clothing,79,Montana,XL,Silver,Winter,4.6,No,Free Shipping,No,No,14,Debit Card,Annually
6336,49,Male,Belt,Clothing,78,North Dakota,M,Peach,Summer,3.1,No,Express,Yes,Yes,21,PayPal,Every 3 Months
6337,31,Male,Blouse,Clothing,92,North Carolina,M,Yellow,Winter,2.9,No,2-Day Shipping,No,Yes,31,Bank Transfer,Fortnightly
6338,65,Male,Sunglasses,Clothing,98,Alabama,M,Maroon,Spring,3.8,No,Standard,Yes,Yes,44,Cash,Fortnightly
6339,54,Male,Scarf,Clothing,27,Illinois,M,Gold,Spring,2.7,Yes,2-Day Shipping,No,Yes,37,PayPal,Annually
6340,59,Male,Socks,Accessories,25,Ohio,M,Magenta,Spring,3.2,Yes,Next Day Air,No,Yes,8,Venmo,Quarterly
6341,41,Female,Sunglasses,Clothing,26,Nevada,XL,Cyan,Winter,2.7,No,Next Day Air,No,Yes,37,PayPal,Annually
6342,41,Female,Hat,Clothing,64,South Carolina,M,Pink,Spring,4.0,No,Standard,No,No,15,PayPal,Weekly
6343,26,Male,Scarf,Accessories,31,Oklahoma,M,Yellow,Winter,4.8,No,Store Pickup,Yes,Yes,46,Debit Card,Quarterly
6344,58,Male,Skirt,Clothing,94,Colorado,M,Purple,Winter,3.8,No,Next Day Air,No,Yes,20,Venmo,Bi-Weekly
6345,21,Male,T-shirt,Clothing,65,Massachusetts,L,Olive,Winter,4.4,No,Free Shipping,Yes,Yes,48,Venmo,Fortnightly
6346,33,Male,Jacket,Footwear,91,Maine,M,Silver,Winter,4.8,No,Next Day Air,No,No,24,Bank Transfer,Bi-Weekly
6347,47,Male,Socks,Accessories,90,Wisconsin,M,Peach,Summer,3.4,Yes,Standard,No,Yes,8,Venmo,Weekly
6348,30,Male,Pants,Accessories,72,Illinois,M,Black,Winter,3.5,No,Free Shipping,Yes,Yes,20,Venmo,Quarterly
6349,33,Male,Jacket,Accessories,49,New Hampshire,M,Olive,Summer,2.9,No,Free Shipping,No,No,13,Bank Transfer,Weekly
6350,31,Male,Jacket,Accessories,31,Maryland,M,Maroon,Winter,4.4,Yes,Next Day Air,Yes,Yes,20,Debit Card,Quarterly
6351,59,Male,Jewelry,Accessories,81,South Carolina,M,Green,Spring,4.2,Yes,Express,Yes,No,34,PayPal,Monthly
6352,37,Male,Backpack,Clothing,23,Georgia,XL,Beige,Spring,3.3,Yes,2-Day Shipping,Yes,No,50,Credit Card,Annually
6353,49,Male,Sunglasses,Clothing,29,South Carolina,S,Cyan,Fall,4.9,No,Express,No,Yes,13,Debit Card,Monthly
6354,44,Female,Sweater,Footwear,30,Hawaii,XL,Cyan,Summer,4.9,Yes,Next Day Air,No,No,30,Venmo,Monthly
6355,66,Female,Gloves,Clothing,100,Kansas,M,Turquoise,Summer,4.6,No,Store Pickup,Yes,Yes,4,Bank Transfer,Every 3 Months
6356,68,Male,Jewelry,Clothing,47,Vermont,S,Teal,Summer,4.9,No,Standard,Yes,No,14,Debit Card,Bi-Weekly
6357,35,Male,Hat,Clothing,80,South Dakota,M,Black,Winter,4.2,No,Express,Yes,No,11,Venmo,Every 3 Months
6358,65,Female,Shorts,Clothing,51,Virginia,L,Gold,Summer,2.7,Yes,Free Shipping,No,Yes,21,Bank Transfer,Every 3 Months
6359,30,Male,T-shirt,Accessories,23,California,L,Black,Winter,4.5,No,Express,No,Yes,32,Venmo,Fortnightly
6360,30,Male,Sunglasses,Clothing,75,Rhode Island,M,Black,Summer,2.6,Yes,Store Pickup,No,Yes,10,Venmo,Every 3 Months
6361,70,Male,Backpack,Outerwear,65,Louisiana,S,Magenta,Winter,4.5,No,Free Shipping,No,Yes,43,Debit Card,Annually
6362,61,Female,Coat,Clothing,41,New York,M,Indigo,Summer,2.7,No,Store Pickup,Yes,No,3,Venmo,Monthly
6363,20,Male,Jeans,Outerwear,93,Colorado,L,Red,Winter,4.3,Yes,Standard,No,No,34,Credit Card,Quarterly
6364,70,Female,Shoes,Clothing,47,Kentucky,S,Teal,Winter,4.1,No,Standard,Yes,No,18,PayPal,Every 3 Months
6365,27,Male,Jacket,Outerwear,78,Hawaii,L,Orange,Spring,3.2,No,Free Shipping,No,No,21,PayPal,Bi-Weekly
6366,44,Male,Handbag,Footwear,88,Louisiana,M,Violet,Fall,4.3,Yes,Express,No,Yes,36,Bank Transfer,Weekly
6367,46,Male,Gloves,Clothing,16,Wisconsin,S,Indigo,Winter,3.2,No,Free Shipping,Yes,No,48,Venmo,Bi-Weekly
6368,40,Male,Shorts,Outerwear,64,Maine,M,Green,Spring,3.7,No,Free Shipping,No,No,20,Debit Card,Fortnightly
6369,32,Male,Blouse,Clothing,45,Colorado,L,White,Fall,4.8,No,Free Shipping,No,No,6,Bank Transfer,Quarterly
6370,27,Male,Hoodie,Clothing,55,Nebraska,M,Purple,Winter,2.8,No,Free Shipping,Yes,No,39,Credit Card,Bi-Weekly
6371,20,Male,Belt,Footwear,43,Alabama,M,Charcoal,Fall,3.9,No,Express,No,Yes,31,Venmo,Weekly
6372,19,Male,Backpack,Outerwear,83,Oklahoma,M,Black,Fall,2.6,No,Next Day Air,No,Yes,30,Cash,Fortnightly
6373,51,Female,Pants,Clothing,61,California,XL,Gray,Summer,4.6,Yes,Standard,Yes,Yes,12,Venmo,Annually
6374,69,Male,Gloves,Accessories,51,Maryland,M,Violet,Spring,4.1,No,Standard,No,Yes,6,Cash,Quarterly
6375,52,Female,Blouse,Footwear,85,Rhode Island,S,Red,Summer,2.9,No,Free Shipping,No,No,36,Cash,Monthly
6376,28,Male,Shirt,Footwear,32,Massachusetts,XL,Turquoise,Summer,2.6,Yes,Express,Yes,Yes,12,Venmo,Fortnightly
6377,51,Male,Dress,Clothing,74,Florida,M,Teal,Fall,3.3,No,Standard,Yes,No,9,Credit Card,Every 3 Months
6378,54,Male,Dress,Accessories,91,Maine,M,Gold,Spring,3.7,Yes,Next Day Air,Yes,No,46,PayPal,Weekly
6379,36,Female,Sandals,Footwear,100,Wisconsin,XL,Gray,Fall,4.8,No,Next Day Air,No,No,36,Bank Transfer,Monthly
6380,25,Female,Sandals,Clothing,92,New York,L,Pink,Summer,3.1,Yes,2-Day Shipping,Yes,No,34,Bank Transfer,Fortnightly
6381,36,Male,Coat,Clothing,38,Nebraska,S,Gray,Winter,4.4,Yes,Express,No,Yes,25,Cash,Quarterly
6382,24,Female,Backpack,Accessories,85,Louisiana,M,Silver,Fall,4.8,No,2-Day Shipping,Yes,Yes,27,Debit Card,Weekly
6383,37,Female,Jeans,Clothing,51,California,L,Orange,Fall,2.6,No,Express,No,No,36,Cash,Weekly
6384,25,Female,Belt,Accessories,74,Michigan,M,Green,Summer,3.4,Yes,Store Pickup,No,No,30,Credit Card,Annually
6385,67,Male,Gloves,Accessories,63,South Carolina,L,Green,Spring,5.0,No,Standard,No,Yes,46,PayPal,Monthly
6386,31,Female,Skirt,Clothing,44,Arkansas,XL,Beige,Fall,3.4,No,Standard,Yes,No,10,Bank Transfer,Monthly
6387,47,Male,Shoes,Clothing,92,Arizona,S,Pink,Spring,4.3,No,Next Day Air,Yes,No,20,Venmo,Fortnightly
6388,52,Male,Scarf,Clothing,42,Texas,L,Black,Fall,2.8,No,Free Shipping,Yes,Yes,11,Venmo,Weekly
6389,46,Male,Shoes,Outerwear,19,Missouri,S,Indigo,Fall,3.7,Yes,Free Shipping,No,Yes,36,Venmo,Fortnightly
6390,39,Male,Dress,Outerwear,27,Washington,M,Black,Summer,2.7,Yes,Standard,No,Yes,34,Debit Card,Monthly
6391,65,Female,Dress,Outerwear,70,Alabama,M,Brown,Summer,3.1,Yes,Free Shipping,Yes,No,7,Cash,Weekly
6392,49,Female,Hat,Accessories,51,Wyoming,S,Gold,Fall,3.6,No,2-Day Shipping,No,Yes,18,PayPal,Monthly
6393,43,Female,Coat,Accessories,57,Alabama,L,Black,Summer,4.7,No,Store Pickup,No,No,19,Bank Transfer,Fortnightly
6394,21,Male,Blouse,Footwear,86,Washington,M,Green,Fall,3.7,No,Next Day Air,Yes,Yes,28,Bank Transfer,Quarterly
6395,34,Male,Hat,Accessories,77,Indiana,S,Teal,Spring,4.2,No,Store Pickup,No,No,31,Credit Card,Quarterly
6396,67,Male,Coat,Outerwear,86,Wyoming,S,Pink,Fall,3.8,No,2-Day Shipping,No,No,30,Cash,Weekly
6397,36,Female,Sandals,Clothing,29,Vermont,M,Purple,Spring,2.6,No,Next Day Air,Yes,No,20,Venmo,Fortnightly
6398,61,Female,T-shirt,Footwear,101,Montana,M,Black,Fall,4.1,No,2-Day Shipping,Yes,No,28,Venmo,Bi-Weekly
6399,56,Male,Sandals,Accessories,39,Kansas,L,Gray,Winter,2.8,Yes,Free Shipping,No,Yes,11,Debit Card,Quarterly
6400,40,Male,Sandals,Clothing,27,Hawaii,L,Olive,Summer,3.2,No,Express,No,No,36,Cash,Quarterly
6401,66,Female,Shorts,Footwear,29,South Carolina,XL,Turquoise,Summer,3.5,No,2-Day Shipping,Yes,Yes,38,PayPal,Monthly
6402,40,Male,Scarf,Clothing,21,Alaska,S,Gray,Spring,4.3,No,Store Pickup,No,Yes,44,Credit Card,Every 3 Months
6403,57,Male,Sandals,Accessories,36,Montana,L,Purple,Spring,3.5,No,Express,No,No,11,Venmo,Bi-Weekly
6404,27,Male,Shirt,Clothing,25,Montana,M,Gray,Winter,3.3,No,2-Day Shipping,No,No,12,PayPal,Annually
6405,40,Male,Jacket,Accessories,14,Tennessee,L,Charcoal,Spring,4.2,No,Express,Yes,Yes,1,Venmo,Monthly
6406,22,Female,Hoodie,Clothing,81,Maine,S,Cyan,Fall,4.1,No,Express,Yes,No,31,Debit Card,Every 3 Months
6407,59,Male,Sweater,Accessories,79,Louisiana,XL,Olive,Fall,3.7,Yes,Store Pickup,No,No,4,Credit Card,Weekly
6408,35,Male,Coat,Accessories,90,North Dakota,S,Olive,Fall,3.1,No,Free Shipping,No,Yes,49,PayPal,Quarterly
6409,45,Male,Hoodie,Clothing,44,Nevada,M,Orange,Winter,3.2,No,Store Pickup,Yes,No,49,Credit Card,Annually
6410,54,Male,Jewelry,Accessories,35,Georgia,L,Pink,Spring,4.4,Yes,Express,No,No,50,Cash,Every 3 Months
6411,64,Male,Jacket,Clothing,35,South Dakota,M,Teal,Fall,3.4,No,Standard,No,Yes,4,Debit Card,Bi-Weekly
6412,34,Male,Jewelry,Accessories,53,Nevada,L,Charcoal,Winter,3.9,No,Next Day Air,No,No,50,Bank Transfer,Bi-Weekly
6413,64,Male,Shorts,Accessories,73,Illinois,S,Silver,Fall,3.3,Yes,Free Shipping,Yes,Yes,20,Cash,Fortnightly
6414,69,Male,Sneakers,Accessories,90,Missouri,M,Peach,Winter,3.6,No,Standard,No,No,11,Credit Card,Bi-Weekly
6415,32,Male,Boots,Clothing,36,Maryland,S,Lavender,Summer,3.8,No,Standard,No,Yes,43,Venmo,Fortnightly
6416,26,Male,Sunglasses,Footwear,77,West Virginia,L,Gold,Summer,4.5,Yes,Standard,No,No,17,Credit Card,Annually
6417,46,Male,Skirt,Clothing,84,West Virginia,M,Pink,Winter,4.6,No,Next Day Air,No,No,2,Venmo,Fortnightly
6418,20,Male,Blouse,Footwear,99,Nevada,S,Cyan,Fall,4.5,Yes,Store Pickup,No,Yes,20,Debit Card,Weekly
6419,60,Male,Jeans,Footwear,94,New Mexico,M,Yellow,Winter,4.5,No,Express,No,Yes,37,Venmo,Fortnightly
6420,59,Male,T-shirt,Clothing,65,New Mexico,L,Cyan,Winter,4.6,No,2-Day Shipping,Yes,No,30,Debit Card,Quarterly
6421,55,Male,Dress,Clothing,31,Florida,M,Violet,Summer,3.9,No,Free Shipping,Yes,No,18,Venmo,Quarterly
6422,58,Male,Pants,Footwear,72,Arizona,M,Pink,Fall,4.0,No,Free Shipping,No,Yes,25,Venmo,Every 3 Months
6423,56,Male,Dress,Clothing,32,Alabama,M,Violet,Winter,4.0,No,Next Day Air,Yes,No,34,Bank Transfer,Every 3 Months
6424,50,Male,Handbag,Accessories,87,Missouri,M,Brown,Winter,3.7,No,Free Shipping,Yes,Yes,11,Venmo,Annually
6425,38,Male,Hat,Clothing,23,New York,L,Orange,Spring,2.9,Yes,Free Shipping,No,Yes,33,PayPal,Bi-Weekly
6426,46,Male,Shoes,Footwear,76,North Dakota,M,Teal,Winter,4.8,No,Standard,Yes,No,49,Venmo,Bi-Weekly
6427,58,Male,Shoes,Clothing,78,Iowa,M,Orange,Spring,4.0,No,Free Shipping,No,No,31,Venmo,Weekly
6428,57,Male,Jewelry,Outerwear,87,Alabama,L,Lavender,Spring,4.6,Yes,2-Day Shipping,No,No,6,Bank Transfer,Quarterly
6429,32,Male,Pants,Accessories,47,New Hampshire,XL,Yellow,Winter,3.1,No,Next Day Air,Yes,No,12,Bank Transfer,Quarterly
6430,64,Female,Handbag,Clothing,68,Alabama,L,Lavender,Summer,4.3,No,Next Day Air,No,No,1,Cash,Monthly
6431,44,Female,Belt,Accessories,34,Iowa,M,Magenta,Summer,2.5,No,Free Shipping,No,No,17,Cash,Quarterly
6432,29,Male,Pants,Accessories,100,Vermont,S,Magenta,Winter,2.9,Yes,Next Day Air,No,Yes,10,Cash,Annually
6433,32,Male,Scarf,Clothing,35,Illinois,M,Yellow,Summer,4.8,No,Express,No,No,29,Debit Card,Annually
6434,51,Female,Belt,Clothing,67,North Dakota,M,Brown,Fall,2.8,No,Next Day Air,No,No,10,Bank Transfer,Weekly
6435,39,Male,Coat,Accessories,41,Maryland,M,Turquoise,Spring,5.0,No,Next Day Air,No,No,7,Cash,Fortnightly
6436,65,Male,Blouse,Clothing,21,California,L,Purple,Winter,4.7,No,Store Pickup,No,Yes,6,PayPal,Every 3 Months
6437,63,Male,Sunglasses,Footwear,34,Indiana,M,Teal,Summer,3.8,No,Standard,Yes,No,5,Cash,Quarterly
6438,68,Male,Jacket,Accessories,55,Utah,M,Red,Winter,2.8,No,Store Pickup,Yes,No,17,Bank Transfer,Bi-Weekly
6439,30,Male,Sneakers,Clothing,63,Oklahoma,L,Violet,Winter,4.7,No,Express,Yes,No,18,Venmo,Fortnightly
6440,24,Male,Backpack,Outerwear,50,Alabama,XL,Yellow,Spring,3.0,No,Store Pickup,No,Yes,26,Credit Card,Bi-Weekly
6441,33,Male,Skirt,Clothing,82,Vermont,S,Cyan,Fall,2.6,No,Express,Yes,No,8,Bank Transfer,Every 3 Months
6442,27,Male,Handbag,Clothing,50,Connecticut,M,Beige,Winter,2.8,No,Store Pickup,No,Yes,19,PayPal,Every 3 Months
6443,47,Female,Sunglasses,Footwear,49,New York,M,Gray,Spring,2.5,No,Express,Yes,No,14,Cash,Weekly
6444,19,Female,Jewelry,Footwear,28,Mississippi,S,Violet,Spring,3.0,No,Free Shipping,Yes,Yes,6,Bank Transfer,Monthly
6445,61,Male,T-shirt,Clothing,49,Montana,M,Purple,Fall,4.2,No,Express,No,Yes,44,Credit Card,Annually
6446,30,Female,Backpack,Clothing,77,West Virginia,XL,Red,Winter,4.4,Yes,Next Day Air,No,Yes,32,Credit Card,Annually
6447,26,Male,Sandals,Accessories,73,Louisiana,S,Cyan,Summer,3.0,No,Store Pickup,No,No,20,Credit Card,Bi-Weekly
6448,47,Male,Jacket,Clothing,61,Iowa,L,Magenta,Fall,2.7,Yes,Next Day Air,Yes,No,21,Venmo,Bi-Weekly
6449,50,Female,Blouse,Accessories,94,Nebraska,M,Red,Spring,4.0,No,Next Day Air,No,No,26,Credit Card,Fortnightly
6450,64,Male,Skirt,Accessories,82,New Hampshire,S,Silver,Spring,3.6,Yes,Next Day Air,Yes,No,40,PayPal,Quarterly
6451,29,Male,Scarf,Accessories,82,Rhode Island,M,Blue,Spring,3.4,No,2-Day Shipping,No,No,11,Cash,Quarterly
6452,60,Male,Sunglasses,Accessories,61,Virginia,L,Yellow,Summer,3.4,No,Store Pickup,No,Yes,36,Bank Transfer,Annually
6453,56,Female,Handbag,Clothing,93,Tennessee,M,Cyan,Winter,3.5,No,Free Shipping,Yes,Yes,46,Cash,Weekly
6454,43,Male,Coat,Accessories,55,Virginia,S,Green,Summer,4.7,No,Store Pickup,Yes,No,12,PayPal,Quarterly
6455,25,Female,Shoes,Accessories,63,West Virginia,XL,Magenta,Summer,2.5,No,Express,Yes,No,14,Credit Card,Fortnightly
6456,20,Male,Handbag,Clothing,93,Tennessee,S,Beige,Winter,3.9,No,Next Day Air,No,Yes,37,Cash,Quarterly
6457,43,Male,Socks,Outerwear,66,Indiana,M,Black,Summer,4.5,No,2-Day Shipping,No,No,47,Debit Card,Every 3 Months
6458,62,Female,Handbag,Accessories,40,North Carolina,L,Pink,Fall,4.9,No,Store Pickup,No,No,40,Venmo,Every 3 Months
6459,39,Male,Dress,Accessories,51,Rhode Island,M,Peach,Summer,3.3,No,Free Shipping,No,No,36,Debit Card,Weekly
6460,44,Male,Shirt,Accessories,84,Connecticut,M,Blue,Fall,3.6,No,Express,No,Yes,35,PayPal,Bi-Weekly
6461,44,Male,Blouse,Accessories,52,Texas,S,Violet,Fall,3.1,No,Store Pickup,No,Yes,46,Venmo,Fortnightly
6462,55,Male,Blouse,Accessories,16,New Hampshire,M,Peach,Summer,3.9,Yes,Standard,No,No,3,Debit Card,Every 3 Months
6463,59,Male,Shirt,Clothing,66,South Carolina,M,Brown,Summer,4.8,Yes,2-Day Shipping,No,Yes,48,Cash,Annually
6464,25,Male,Sneakers,Clothing,44,Wisconsin,L,Orange,Summer,4.4,No,2-Day Shipping,Yes,No,3,Credit Card,Annually
6465,36,Female,Shoes,Clothing,13,Arizona,S,Cyan,Spring,4.4,No,Store Pickup,Yes,Yes,15,Cash,Quarterly
6466,57,Male,Blouse,Accessories,59,Connecticut,L,Olive,Fall,3.8,No,Standard,No,No,27,Debit Card,Monthly
6467,56,Male,Jewelry,Accessories,34,Colorado,M,Red,Fall,3.5,Yes,Free Shipping,No,No,33,Credit Card,Weekly
6468,32,Male,Jeans,Accessories,64,Colorado,M,Black,Summer,3.1,No,Express,Yes,No,19,Cash,Quarterly
6469,66,Male,Sunglasses,Clothing,32,Nevada,L,Lavender,Winter,2.9,Yes,2-Day Shipping,Yes,No,44,Debit Card,Annually
6470,20,Male,Jacket,Accessories,58,South Dakota,M,Blue,Spring,2.9,No,Store Pickup,No,No,20,PayPal,Fortnightly
6471,53,Female,Gloves,Outerwear,53,Hawaii,XL,Cyan,Spring,4.2,No,Standard,No,Yes,18,Bank Transfer,Fortnightly
6472,45,Female,T-shirt,Accessories,101,Oregon,M,Purple,Fall,2.6,No,2-Day Shipping,No,Yes,12,PayPal,Annually
6473,39,Female,T-shirt,Clothing,93,New York,L,Teal,Fall,4.5,No,Store Pickup,Yes,No,25,Debit Card,Annually
6474,24,Male,Shoes,Clothing,13,Kentucky,S,Yellow,Summer,3.8,No,Store Pickup,Yes,No,35,Debit Card,Bi-Weekly
6475,29,Male,Scarf,Accessories,52,Florida,M,Yellow,Spring,3.2,No,Express,No,Yes,28,Debit Card,Weekly
6476,21,Female,Pants,Accessories,99,Missouri,M,Green,Fall,2.5,No,Next Day Air,Yes,No,47,Venmo,Every 3 Months
6477,51,Male,Hat,Clothing,23,Iowa,L,Lavender,Winter,4.3,No,2-Day Shipping,Yes,No,13,Bank Transfer,Weekly
6478,66,Male,Shorts,Clothing,45,Indiana,M,Turquoise,Fall,2.8,Yes,Next Day Air,No,Yes,16,Debit Card,Quarterly
6479,50,Male,T-shirt,Clothing,97,Michigan,L,Yellow,Fall,2.6,No,Standard,No,Yes,14,Cash,Weekly
6480,50,Male,Skirt,Footwear,31,Georgia,M,Pink,Fall,4.5,No,Store Pickup,Yes,Yes,41,Cash,Annually
6481,58,Male,Coat,Outerwear,53,Kentucky,L,Yellow,Fall,2.7,No,Express,Yes,No,22,Cash,Bi-Weekly
6482,49,Male,Jewelry,Footwear,64,Virginia,S,Peach,Spring,2.8,Yes,Express,Yes,No,31,Bank Transfer,Fortnightly
6483,33,Male,Jacket,Clothing,59,Pennsylvania,L,Peach,Fall,3.2,No,Next Day Air,Yes,No,11,Debit Card,Annually
6484,51,Female,Shoes,Accessories,60,New Jersey,S,Red,Winter,3.8,Yes,Store Pickup,No,No,8,PayPal,Fortnightly
6485,28,Male,Sneakers,Accessories,71,North Dakota,XL,Cyan,Winter,3.0,No,Next Day Air,No,No,43,Cash,Every 3 Months
6486,28,Male,Blouse,Accessories,25,Delaware,L,Charcoal,Fall,4.0,Yes,Express,No,Yes,39,PayPal,Bi-Weekly
6487,39,Female,Hoodie,Outerwear,32,Idaho,S,Magenta,Spring,3.7,No,Free Shipping,Yes,Yes,5,Debit Card,Monthly
6488,28,Female,Blouse,Clothing,22,Texas,S,Pink,Summer,4.7,No,Next Day Air,No,No,12,Cash,Weekly
6489,27,Male,Gloves,Accessories,36,Nebraska,M,Yellow,Fall,3.3,No,Express,No,Yes,13,Venmo,Bi-Weekly
6490,52,Male,Jacket,Clothing,105,South Dakota,L,White,Summer,2.6,Yes,Standard,No,No,5,Venmo,Annually
6491,52,Male,Skirt,Footwear,91,Arizona,M,Violet,Fall,3.3,No,Store Pickup,No,Yes,23,Debit Card,Every 3 Months
6492,68,Female,Scarf,Accessories,68,Hawaii,L,Olive,Spring,2.9,No,Next Day Air,No,Yes,20,Venmo,Weekly
6493,68,Male,Gloves,Clothing,60,California,M,White,Fall,3.4,No,Store Pickup,Yes,Yes,33,Credit Card,Every 3 Months
6494,40,Male,Jeans,Accessories,72,South Carolina,L,Violet,Fall,2.7,No,Express,Yes,Yes,34,Venmo,Annually
6495,19,Male,Scarf,Outerwear,61,Montana,M,Maroon,Summer,4.8,No,2-Day Shipping,No,No,4,Credit Card,Monthly
6496,46,Female,T-shirt,Footwear,38,Oregon,M,Black,Spring,4.0,Yes,Store Pickup,Yes,No,27,Bank Transfer,Fortnightly
6497,47,Male,Dress,Footwear,50,Iowa,L,Gray,Spring,4.5,Yes,2-Day Shipping,Yes,No,19,PayPal,Quarterly
6498,69,Male,Boots,Clothing,70,West Virginia,S,Charcoal,Spring,4.6,No,Standard,Yes,No,5,Credit Card,Fortnightly
6499,55,Male,Gloves,Accessories,25,Kentucky,L,Purple,Winter,4.4,No,Express,No,No,33,Credit Card,Quarterly
6500,37,Female,Shorts,Clothing,91,Nebraska,M,Violet,Winter,5.0,No,Next Day Air,Yes,No,15,Venmo,Monthly
6501,55,Male,Dress,Accessories,89,Delaware,S,Magenta,Fall,4.3,No,Store Pickup,Yes,No,31,PayPal,Bi-Weekly
6502,28,Male,Blouse,Clothing,83,New Hampshire,L,White,Winter,3.2,No,Free Shipping,No,No,15,Bank Transfer,Monthly
6503,32,Male,Shoes,Accessories,72,Maine,M,Red,Summer,3.7,No,Free Shipping,Yes,No,13,Bank Transfer,Fortnightly
6504,49,Female,Gloves,Footwear,60,Vermont,M,Olive,Winter,3.8,No,Next Day Air,No,No,15,Credit Card,Fortnightly
6505,63,Male,Backpack,Accessories,66,Illinois,XL,Olive,Spring,2.7,No,Express,No,No,2,Venmo,Quarterly
6506,48,Male,Jacket,Accessories,93,Illinois,S,Pink,Winter,5.0,No,Free Shipping,No,Yes,11,Venmo,Monthly
6507,49,Female,Sandals,Outerwear,97,Missouri,M,Brown,Summer,4.9,Yes,Store Pickup,No,No,4,Venmo,Monthly
6508,69,Male,Socks,Accessories,63,Washington,M,Gray,Winter,3.1,Yes,Store Pickup,No,Yes,6,Venmo,Every 3 Months
6509,30,Male,Gloves,Clothing,62,New Mexico,M,Gold,Spring,3.4,No,Standard,Yes,No,40,Bank Transfer,Every 3 Months
6510,36,Male,Handbag,Clothing,100,Kansas,S,Olive,Fall,,No,Express,Yes,No,2,Credit Card,Quarterly
6511,46,Male,Jacket,Accessories,49,Iowa,S,Yellow,Spring,2.5,Yes,Standard,Yes,No,26,Bank Transfer,Monthly
6512,50,Female,Sunglasses,Clothing,45,Montana,XL,Orange,Winter,3.8,No,Store Pickup,No,No,47,Credit Card,Fortnightly
6513,64,Male,Coat,Clothing,82,Idaho,M,Orange,Summer,2.8,No,Store Pickup,Yes,Yes,45,Bank Transfer,Weekly
6514,64,Female,Coat,Accessories,51,New York,M,Lavender,Fall,4.8,No,2-Day Shipping,No,No,50,PayPal,Annually
6515,64,Female,Shorts,Footwear,101,Rhode Island,L,Pink,Summer,4.1,Yes,Standard,Yes,No,4,PayPal,Every 3 Months
6516,22,Female,Dress,Clothing,71,Minnesota,M,Charcoal,Fall,2.5,No,Free Shipping,No,No,5,Venmo,Fortnightly
6517,28,Male,Sunglasses,Clothing,33,Tennessee,M,Lavender,Spring,4.0,Yes,2-Day Shipping,Yes,No,3,Venmo,Every 3 Months
6518,58,Male,Jacket,Clothing,98,Oregon,M,Maroon,Winter,4.4,No,2-Day Shipping,No,No,29,Cash,Quarterly
6519,28,Male,Shoes,Footwear,51,Georgia,S,Yellow,Winter,3.0,No,Express,No,No,25,Venmo,Every 3 Months
6520,50,Male,Shoes,Accessories,50,Delaware,M,Peach,Summer,3.9,No,Standard,Yes,Yes,7,Credit Card,Quarterly
6521,51,Male,Jewelry,Clothing,86,Louisiana,L,Beige,Fall,2.9,No,Next Day Air,No,Yes,7,Bank Transfer,Monthly
6522,50,Female,Hoodie,Clothing,100,Nevada,M,Gray,Spring,4.4,No,Next Day Air,Yes,No,1,PayPal,Weekly
6523,55,Female,Hoodie,Clothing,68,Arizona,M,Olive,Fall,3.0,No,Express,No,Yes,28,Bank Transfer,Every 3 Months
6524,49,Female,Sunglasses,Clothing,81,Louisiana,M,Orange,Spring,4.0,Yes,Free Shipping,No,No,12,Debit Card,Annually
6525,55,Female,Handbag,Accessories,28,Nevada,S,Cyan,Summer,2.7,No,Express,No,Yes,27,Venmo,Quarterly
6526,33,Female,Shorts,Accessories,71,West Virginia,M,Maroon,Fall,5.0,No,Free Shipping,No,No,19,Venmo,Bi-Weekly
6527,25,Female,Jacket,Clothing,85,New Hampshire,L,Beige,Spring,3.7,No,Next Day Air,No,No,3,Bank Transfer,Bi-Weekly
6528,45,Female,Belt,Accessories,27,Utah,XL,Orange,Summer,4.9,No,Standard,No,Yes,40,Bank Transfer,Bi-Weekly
6529,55,Male,Sneakers,Footwear,80,Kentucky,M,Peach,Spring,3.3,No,Free Shipping,No,Yes,10,Bank Transfer,Annually
6530,65,Male,Pants,Accessories,101,Florida,L,Purple,Fall,3.5,Yes,Express,Yes,Yes,28,Debit Card,Fortnightly
6531,31,Female,T-shirt,Clothing,27,Georgia,M,Olive,Spring,4.2,No,Free Shipping,Yes,No,14,Cash,Quarterly
6532,65,Male,Jeans,Clothing,92,New York,XL,Pink,Spring,3.0,Yes,Store Pickup,No,No,28,Bank Transfer,Bi-Weekly
6533,60,Female,Hat,Accessories,52,Washington,L,Charcoal,Winter,4.8,No,Next Day Air,No,No,2,Bank Transfer,Fortnightly
6534,54,Female,Hat,Accessories,85,Kentucky,XL,Red,Fall,2.8,Yes,2-Day Shipping,No,No,20,Credit Card,Fortnightly
6535,29,Male,Shirt,Accessories,59,Virginia,M,Lavender,Summer,3.7,No,Standard,No,No,2,Venmo,Fortnightly
6536,47,Male,Backpack,Accessories,81,Connecticut,M,Violet,Fall,4.6,Yes,Express,Yes,Yes,24,Credit Card,Monthly
6537,27,Male,Jacket,Clothing,72,Indiana,M,Pink,Spring,2.6,Yes,2-Day Shipping,Yes,No,46,Debit Card,Every 3 Months
6538,40,Male,Hoodie,Clothing,55,Wisconsin,S,Orange,Winter,3.4,No,Store Pickup,No,Yes,7,Cash,Fortnightly
6539,33,Female,Gloves,Outerwear,85,Alabama,M,Magenta,Summer,5.0,No,Next Day Air,No,No,46,Debit Card,Fortnightly
6540,45,Male,Sunglasses,Accessories,43,Alaska,L,Teal,Fall,3.4,No,Standard,Yes,Yes,29,PayPal,Monthly
6541,70,Male,Shorts,Outerwear,44,West Virginia,S,Cyan,Spring,3.8,No,Store Pickup,No,No,3,Debit Card,Quarterly
6542,69,Female,Blouse,Outerwear,95,Louisiana,M,Silver,Winter,3.5,No,Free Shipping,No,No,27,Venmo,Quarterly
6543,30,Male,Scarf,Clothing,61,Virginia,M,Brown,Summer,2.7,Yes,Free Shipping,Yes,Yes,5,Cash,Quarterly
6544,23,Male,Jewelry,Clothing,27,Louisiana,M,Beige,Winter,4.7,No,Free Shipping,No,No,32,Debit Card,Fortnightly
6545,58,Male,Pants,Outerwear,32,Delaware,M,Green,Spring,3.2,No,Express,Yes,No,41,Venmo,Weekly
6546,65,Male,Jeans,Accessories,29,Massachusetts,M,Cyan,Spring,3.4,No,Standard,No,Yes,23,Venmo,Every 3 Months
6547,42,Female,Hoodie,Clothing,23,Alaska,L,Pink,Fall,4.8,No,Free Shipping,No,Yes,38,Bank Transfer,Monthly
6548,19,Male,Skirt,Clothing,87,Maine,M,Pink,Fall,4.1,No,Standard,No,Yes,45,PayPal,Annually
6549,58,Female,Sunglasses,Clothing,103,Vermont,L,Charcoal,Winter,3.2,No,Free Shipping,Yes,No,1,Debit Card,Annually
6550,43,Male,Boots,Outerwear,28,Massachusetts,M,Blue,Spring,2.8,No,Free Shipping,No,No,45,Credit Card,Quarterly
6551,24,Male,Coat,Clothing,30,Alaska,M,Yellow,Winter,3.4,No,Express,No,Yes,4,Venmo,Monthly
6552,46,Female,Blouse,Footwear,97,Georgia,M,Black,Summer,3.4,No,Standard,No,Yes,41,PayPal,Weekly
6553,49,Male,Sweater,Clothing,20,Georgia,L,Charcoal,Winter,2.9,No,Express,No,No,2,Debit Card,Every 3 Months
6554,60,Male,Scarf,Footwear,98,Hawaii,M,Orange,Summer,2.9,No,Express,Yes,No,29,Venmo,Bi-Weekly
6555,18,Male,Socks,Clothing,54,Delaware,M,Gray,Fall,3.2,Yes,2-Day Shipping,No,Yes,24,Cash,Monthly
6556,25,Male,Skirt,Accessories,95,Oregon,M,Black,Fall,3.8,No,Free Shipping,No,Yes,27,PayPal,Fortnightly
6557,28,Female,Sandals,Clothing,25,Illinois,L,Beige,Winter,3.3,Yes,Standard,Yes,No,24,PayPal,Monthly
6558,70,Male,Sunglasses,Accessories,46,Alabama,M,Indigo,Summer,,Yes,Store Pickup,No,No,41,PayPal,Quarterly
6559,50,Female,Shirt,Footwear,63,Colorado,S,Magenta,Summer,4.3,No,Next Day Air,Yes,Yes,5,Credit Card,Weekly
6560,46,Female,Blouse,Footwear,51,Montana,XL,White,Spring,4.7,No,2-Day Shipping,No,Yes,38,Bank Transfer,Bi-Weekly
6561,45,Male,Sweater,Accessories,67,Colorado,M,Indigo,Summer,3.3,No,2-Day Shipping,No,No,12,Credit Card,Quarterly
6562,29,Male,Backpack,Accessories,26,Michigan,M,Violet,Summer,3.7,Yes,Express,Yes,No,46,Credit Card,Annually
6563,50,Male,Boots,Outerwear,76,Rhode Island,XL,Red,Fall,4.7,Yes,Store Pickup,No,No,31,Bank Transfer,Quarterly
6564,20,Female,Handbag,Clothing,43,Iowa,M,Lavender,Winter,2.7,Yes,Standard,Yes,No,25,Debit Card,Annually
6565,68,Female,Jeans,Clothing,18,Louisiana,XL,Lavender,Winter,4.6,Yes,2-Day Shipping,Yes,Yes,21,Cash,Quarterly
6566,61,Male,Blouse,Clothing,47,Delaware,M,Violet,Summer,3.9,No,Free Shipping,No,Yes,37,Credit Card,Fortnightly
6567,32,Male,Shirt,Clothing,24,Massachusetts,L,Lavender,Spring,4.1,No,Store Pickup,No,No,28,Cash,Monthly
6568,40,Female,Sunglasses,Clothing,27,Ohio,M,Lavender,Fall,4.9,No,Free Shipping,Yes,No,1,Credit Card,Weekly
6569,21,Male,Socks,Footwear,53,Vermont,S,Teal,Summer,4.8,No,Free Shipping,Yes,Yes,5,Debit Card,Bi-Weekly
6570,57,Male,Jacket,Clothing,89,Missouri,M,Gold,Fall,4.2,No,Next Day Air,No,Yes,3,Debit Card,Bi-Weekly
6571,38,Male,Jacket,Outerwear,31,Nevada,M,Cyan,Spring,4.0,No,2-Day Shipping,Yes,Yes,3,Cash,Every 3 Months
6572,50,Male,Hoodie,Clothing,53,New Hampshire,L,Indigo,Fall,4.5,No,Express,No,No,46,Cash,Bi-Weekly
6573,25,Male,Socks,Accessories,88,Alaska,L,Silver,Summer,3.7,No,Store Pickup,No,Yes,28,Credit Card,Bi-Weekly
6574,53,Male,Jacket,Clothing,76,Washington,S,Turquoise,Spring,2.9,Yes,Next Day Air,No,No,1,Cash,Annually
6575,54,Male,Hoodie,Clothing,31,Alaska,L,Green,Winter,3.1,Yes,Express,Yes,No,46,Debit Card,Monthly
6576,48,Male,Sneakers,Accessories,65,New Mexico,S,Silver,Summer,2.7,Yes,2-Day Shipping,No,Yes,40,PayPal,Annually
6577,53,Male,Shorts,Footwear,81,Montana,M,Green,Fall,2.7,No,Next Day Air,Yes,No,3,Credit Card,Every 3 Months
6578,69,Female,Jewelry,Clothing,62,Ohio,L,Charcoal,Fall,3.7,No,Store Pickup,No,Yes,28,Venmo,Every 3 Months
6579,50,Female,Belt,Clothing,23,Kansas,M,Peach,Spring,3.9,No,Free Shipping,Yes,No,7,Venmo,Every 3 Months
6580,55,Female,Jeans,Clothing,68,Wyoming,M,Gray,Fall,2.9,No,Express,No,Yes,22,Venmo,Quarterly
6581,70,Female,Sandals,Clothing,37,Delaware,S,White,Winter,5.0,No,Free Shipping,No,Yes,7,Credit Card,Monthly
6582,27,Male,Hat,Footwear,76,Utah,L,Red,Winter,3.8,Yes,2-Day Shipping,No,Yes,9,Venmo,Bi-Weekly
6583,64,Female,Pants,Accessories,75,Kentucky,M,Yellow,Summer,3.4,No,Free Shipping,Yes,Yes,6,Bank Transfer,Annually
6584,37,Male,Pants,Accessories,102,Arkansas,L,Turquoise,Summer,4.9,Yes,Store Pickup,No,Yes,15,PayPal,Bi-Weekly
6585,66,Male,Dress,Clothing,50,Georgia,M,Pink,Winter,3.5,Yes,Free Shipping,Yes,No,3,Credit Card,Monthly
6586,56,Female,Jacket,Accessories,66,Mississippi,M,Gold,Spring,4.1,No,Standard,No,No,39,Debit Card,Quarterly
6587,53,Male,Scarf,Accessories,86,Wisconsin,S,Cyan,Spring,4.5,No,Store Pickup,Yes,Yes,27,Cash,Bi-Weekly
6588,45,Male,Dress,Clothing,93,New Jersey,M,Violet,Winter,3.3,Yes,Standard,No,No,36,Venmo,Weekly
6589,37,Male,Gloves,Footwear,53,New Mexico,L,Brown,Spring,3.0,No,Next Day Air,Yes,No,31,Credit Card,Fortnightly
6590,23,Male,Socks,Clothing,38,Montana,M,Teal,Spring,3.0,No,Next Day Air,Yes,Yes,14,Bank Transfer,Annually
6591,56,Male,Hoodie,Accessories,76,Idaho,M,Gold,Winter,3.7,Yes,2-Day Shipping,No,No,9,Bank Transfer,Quarterly
6592,48,Female,Handbag,Footwear,51,Florida,S,Violet,Fall,3.4,No,Free Shipping,No,No,36,Venmo,Every 3 Months
6593,69,Female,Sweater,Clothing,55,Nevada,L,Magenta,Summer,3.3,No,Standard,No,No,9,Debit Card,Fortnightly
6594,59,Female,Dress,Clothing,75,Delaware,M,Gray,Winter,5.0,Yes,Next Day Air,Yes,No,43,Debit Card,Annually
6595,42,Female,Dress,Accessories,51,Idaho,S,Indigo,Summer,3.8,No,Next Day Air,No,Yes,45,Venmo,Monthly
6596,24,Male,Boots,Outerwear,50,Wisconsin,M,White,Fall,2.7,No,2-Day Shipping,No,No,21,PayPal,Monthly
6597,43,Female,Gloves,Clothing,50,Mississippi,M,Green,Spring,2.6,No,Next Day Air,No,No,36,Bank Transfer,Bi-Weekly
6598,33,Male,Sunglasses,Clothing,48,Iowa,XL,Red,Spring,4.6,No,Store Pickup,No,No,33,Credit Card,Annually
6599,52,Male,Sneakers,Clothing,84,Indiana,L,Lavender,Summer,4.6,No,Next Day Air,Yes,Yes,37,Cash,Weekly
6600,46,Female,Belt,Clothing,64,Connecticut,L,White,Summer,4.7,Yes,Express,Yes,No,49,Debit Card,Quarterly
6601,38,Male,Jeans,Clothing,67,Washington,S,Green,Spring,4.6,No,Next Day Air,No,No,46,Venmo,Quarterly
6602,63,Male,Sandals,Clothing,78,North Carolina,M,Indigo,Fall,2.5,No,Free Shipping,Yes,Yes,2,Bank Transfer,Monthly
6603,54,Male,Skirt,Footwear,76,Idaho,L,Teal,Fall,3.1,Yes,Store Pickup,Yes,No,2,Bank Transfer,Annually
6604,49,Male,Sandals,Clothing,57,California,XL,Silver,Winter,3.3,No,Next Day Air,Yes,Yes,23,Bank Transfer,Quarterly
6605,43,Female,Coat,Outerwear,96,New Hampshire,S,Magenta,Winter,4.7,Yes,Next Day Air,Yes,Yes,13,Cash,Monthly
6606,22,Female,Scarf,Outerwear,54,Maine,L,Charcoal,Fall,4.6,No,Free Shipping,Yes,Yes,5,Bank Transfer,Fortnightly
6607,58,Female,Jeans,Accessories,44,Arizona,XL,Peach,Fall,4.4,No,Store Pickup,No,No,32,Venmo,Monthly
6608,56,Female,Jacket,Clothing,85,Washington,XL,Turquoise,Summer,4.8,Yes,Free Shipping,Yes,Yes,9,Venmo,Monthly
6609,43,Female,Sunglasses,Accessories,61,Utah,M,Teal,Spring,4.8,No,Standard,No,Yes,17,Debit Card,Bi-Weekly
6610,44,Female,Coat,Footwear,70,Iowa,S,Maroon,Spring,3.0,No,Store Pickup,No,No,15,Venmo,Monthly
6611,45,Male,Jacket,Clothing,43,Minnesota,L,Turquoise,Winter,3.2,No,2-Day Shipping,No,Yes,45,Cash,Weekly
6612,32,Female,Sweater,Footwear,18,Maryland,S,Maroon,Spring,3.5,No,Next Day Air,Yes,Yes,14,Venmo,Annually
6613,53,Male,Shirt,Clothing,84,South Dakota,M,Brown,Spring,4.1,Yes,Free Shipping,No,No,15,Cash,Weekly
6614,30,Male,Belt,Accessories,79,Virginia,M,Beige,Spring,5.0,No,Standard,No,No,39,PayPal,Bi-Weekly
6615,51,Female,Shirt,Accessories,95,Wisconsin,XL,Pink,Summer,3.2,No,2-Day Shipping,Yes,No,28,Cash,Annually
6616,24,Male,Pants,Clothing,35,Wyoming,L,Pink,Fall,3.5,No,Next Day Air,No,Yes,48,Venmo,Weekly
6617,52,Male,Hoodie,Accessories,59,Indiana,XL,Indigo,Spring,3.3,Yes,Free Shipping,Yes,No,34,Cash,Fortnightly
6618,40,Male,Dress,Accessories,32,Missouri,S,Pink,Winter,3.7,No,Standard,No,Yes,24,PayPal,Bi-Weekly
6619,18,Male,Jacket,Footwear,61,New York,M,Cyan,Winter,4.5,No,Free Shipping,No,No,44,Credit Card,Fortnightly
6620,40,Male,Backpack,Clothing,97,Tennessee,XL,Blue,Spring,4.8,No,Next Day Air,No,No,49,Credit Card,Quarterly
6621,59,Male,Gloves,Outerwear,84,North Dakota,XL,Gray,Fall,4.9,No,Standard,No,Yes,24,Debit Card,Monthly
6622,66,Male,Scarf,Clothing,16,Missouri,L,Yellow,Spring,2.9,Yes,2-Day Shipping,Yes,Yes,12,Bank Transfer,Weekly
6623,63,Male,Coat,Clothing,35,South Dakota,L,Lavender,Winter,2.6,Yes,Store Pickup,Yes,Yes,2,PayPal,Annually
6624,60,Male,Pants,Clothing,49,West Virginia,XL,Purple,Summer,3.9,No,Express,Yes,No,30,Cash,Bi-Weekly
6625,32,Male,Sweater,Accessories,67,Minnesota,M,Red,Spring,2.5,No,Next Day Air,Yes,No,27,Credit Card,Every 3 Months
6626,38,Male,Shorts,Footwear,48,Texas,M,Maroon,Spring,2.8,No,Standard,No,No,2,PayPal,Annually
6627,63,Female,Coat,Accessories,69,New Mexico,L,Brown,Winter,2.6,No,Express,No,Yes,18,PayPal,Monthly
6628,26,Male,Shorts,Accessories,40,Hawaii,L,Gray,Winter,2.8,No,Store Pickup,No,Yes,43,PayPal,Monthly
6629,49,Female,Hoodie,Clothing,91,Maine,L,Gray,Fall,4.3,Yes,2-Day Shipping,No,No,33,Bank Transfer,Fortnightly
6630,55,Female,Backpack,Footwear,25,Indiana,L,Teal,Spring,3.6,No,Next Day Air,No,Yes,29,Venmo,Annually
6631,55,Male,Shirt,Outerwear,89,Virginia,M,Yellow,Fall,4.0,No,Next Day Air,No,Yes,47,Credit Card,Monthly
6632,58,Female,Backpack,Clothing,34,Alabama,M,Blue,Fall,2.5,Yes,Express,Yes,Yes,39,Bank Transfer,Every 3 Months
6633,18,Male,Scarf,Accessories,82,Georgia,L,Indigo,Spring,4.7,Yes,Standard,No,Yes,7,Debit Card,Weekly
6634,68,Male,Socks,Clothing,46,Colorado,M,Green,Spring,2.9,Yes,Store Pickup,No,No,36,Credit Card,Every 3 Months
6635,33,Male,Backpack,Accessories,75,Rhode Island,M,Lavender,Summer,3.4,No,Store Pickup,Yes,No,18,Debit Card,Fortnightly
6636,53,Male,Shorts,Accessories,48,Illinois,S,Turquoise,Spring,4.3,Yes,Standard,No,Yes,8,Venmo,Weekly
6637,48,Female,Sandals,Footwear,24,Maine,L,Lavender,Spring,3.7,No,Store Pickup,No,Yes,48,Cash,Every 3 Months
6638,47,Male,Shoes,Outerwear,90,Maryland,M,Teal,Fall,3.1,No,2-Day Shipping,Yes,No,9,Credit Card,Annually
6639,65,Male,Coat,Accessories,34,Texas,M,Pink,Fall,4.2,No,Store Pickup,No,No,49,Bank Transfer,Monthly
6640,29,Male,Boots,Clothing,44,Indiana,S,Teal,Summer,4.6,Yes,Next Day Air,Yes,Yes,33,Credit Card,Every 3 Months
6641,27,Female,T-shirt,Clothing,37,Oklahoma,M,Turquoise,Summer,3.1,No,Express,Yes,Yes,5,Cash,Weekly
6642,55,Male,Sandals,Clothing,67,South Carolina,M,Orange,Spring,4.9,No,Standard,Yes,No,27,Credit Card,Annually
6643,49,Female,Shorts,Clothing,58,Georgia,L,Gray,Spring,,No,Express,No,Yes,37,PayPal,Every 3 Months
6644,56,Male,Pants,Accessories,64,California,L,Blue,Fall,2.6,No,Standard,No,Yes,11,Bank Transfer,Bi-Weekly
6645,69,Male,Backpack,Clothing,49,Louisiana,S,Blue,Spring,2.7,No,2-Day Shipping,No,Yes,10,PayPal,Every 3 Months
6646,21,Female,Jeans,Accessories,70,Massachusetts,M,Orange,Winter,4.6,No,Free Shipping,Yes,No,7,Bank Transfer,Quarterly
6647,60,Male,Hat,Footwear,78,Oklahoma,L,Charcoal,Summer,3.2,Yes,Free Shipping,No,Yes,3,Credit Card,Monthly
6648,64,Female,T-shirt,Clothing,68,Wyoming,S,Red,Fall,4.8,No,Next Day Air,Yes,Yes,5,Bank Transfer,Bi-Weekly
6649,42,Male,Hoodie,Clothing,68,Minnesota,M,Green,Summer,4.7,No,Express,Yes,Yes,43,PayPal,Quarterly
6650,45,Male,Hoodie,Accessories,71,Idaho,M,Peach,Winter,2.9,No,Free Shipping,No,No,28,PayPal,Fortnightly
6651,18,Female,Dress,Clothing,99,Iowa,M,Indigo,Spring,3.7,Yes,Store Pickup,No,No,46,Bank Transfer,Every 3 Months
6652,63,Male,Pants,Accessories,104,West Virginia,L,Teal,Fall,3.8,No,2-Day Shipping,No,No,10,Cash,Quarterly
6653,42,Male,Dress,Footwear,29,North Carolina,M,Magenta,Winter,4.7,Yes,Store Pickup,No,No,27,Credit Card,Fortnightly
6654,47,Male,Shirt,Clothing,87,Kansas,M,Yellow,Fall,3.5,Yes,Free Shipping,Yes,Yes,9,Debit Card,Weekly
6655,49,Male,Jacket,Clothing,63,Oklahoma,L,Silver,Winter,3.4,No,Standard,No,Yes,1,Credit Card,Every 3 Months
6656,31,Male,Handbag,Accessories,24,North Carolina,M,Gray,Fall,3.1,No,Next Day Air,No,No,46,Venmo,Fortnightly
6657,62,Male,Boots,Clothing,57,Illinois,M,Maroon,Winter,2.9,No,Standard,Yes,Yes,25,Credit Card,Fortnightly
6658,62,Female,T-shirt,Clothing,45,North Dakota,M,Gold,Winter,2.8,Yes,Express,Yes,No,12,Debit Card,Fortnightly
6659,35,Male,Jeans,Outerwear,86,Florida,M,Green,Fall,3.7,No,Standard,Yes,No,10,Cash,Bi-Weekly
6660,62,Male,Coat,Clothing,32,Iowa,M,Olive,Spring,3.1,No,Next Day Air,Yes,No,15,Cash,Bi-Weekly
6661,65,Male,Pants,Accessories,88,Ohio,M,Blue,Summer,5.0,No,Standard,No,Yes,48,PayPal,Annually
6662,58,Male,Shirt,Accessories,69,Maryland,M,Green,Fall,4.1,Yes,2-Day Shipping,No,No,22,Bank Transfer,Annually
6663,69,Male,Gloves,Clothing,83,Louisiana,M,Blue,Winter,4.1,No,Standard,Yes,No,7,Credit Card,Quarterly
6664,63,Male,Handbag,Accessories,68,Arkansas,S,Purple,Spring,4.3,No,Standard,No,No,30,Venmo,Every 3 Months
6665,64,Male,Shirt,Outerwear,18,Texas,L,Yellow,Winter,3.6,Yes,Free Shipping,No,No,34,Debit Card,Monthly
6666,29,Male,Belt,Clothing,23,Delaware,S,Gold,Winter,4.8,No,2-Day Shipping,No,Yes,12,Debit Card,Bi-Weekly
6667,19,Male,Sneakers,Clothing,88,Tennessee,XL,Beige,Fall,2.5,Yes,Store Pickup,Yes,No,41,Credit Card,Bi-Weekly
6668,63,Male,Skirt,Clothing,20,Oregon,M,Indigo,Spring,4.8,No,Next Day Air,Yes,No,19,Bank Transfer,Bi-Weekly
6669,23,Male,Dress,Accessories,29,Minnesota,S,Lavender,Spring,4.8,Yes,Standard,No,No,5,PayPal,Weekly
6670,35,Male,T-shirt,Footwear,29,Arizona,M,Cyan,Summer,2.8,Yes,2-Day Shipping,No,No,15,Debit Card,Weekly
6671,41,Male,Belt,Clothing,56,California,M,Blue,Spring,4.7,No,Free Shipping,Yes,Yes,21,Venmo,Fortnightly
6672,63,Male,Coat,Accessories,79,Missouri,XL,Violet,Summer,4.0,No,Free Shipping,No,Yes,7,Debit Card,Every 3 Months
6673,56,Male,Jacket,Clothing,70,California,M,Indigo,Summer,3.2,No,2-Day Shipping,Yes,No,9,Venmo,Fortnightly
6674,30,Male,Belt,Clothing,36,Kentucky,M,Red,Winter,3.9,No,Next Day Air,No,No,43,Debit Card,Quarterly
6675,28,Male,Shirt,Footwear,63,Hawaii,S,Cyan,Fall,4.1,No,Next Day Air,Yes,Yes,6,PayPal,Quarterly
6676,27,Male,Pants,Clothing,44,Texas,M,Peach,Spring,3.9,No,2-Day Shipping,Yes,Yes,45,Credit Card,Monthly
6677,38,Male,Sandals,Clothing,82,South Carolina,XL,Violet,Summer,4.2,No,Next Day Air,Yes,No,39,Credit Card,Bi-Weekly
6678,54,Male,Shirt,Accessories,22,Utah,S,Yellow,Fall,3.4,Yes,Next Day Air,Yes,Yes,18,PayPal,Fortnightly
6679,49,Male,Skirt,Clothing,38,Colorado,L,Blue,Winter,3.3,No,2-Day Shipping,Yes,Yes,8,Cash,Monthly
6680,25,Male,Hat,Accessories,36,Montana,S,Charcoal,Spring,4.8,No,Store Pickup,No,No,37,Cash,Monthly
6681,69,Female,Sandals,Accessories,48,Mississippi,XL,Red,Winter,4.7,No,2-Day Shipping,Yes,Yes,46,Bank Transfer,Annually
6682,29,Male,Jacket,Clothing,42,Wisconsin,M,Purple,Fall,4.4,No,2-Day Shipping,No,Yes,10,Venmo,Every 3 Months
6683,64,Male,Hoodie,Accessories,53,Vermont,M,Silver,Winter,3.8,Yes,Store Pickup,No,No,32,PayPal,Weekly
6684,49,Male,Socks,Accessories,82,Alabama,M,Peach,Spring,2.9,Yes,Express,No,Yes,12,Bank Transfer,Monthly
6685,64,Male,Jewelry,Clothing,44,Arizona,M,Blue,Fall,4.9,No,2-Day Shipping,No,No,31,Credit Card,Monthly
6686,56,Male,T-shirt,Clothing,104,Nebraska,M,Pink,Summer,4.7,No,Free Shipping,Yes,Yes,10,Cash,Every 3 Months
6687,29,Male,Sandals,Clothing,61,Virginia,M,Maroon,Winter,2.7,No,Store Pickup,Yes,Yes,1,Venmo,Quarterly
6688,51,Male,Shoes,Footwear,89,Arizona,M,Turquoise,Summer,2.8,No,Standard,No,Yes,48,Bank Transfer,Monthly
6689,33,Male,Scarf,Accessories,36,Arkansas,M,Red,Winter,2.8,No,Store Pickup,No,No,43,PayPal,Quarterly
6690,63,Male,Belt,Footwear,26,Georgia,M,Peach,Summer,4.1,No,Free Shipping,Yes,No,11,PayPal,Fortnightly
6691,35,Male,Pants,Footwear,73,Washington,M,Green,Summer,4.4,No,2-Day Shipping,No,Yes,8,Cash,Annually
6692,22,Male,Jewelry,Footwear,81,Montana,M,Teal,Fall,2.6,No,Store Pickup,No,Yes,18,Credit Card,Fortnightly
6693,19,Male,Scarf,Clothing,87,Maryland,M,Yellow,Spring,3.0,No,Store Pickup,Yes,Yes,38,Bank Transfer,Weekly
6694,23,Male,Hoodie,Accessories,101,Georgia,M,Charcoal,Winter,4.5,No,Next Day Air,No,No,9,Debit Card,Annually
6695,41,Female,Shirt,Accessories,20,Connecticut,S,Beige,Winter,3.2,No,Next Day Air,Yes,No,12,Credit Card,Every 3 Months
6696,48,Male,Hat,Clothing,31,Indiana,S,Gray,Winter,,No,Next Day Air,No,Yes,26,Credit Card,Monthly
6697,31,Male,Dress,Clothing,101,Missouri,L,White,Summer,2.9,Yes,Next Day Air,Yes,No,43,PayPal,Every 3 Months
6698,39,Male,Boots,Clothing,90,Louisiana,L,Magenta,Summer,4.7,No,Next Day Air,No,No,7,Credit Card,Bi-Weekly
6699,36,Male,Sandals,Footwear,46,Hawaii,L,Turquoise,Spring,3.4,No,Standard,No,Yes,1,Bank Transfer,Bi-Weekly
6700,35,Male,Shorts,Clothing,64,Pennsylvania,M,Beige,Spring,3.6,No,2-Day Shipping,No,No,42,Credit Card,Weekly
6701,67,Male,Socks,Outerwear,22,Kentucky,L,Peach,Winter,4.3,Yes,2-Day Shipping,No,No,27,Credit Card,Every 3 Months
6702,42,Male,Backpack,Footwear,86,Virginia,M,Teal,Spring,2.8,No,Standard,Yes,Yes,16,PayPal,Weekly
6703,18,Male,Sweater,Footwear,30,Rhode Island,XL,Silver,Summer,4.5,No,Standard,No,Yes,44,PayPal,Quarterly
6704,52,Male,Socks,Clothing,76,North Dakota,M,Maroon,Summer,3.4,No,Next Day Air,Yes,Yes,5,Credit Card,Quarterly
6705,36,Female,Hat,Accessories,85,New Jersey,M,Orange,Spring,4.3,Yes,Free Shipping,No,No,19,Cash,Weekly
6706,24,Female,Backpack,Clothing,38,Arkansas,M,White,Winter,4.6,No,Store Pickup,No,Yes,48,Debit Card,Every 3 Months
6707,64,Male,Boots,Clothing,38,Texas,L,Magenta,Summer,3.6,Yes,Next Day Air,No,No,3,Cash,Monthly
6708,39,Male,Boots,Clothing,74,Colorado,M,Yellow,Summer,4.3,Yes,Next Day Air,Yes,No,11,Debit Card,Monthly
6709,23,Male,Jeans,Clothing,53,Maine,M,Olive,Fall,2.5,No,2-Day Shipping,Yes,No,14,PayPal,Quarterly
6710,28,Male,Shoes,Clothing,88,Nebraska,S,Gold,Fall,4.4,No,Next Day Air,No,No,15,Bank Transfer,Weekly
6711,34,Male,Sneakers,Footwear,42,Pennsylvania,M,Maroon,Spring,3.9,No,Store Pickup,Yes,No,48,Cash,Every 3 Months
6712,41,Male,Backpack,Footwear,58,Hawaii,M,Violet,Fall,2.9,No,2-Day Shipping,Yes,No,21,PayPal,Every 3 Months
6713,34,Male,Skirt,Accessories,62,Hawaii,M,Gray,Winter,4.0,No,Express,Yes,No,25,Debit Card,Weekly
6714,22,Female,Pants,Accessories,42,Maine,S,Blue,Summer,3.2,No,Standard,No,Yes,35,Bank Transfer,Weekly
6715,42,Male,Gloves,Clothing,51,North Dakota,M,Pink,Fall,2.9,No,Store Pickup,Yes,No,42,Cash,Monthly
6716,53,Female,Sweater,Clothing,70,Tennessee,M,Violet,Summer,4.2,No,2-Day Shipping,Yes,No,42,Credit Card,Every 3 Months
6717,25,Female,Scarf,Clothing,71,Nevada,XL,Indigo,Fall,3.0,Yes,Express,No,No,18,Venmo,Quarterly
6718,18,Male,Jewelry,Clothing,79,Maine,S,Magenta,Summer,3.5,No,Next Day Air,No,No,50,Debit Card,Monthly
6719,60,Male,Handbag,Clothing,63,Idaho,M,Indigo,Winter,3.4,No,Standard,No,Yes,38,Bank Transfer,Weekly
6720,48,Male,Pants,Clothing,103,Oregon,L,Cyan,Fall,4.1,No,Express,No,No,11,Debit Card,Quarterly
6721,56,Female,Sneakers,Accessories,104,Minnesota,M,Maroon,Summer,4.1,No,Express,No,No,48,Bank Transfer,Quarterly
6722,18,Male,Scarf,Outerwear,89,Arkansas,L,Blue,Spring,3.0,No,Express,Yes,Yes,27,Cash,Every 3 Months
6723,61,Male,Pants,Clothing,93,Washington,L,Teal,Fall,4.6,No,Next Day Air,No,Yes,46,PayPal,Monthly
6724,42,Male,Belt,Footwear,83,Nebraska,L,Beige,Winter,4.0,No,Next Day Air,Yes,No,19,Credit Card,Every 3 Months
6725,19,Female,Coat,Footwear,53,Vermont,L,Silver,Fall,2.6,No,Free Shipping,Yes,No,3,Debit Card,Fortnightly
6726,19,Male,Sunglasses,Clothing,18,North Dakota,S,Yellow,Fall,3.1,No,Express,Yes,No,46,Credit Card,Fortnightly
6727,60,Female,Socks,Clothing,63,Delaware,XL,Black,Winter,4.4,No,Store Pickup,No,No,4,Venmo,Annually
6728,56,Male,Sweater,Clothing,43,North Dakota,M,Violet,Fall,4.1,Yes,Free Shipping,No,No,36,Venmo,Fortnightly
6729,29,Male,Backpack,Footwear,78,New Mexico,L,Blue,Spring,2.7,No,Standard,No,No,5,Credit Card,Quarterly
6730,52,Male,Belt,Clothing,74,Mississippi,XL,Olive,Summer,2.7,No,Express,Yes,No,27,Debit Card,Quarterly
6731,68,Male,Sunglasses,Accessories,33,Ohio,XL,Yellow,Winter,3.6,No,Standard,No,No,17,PayPal,Weekly
6732,69,Female,Jewelry,Footwear,42,Tennessee,XL,Yellow,Winter,3.2,No,Express,No,Yes,49,Debit Card,Bi-Weekly
6733,66,Male,Sandals,Accessories,33,Texas,S,Silver,Spring,3.5,No,Free Shipping,Yes,Yes,31,Cash,Monthly
6734,28,Male,Jacket,Footwear,34,Kentucky,L,Maroon,Summer,4.9,No,Free Shipping,No,No,18,PayPal,Weekly
6735,60,Male,Hoodie,Clothing,76,Indiana,L,Beige,Winter,2.6,No,Standard,No,Yes,43,PayPal,Annually
6736,64,Female,Sandals,Clothing,32,Maryland,L,Teal,Spring,2.7,No,Express,Yes,No,24,Debit Card,Bi-Weekly
6737,20,Female,Blouse,Clothing,94,Iowa,L,Charcoal,Spring,3.8,No,Store Pickup,Yes,No,21,Bank Transfer,Weekly
6738,51,Female,Sandals,Accessories,42,North Carolina,L,Black,Summer,3.2,No,Store Pickup,No,Yes,27,Credit Card,Quarterly
6739,62,Male,Shirt,Accessories,44,Texas,M,Peach,Fall,3.5,No,Free Shipping,Yes,No,13,Venmo,Quarterly
6740,30,Male,Jacket,Accessories,44,Connecticut,M,Charcoal,Fall,2.8,No,2-Day Shipping,Yes,No,31,Debit Card,Annually
6741,49,Female,Shoes,Accessories,43,South Carolina,M,Beige,Fall,4.0,No,Express,Yes,No,21,Credit Card,Bi-Weekly
6742,59,Female,Shorts,Clothing,68,Washington,L,Beige,Spring,3.3,Yes,Standard,Yes,No,27,Bank Transfer,Weekly
6743,63,Female,Sandals,Footwear,83,Maryland,M,Lavender,Spring,3.7,No,Free Shipping,No,No,38,Venmo,Bi-Weekly
6744,38,Male,T-shirt,Accessories,93,New York,M,Purple,Spring,3.9,No,Next Day Air,No,Yes,26,Cash,Quarterly
6745,46,Male,Dress,Clothing,28,West Virginia,M,Teal,Summer,4.5,No,Express,No,No,46,Debit Card,Annually
6746,56,Male,Jewelry,Clothing,102,Maine,M,Orange,Summer,4.9,Yes,Standard,No,Yes,35,Bank Transfer,Weekly
6747,46,Male,T-shirt,Clothing,82,Utah,S,Green,Fall,3.4,No,Express,Yes,No,42,Bank Transfer,Every 3 Months
6748,19,Female,Sunglasses,Clothing,36,Connecticut,L,Silver,Spring,4.0,No,Next Day Air,No,No,27,Cash,Monthly
6749,29,Male,Skirt,Accessories,40,Connecticut,L,Brown,Fall,4.1,No,Standard,No,No,7,Cash,Weekly
6750,53,Male,Scarf,Accessories,36,Maryland,M,Maroon,Winter,4.4,No,Store Pickup,Yes,No,21,Debit Card,Weekly
6751,69,Female,Blouse,Footwear,41,West Virginia,M,Indigo,Fall,4.4,No,2-Day Shipping,No,No,50,Cash,Weekly
6752,57,Male,Socks,Clothing,39,Oregon,M,Indigo,Summer,3.0,Yes,2-Day Shipping,No,No,30,Venmo,Monthly
6753,32,Female,Shorts,Clothing,33,Indiana,L,Magenta,Winter,4.4,No,Free Shipping,No,Yes,26,Cash,Every 3 Months
6754,32,Male,Jacket,Footwear,99,Pennsylvania,S,Gray,Fall,3.7,No,Store Pickup,No,No,8,Cash,Monthly
6755,28,Male,Hat,Accessories,25,California,M,Charcoal,Spring,3.4,No,2-Day Shipping,Yes,No,12,Credit Card,Fortnightly
6756,47,Female,Pants,Accessories,56,Colorado,S,Cyan,Winter,4.0,Yes,2-Day Shipping,Yes,No,43,Debit Card,Monthly
6757,57,Female,Shorts,Clothing,58,Missouri,XL,Violet,Fall,4.9,Yes,Standard,No,No,30,Venmo,Every 3 Months
6758,41,Male,Scarf,Accessories,88,Idaho,S,Yellow,Fall,3.6,Yes,Next Day Air,Yes,No,29,Venmo,Quarterly
6759,54,Male,Blouse,Accessories,65,Indiana,S,Silver,Spring,5.0,Yes,Standard,Yes,Yes,11,Bank Transfer,Quarterly
6760,30,Male,Blouse,Accessories,85,Missouri,S,Beige,Fall,2.8,Yes,2-Day Shipping,No,Yes,47,Credit Card,Annually
6761,61,Male,Sneakers,Clothing,65,Wisconsin,L,Beige,Spring,3.1,No,Express,No,Yes,14,Cash,Fortnightly
6762,47,Male,Blouse,Clothing,97,Vermont,S,Pink,Winter,4.1,Yes,Standard,Yes,No,4,Cash,Quarterly
6763,49,Female,T-shirt,Outerwear,66,South Dakota,S,Lavender,Spring,4.6,No,Express,Yes,No,28,Credit Card,Bi-Weekly
6764,69,Male,Pants,Clothing,91,Idaho,M,Yellow,Spring,4.7,Yes,Express,Yes,Yes,7,Venmo,Bi-Weekly
6765,52,Male,Handbag,Outerwear,59,North Dakota,M,Charcoal,Spring,4.9,No,Express,No,Yes,15,PayPal,Weekly
6766,37,Male,Shorts,Outerwear,34,Montana,M,Maroon,Summer,3.4,No,Next Day Air,Yes,No,41,Cash,Annually
6767,61,Male,Shirt,Clothing,33,Georgia,M,Charcoal,Spring,4.1,No,2-Day Shipping,Yes,No,22,Venmo,Annually
6768,43,Female,Socks,Clothing,60,Wisconsin,L,Pink,Winter,3.4,No,Express,No,Yes,4,Bank Transfer,Bi-Weekly
6769,28,Male,Belt,Clothing,55,Georgia,M,Turquoise,Summer,3.4,Yes,Store Pickup,Yes,No,10,Debit Card,Annually
6770,30,Male,Pants,Clothing,40,California,M,Magenta,Summer,4.5,No,Store Pickup,Yes,No,25,Credit Card,Quarterly
6771,55,Male,Socks,Clothing,43,Arizona,M,Peach,Winter,3.9,No,2-Day Shipping,No,No,46,PayPal,Fortnightly
6772,34,Male,Sneakers,Clothing,92,Maryland,XL,Charcoal,Winter,4.6,Yes,2-Day Shipping,No,No,6,Credit Card,Annually
6773,34,Male,Hat,Accessories,99,Arkansas,M,Beige,Winter,4.7,Yes,2-Day Shipping,Yes,No,7,PayPal,Annually
6774,33,Female,Handbag,Footwear,63,Missouri,S,White,Summer,3.1,No,Next Day Air,No,Yes,40,Bank Transfer,Every 3 Months
6775,36,Male,Skirt,Clothing,70,Indiana,L,Silver,Winter,2.7,No,Next Day Air,Yes,Yes,42,Credit Card,Quarterly
6776,32,Male,Skirt,Clothing,28,Vermont,M,Cyan,Spring,3.7,No,2-Day Shipping,Yes,No,2,PayPal,Quarterly
6777,54,Male,Sweater,Clothing,40,Mississippi,M,Red,Spring,4.4,No,2-Day Shipping,No,No,44,PayPal,Quarterly
6778,49,Male,Shirt,Accessories,61,Idaho,L,Black,Winter,5.0,No,Free Shipping,Yes,Yes,23,Credit Card,Quarterly
6779,36,Male,Belt,Outerwear,87,Illinois,M,Yellow,Summer,2.9,No,Standard,Yes,No,15,Venmo,Fortnightly
6780,53,Male,Sweater,Clothing,57,New York,M,Blue,Summer,4.1,No,2-Day Shipping,Yes,No,30,Credit Card,Every 3 Months
6781,66,Male,Boots,Accessories,107,South Carolina,L,Magenta,Fall,3.3,Yes,Express,No,Yes,35,Debit Card,Bi-Weekly
6782,44,Female,Blouse,Accessories,73,South Dakota,XL,Pink,Spring,4.6,Yes,Store Pickup,Yes,No,39,PayPal,Annually
6783,40,Male,Jewelry,Clothing,66,Vermont,L,Purple,Summer,3.1,No,Free Shipping,No,Yes,20,PayPal,Quarterly
6784,24,Male,Belt,Accessories,96,North Carolina,XL,Black,Summer,3.3,Yes,Next Day Air,Yes,No,10,Debit Card,Every 3 Months
6785,37,Male,Belt,Footwear,53,Texas,L,Beige,Winter,3.3,No,2-Day Shipping,Yes,No,28,PayPal,Bi-Weekly
6786,66,Male,Blouse,Clothing,86,Ohio,S,Teal,Summer,3.7,No,2-Day Shipping,Yes,Yes,1,PayPal,Bi-Weekly
6787,66,Male,Jacket,Accessories,76,Delaware,M,Brown,Spring,3.3,Yes,2-Day Shipping,No,Yes,20,Cash,Monthly
6788,51,Male,T-shirt,Clothing,70,Idaho,XL,Teal,Winter,3.4,No,Store Pickup,No,Yes,21,Credit Card,Annually
6789,32,Male,Jacket,Accessories,97,Arizona,L,Blue,Summer,3.9,Yes,Next Day Air,No,No,46,Bank Transfer,Every 3 Months
6790,67,Male,Sneakers,Clothing,90,Hawaii,L,Gray,Spring,3.8,Yes,Store Pickup,No,No,17,Credit Card,Fortnightly
6791,61,Male,Sandals,Accessories,86,Illinois,L,Peach,Spring,2.5,No,Next Day Air,No,No,32,Venmo,Fortnightly
6792,68,Male,Hoodie,Clothing,102,Illinois,M,Pink,Fall,4.0,Yes,Next Day Air,No,Yes,21,Credit Card,Monthly
6793,69,Male,T-shirt,Clothing,23,South Carolina,M,Teal,Spring,3.5,Yes,2-Day Shipping,No,No,39,Cash,Annually
6794,46,Male,Sandals,Outerwear,71,Arkansas,S,Yellow,Summer,4.0,No,Store Pickup,No,No,34,PayPal,Fortnightly
6795,56,Female,Shirt,Accessories,85,North Carolina,S,Violet,Summer,2.8,No,Free Shipping,No,No,7,PayPal,Quarterly
6796,26,Male,Backpack,Clothing,74,South Dakota,S,Black,Spring,4.1,No,Store Pickup,Yes,No,18,Venmo,Monthly
6797,20,Female,Sneakers,Accessories,45,Delaware,M,Violet,Spring,2.8,No,Standard,No,No,3,Bank Transfer,Weekly
6798,27,Male,Boots,Accessories,24,California,S,Teal,Winter,4.2,No,Free Shipping,No,No,11,Cash,Quarterly
6799,56,Male,Sweater,Clothing,96,West Virginia,S,Black,Winter,5.0,Yes,Store Pickup,Yes,No,34,Cash,Fortnightly
6800,19,Male,Blouse,Accessories,71,Illinois,L,Turquoise,Winter,4.4,No,Express,Yes,No,33,PayPal,Bi-Weekly
6801,57,Female,Sunglasses,Clothing,33,Nebraska,L,Turquoise,Summer,2.7,Yes,Standard,No,Yes,28,Cash,Monthly
6802,42,Male,Gloves,Outerwear,14,Hawaii,M,Green,Spring,2.9,No,Standard,No,No,49,Bank Transfer,Annually
6803,45,Female,Hat,Accessories,84,Alaska,L,Olive,Fall,4.5,No,Express,No,No,12,Debit Card,Bi-Weekly
6804,43,Male,Sweater,Footwear,33,Wyoming,M,Charcoal,Fall,3.6,No,Free Shipping,No,No,19,Venmo,Quarterly
6805,35,Male,Shirt,Accessories,51,Delaware,L,Lavender,Summer,4.3,Yes,Standard,No,Yes,38,PayPal,Bi-Weekly
6806,51,Male,Socks,Clothing,25,New York,L,Violet,Fall,4.1,Yes,Store Pickup,Yes,Yes,6,Venmo,Monthly
6807,61,Female,Gloves,Clothing,40,Hawaii,M,Maroon,Winter,3.9,No,2-Day Shipping,Yes,No,30,Cash,Weekly
6808,56,Male,Blouse,Clothing,57,Maine,L,Gray,Summer,3.1,No,Express,Yes,No,26,Cash,Annually
6809,59,Male,Sweater,Footwear,75,Kentucky,M,Pink,Spring,4.8,Yes,Free Shipping,No,No,35,Bank Transfer,Every 3 Months
6810,29,Male,Sandals,Footwear,59,Oregon,L,Blue,Summer,3.7,No,2-Day Shipping,Yes,No,8,Bank Transfer,Fortnightly
6811,63,Female,Socks,Accessories,96,Illinois,L,Maroon,Summer,3.2,No,2-Day Shipping,No,Yes,27,Debit Card,Annually
6812,50,Female,T-shirt,Clothing,60,Nebraska,L,Gold,Fall,3.3,No,2-Day Shipping,No,No,32,Credit Card,Monthly
6813,20,Female,T-shirt,Clothing,84,Nevada,M,Silver,Spring,4.5,No,Express,No,Yes,47,Bank Transfer,Fortnightly
6814,45,Male,Belt,Footwear,61,Wyoming,M,Purple,Summer,3.9,Yes,Next Day Air,Yes,Yes,31,Venmo,Quarterly
6815,65,Male,Gloves,Clothing,99,Maine,S,Turquoise,Spring,3.3,No,Standard,No,Yes,18,Debit Card,Annually
6816,68,Male,Gloves,Outerwear,97,Idaho,M,Gold,Summer,2.7,Yes,Store Pickup,Yes,Yes,23,PayPal,Every 3 Months
6817,30,Male,Jacket,Outerwear,50,Indiana,L,Black,Winter,4.1,No,Next Day Air,No,Yes,32,Cash,Fortnightly
6818,49,Male,T-shirt,Footwear,34,Mississippi,M,Silver,Winter,3.5,No,Express,Yes,Yes,21,Venmo,Annually
6819,59,Male,Dress,Clothing,105,Maryland,M,Violet,Spring,4.6,No,Store Pickup,Yes,Yes,18,Bank Transfer,Monthly
6820,52,Male,Hoodie,Accessories,59,Michigan,M,Gray,Winter,2.8,No,Express,Yes,Yes,24,Bank Transfer,Every 3 Months
6821,60,Male,Handbag,Footwear,28,Georgia,L,Beige,Fall,4.3,No,Standard,Yes,No,31,Debit Card,Quarterly
6822,34,Female,Shirt,Accessories,58,Arizona,XL,Blue,Winter,3.2,Yes,Free Shipping,Yes,No,21,Credit Card,Bi-Weekly
6823,37,Male,Dress,Outerwear,96,Maine,M,White,Winter,4.9,No,Free Shipping,No,No,1,Bank Transfer,Every 3 Months
6824,30,Male,Backpack,Clothing,58,Vermont,S,Green,Fall,3.3,No,Store Pickup,No,No,35,Venmo,Monthly
6825,64,Male,Sandals,Clothing,65,North Carolina,S,Indigo,Fall,3.0,No,2-Day Shipping,Yes,No,31,PayPal,Quarterly
6826,56,Female,Skirt,Outerwear,84,Michigan,L,Red,Fall,4.7,No,2-Day Shipping,Yes,No,34,Venmo,Weekly
6827,43,Male,Handbag,Clothing,48,California,M,Gray,Fall,3.9,No,Store Pickup,No,No,20,Venmo,Quarterly
6828,32,Male,Sunglasses,Accessories,103,Florida,XL,Maroon,Winter,2.5,No,Standard,Yes,No,11,Venmo,Annually
6829,49,Male,Shoes,Accessories,46,New York,L,Brown,Spring,4.3,No,Standard,No,Yes,42,Bank Transfer,Quarterly
6830,45,Female,Dress,Clothing,56,Texas,L,Red,Fall,3.6,Yes,Store Pickup,Yes,Yes,3,Bank Transfer,Fortnightly
6831,59,Female,Belt,Clothing,50,Delaware,M,Red,Spring,4.0,No,Express,Yes,No,18,Cash,Quarterly
6832,45,Male,Boots,Clothing,76,Georgia,M,Gold,Summer,3.7,No,2-Day Shipping,Yes,Yes,23,Credit Card,Quarterly
6833,54,Male,Sneakers,Accessories,31,Arkansas,L,Violet,Fall,2.6,No,2-Day Shipping,Yes,Yes,45,Bank Transfer,Every 3 Months
6834,62,Male,Blouse,Accessories,96,Alaska,M,Teal,Spring,3.2,No,Next Day Air,No,No,40,Venmo,Bi-Weekly
6835,65,Male,Gloves,Clothing,91,Georgia,M,Beige,Winter,4.5,Yes,Free Shipping,No,No,34,Bank Transfer,Monthly
6836,27,Male,Shirt,Outerwear,24,Idaho,L,Gray,Winter,3.7,No,Standard,No,Yes,49,PayPal,Every 3 Months
6837,39,Female,Scarf,Outerwear,35,Vermont,M,Magenta,Winter,3.8,Yes,Next Day Air,No,No,46,Cash,Annually
6838,26,Male,Handbag,Outerwear,60,Minnesota,M,Silver,Winter,4.3,No,Store Pickup,No,No,19,Debit Card,Every 3 Months
6839,53,Male,Backpack,Accessories,22,Alaska,L,Charcoal,Summer,3.3,No,Standard,Yes,Yes,41,Credit Card,Bi-Weekly
6840,56,Male,Sneakers,Outerwear,38,New York,L,Purple,Summer,3.2,No,Next Day Air,Yes,No,17,Venmo,Fortnightly
6841,47,Male,Jeans,Outerwear,98,Iowa,M,Silver,Winter,4.3,No,Store Pickup,Yes,No,6,Cash,Fortnightly
6842,54,Female,Boots,Accessories,50,Arizona,L,Olive,Spring,3.7,No,Free Shipping,Yes,No,21,Cash,Every 3 Months
6843,50,Male,Pants,Clothing,79,Georgia,S,Red,Winter,3.3,No,Next Day Air,Yes,No,29,Credit Card,Bi-Weekly
6844,66,Male,Hoodie,Clothing,66,California,L,Peach,Summer,2.7,Yes,2-Day Shipping,No,No,11,PayPal,Monthly
6845,40,Male,Shorts,Accessories,66,Illinois,S,White,Fall,4.7,Yes,Next Day Air,Yes,Yes,16,Bank Transfer,Fortnightly
6846,30,Female,Hat,Footwear,98,Montana,M,Gray,Spring,3.1,Yes,Next Day Air,No,Yes,11,Credit Card,Fortnightly
6847,29,Male,Gloves,Accessories,56,New Hampshire,XL,Magenta,Spring,4.7,Yes,2-Day Shipping,No,No,5,Venmo,Quarterly
6848,50,Male,Shirt,Clothing,29,Maryland,M,Lavender,Summer,2.5,No,Store Pickup,No,No,47,PayPal,Fortnightly
6849,65,Male,Sweater,Accessories,97,New Jersey,L,Blue,Fall,3.3,No,2-Day Shipping,Yes,Yes,11,Cash,Bi-Weekly
6850,62,Female,Jewelry,Clothing,77,Hawaii,M,Gray,Spring,3.7,No,Free Shipping,No,Yes,45,Bank Transfer,Annually
6851,45,Female,Coat,Accessories,42,Arkansas,M,Brown,Winter,3.5,No,2-Day Shipping,No,No,48,Debit Card,Bi-Weekly
6852,45,Male,Pants,Clothing,91,Montana,XL,Charcoal,Fall,4.4,No,2-Day Shipping,No,No,10,Venmo,Quarterly
6853,60,Female,Socks,Clothing,97,Oklahoma,L,Peach,Winter,4.3,No,Next Day Air,No,No,12,Cash,Quarterly
6854,59,Male,Blouse,Accessories,83,Massachusetts,S,Beige,Winter,4.2,No,Express,No,No,15,Cash,Every 3 Months
6855,51,Male,Shirt,Clothing,87,Florida,L,Beige,Summer,4.2,Yes,Store Pickup,No,Yes,39,Bank Transfer,Weekly
6856,34,Male,Gloves,Clothing,61,Illinois,M,Green,Winter,3.6,No,Free Shipping,Yes,No,30,Bank Transfer,Weekly
6857,55,Male,Socks,Outerwear,60,Indiana,L,Red,Winter,4.7,No,Next Day Air,Yes,No,13,Bank Transfer,Fortnightly
6858,51,Female,Dress,Clothing,20,Arkansas,S,Olive,Spring,2.7,No,Store Pickup,Yes,Yes,9,Bank Transfer,Monthly
6859,36,Female,Coat,Footwear,59,Ohio,XL,Turquoise,Fall,2.6,No,Next Day Air,No,Yes,16,Credit Card,Monthly
6860,47,Male,T-shirt,Accessories,38,Pennsylvania,L,Olive,Winter,4.8,Yes,Standard,No,Yes,3,Cash,Quarterly
6861,30,Male,Sweater,Accessories,66,Maine,M,Lavender,Winter,4.9,No,Next Day Air,No,No,39,Bank Transfer,Annually
6862,27,Male,Backpack,Footwear,19,Georgia,XL,Charcoal,Fall,3.0,Yes,Standard,No,No,39,Credit Card,Monthly
6863,41,Male,Sunglasses,Footwear,46,Maine,M,Peach,Spring,4.0,Yes,Standard,No,No,45,Venmo,Quarterly
6864,59,Male,Pants,Footwear,39,South Carolina,S,Teal,Summer,3.7,No,Free Shipping,Yes,No,29,Venmo,Bi-Weekly
6865,59,Male,Boots,Footwear,54,Georgia,M,Pink,Fall,3.9,No,Free Shipping,No,Yes,30,Bank Transfer,Annually
6866,59,Male,Sweater,Clothing,45,Arizona,M,Green,Spring,3.6,No,Free Shipping,No,No,24,Debit Card,Every 3 Months
6867,37,Male,Boots,Footwear,58,Maine,L,Purple,Fall,3.3,No,2-Day Shipping,Yes,No,23,Bank Transfer,Weekly
6868,32,Male,Shorts,Outerwear,86,Massachusetts,L,Pink,Winter,4.0,No,Free Shipping,No,No,25,Credit Card,Quarterly
6869,51,Male,Jacket,Accessories,82,Louisiana,S,Beige,Spring,3.8,No,Store Pickup,No,No,32,Venmo,Annually
6870,62,Female,Shirt,Clothing,34,New Mexico,M,Gold,Fall,2.6,No,Free Shipping,Yes,Yes,1,Credit Card,Monthly
6871,56,Male,Jeans,Outerwear,101,Pennsylvania,M,Maroon,Summer,3.1,No,Express,Yes,Yes,3,Cash,Fortnightly
6872,59,Female,Coat,Clothing,82,Mississippi,XL,Peach,Summer,2.9,No,Standard,Yes,No,14,Cash,Quarterly
6873,40,Female,Shirt,Outerwear,29,Virginia,XL,Orange,Fall,4.1,Yes,Standard,Yes,No,33,Venmo,Quarterly
6874,37,Male,Sunglasses,Accessories,46,Idaho,S,Charcoal,Spring,4.6,Yes,Free Shipping,No,No,16,Credit Card,Monthly
6875,61,Female,Sweater,Clothing,46,Maryland,XL,Indigo,Winter,3.0,No,Standard,Yes,No,1,Bank Transfer,Bi-Weekly
6876,49,Male,Hoodie,Footwear,62,Georgia,M,Magenta,Fall,3.2,No,Standard,Yes,No,1,Debit Card,Every 3 Months
6877,18,Male,Boots,Clothing,12,New York,XL,Gray,Winter,4.8,No,Standard,Yes,Yes,26,Bank Transfer,Quarterly
6878,25,Male,T-shirt,Clothing,81,Georgia,XL,Indigo,Winter,2.5,No,Express,No,No,21,Bank Transfer,Quarterly
6879,32,Male,Sandals,Footwear,22,Maryland,M,Turquoise,Winter,3.6,No,Express,No,No,47,PayPal,Weekly
6880,38,Female,Dress,Footwear,83,South Carolina,M,Black,Fall,2.7,No,Store Pickup,No,Yes,29,Debit Card,Quarterly
6881,41,Female,Shorts,Clothing,72,California,S,Maroon,Summer,4.1,No,Next Day Air,Yes,Yes,17,Cash,Every 3 Months
6882,65,Male,Scarf,Accessories,49,Washington,M,Black,Spring,4.5,No,Next Day Air,No,Yes,44,Bank Transfer,Weekly
6883,18,Female,Gloves,Clothing,58,Wisconsin,L,Indigo,Summer,3.2,No,2-Day Shipping,No,No,7,Credit Card,Weekly
6884,35,Male,Scarf,Accessories,76,Rhode Island,M,Gold,Winter,3.1,No,Next Day Air,No,Yes,13,Bank Transfer,Monthly
6885,18,Male,Socks,Accessories,72,Delaware,S,Blue,Spring,2.7,No,2-Day Shipping,No,No,3,Venmo,Every 3 Months
6886,59,Female,Shorts,Footwear,61,Oregon,L,Cyan,Spring,4.6,Yes,2-Day Shipping,No,No,40,PayPal,Quarterly
6887,55,Male,Shorts,Clothing,39,West Virginia,S,Brown,Fall,3.1,No,Next Day Air,No,Yes,6,PayPal,Bi-Weekly
6888,33,Male,Hat,Clothing,30,Delaware,L,Lavender,Summer,4.7,No,Next Day Air,Yes,Yes,38,Venmo,Annually
6889,48,Female,Pants,Accessories,24,Kentucky,M,Gold,Summer,4.3,No,Standard,No,No,42,PayPal,Weekly
6890,26,Male,Shoes,Accessories,72,Alabama,M,Magenta,Winter,2.6,No,Standard,Yes,No,8,Credit Card,Weekly
6891,57,Male,Coat,Accessories,34,North Dakota,M,Teal,Fall,3.7,No,Free Shipping,Yes,Yes,31,Venmo,Fortnightly
6892,31,Female,Sandals,Clothing,29,Maryland,M,White,Winter,2.9,No,Next Day Air,Yes,No,34,Venmo,Bi-Weekly
6893,25,Male,T-shirt,Accessories,24,Kentucky,M,Black,Summer,,No,2-Day Shipping,No,Yes,36,Cash,Weekly
6894,21,Male,Sunglasses,Clothing,32,Louisiana,XL,Orange,Summer,3.2,Yes,Express,No,No,38,PayPal,Bi-Weekly
6895,64,Female,Coat,Accessories,33,Delaware,XL,Indigo,Summer,3.0,No,Standard,Yes,No,47,Venmo,Every 3 Months
6896,53,Female,Blouse,Accessories,57,West Virginia,M,Gold,Fall,4.3,No,Free Shipping,No,No,15,Venmo,Monthly
6897,57,Male,Shirt,Footwear,43,Illinois,S,Lavender,Winter,3.9,Yes,Store Pickup,Yes,No,48,Credit Card,Fortnightly
6898,27,Male,Coat,Clothing,40,Illinois,M,Lavender,Winter,4.8,No,Store Pickup,Yes,No,19,Venmo,Fortnightly
6899,42,Male,Jewelry,Clothing,56,Nebraska,L,Green,Spring,3.4,No,Next Day Air,No,No,22,PayPal,Fortnightly
6900,67,Male,Backpack,Accessories,36,Rhode Island,M,Blue,Summer,4.1,No,2-Day Shipping,Yes,Yes,14,Cash,Fortnightly
6901,28,Female,Hoodie,Clothing,64,Montana,S,Charcoal,Fall,5.0,No,Free Shipping,No,No,45,Venmo,Bi-Weekly
6902,62,Male,Sunglasses,Clothing,99,Arizona,L,Green,Summer,3.7,No,Express,No,Yes,10,Credit Card,Every 3 Months
6903,28,Male,Skirt,Accessories,76,Washington,L,Violet,Spring,4.6,No,Next Day Air,Yes,Yes,22,PayPal,Fortnightly
6904,63,Female,Handbag,Accessories,100,Washington,S,Turquoise,Summer,2.8,No,Free Shipping,No,No,25,Bank Transfer,Weekly
6905,35,Male,Coat,Accessories,72,Vermont,L,Teal,Spring,2.9,No,Standard,No,Yes,6,Venmo,Fortnightly
6906,28,Female,Hat,Accessories,84,South Dakota,XL,Brown,Summer,2.9,Yes,Express,No,No,3,Bank Transfer,Fortnightly
6907,36,Female,Shirt,Footwear,95,Missouri,S,Cyan,Summer,3.9,Yes,2-Day Shipping,No,Yes,33,Cash,Weekly
6908,46,Male,Boots,Footwear,16,Wyoming,S,Indigo,Summer,4.8,No,Standard,Yes,Yes,2,Bank Transfer,Monthly
6909,39,Male,Backpack,Outerwear,77,Montana,M,White,Winter,3.0,Yes,Standard,Yes,No,40,Bank Transfer,Weekly
6910,57,Female,Jewelry,Accessories,25,Virginia,M,Gold,Fall,2.8,No,Express,No,No,45,PayPal,Weekly
6911,36,Male,Shirt,Clothing,80,Montana,L,Pink,Winter,3.8,Yes,Next Day Air,No,No,44,Credit Card,Quarterly
6912,27,Male,Belt,Clothing,58,Oklahoma,M,Red,Fall,3.7,No,Free Shipping,Yes,Yes,12,PayPal,Fortnightly
6913,62,Male,Backpack,Accessories,72,Tennessee,L,Turquoise,Spring,2.9,No,Next Day Air,No,No,35,Cash,Annually
6914,24,Female,Sunglasses,Clothing,59,Montana,M,Brown,Winter,3.0,Yes,Free Shipping,No,No,15,Venmo,Every 3 Months
6915,18,Female,Scarf,Accessories,70,Arizona,L,Silver,Fall,3.2,No,Free Shipping,No,Yes,14,Bank Transfer,Weekly
6916,31,Male,Gloves,Accessories,42,Washington,L,Magenta,Fall,4.3,No,2-Day Shipping,No,No,7,Cash,Fortnightly
6917,38,Male,Pants,Accessories,56,Nevada,M,Yellow,Spring,4.8,No,Express,Yes,No,27,PayPal,Annually
6918,55,Male,Sandals,Accessories,99,Kentucky,L,Brown,Fall,3.1,Yes,2-Day Shipping,Yes,Yes,25,PayPal,Annually
6919,26,Male,Blouse,Clothing,23,Tennessee,S,Indigo,Winter,3.3,Yes,Store Pickup,No,No,27,Debit Card,Annually
6920,63,Male,Sweater,Footwear,37,California,S,Violet,Fall,2.5,Yes,Express,No,No,24,Venmo,Fortnightly
6921,69,Male,Gloves,Footwear,66,Montana,S,Violet,Spring,3.5,No,Store Pickup,Yes,No,13,Credit Card,Annually
6922,53,Male,Shoes,Outerwear,27,Illinois,M,Indigo,Fall,4.8,No,Free Shipping,No,No,24,Bank Transfer,Fortnightly
6923,64,Male,Sweater,Clothing,49,Louisiana,L,Silver,Fall,2.6,No,Free Shipping,No,No,11,Cash,Weekly
6924,53,Male,Jacket,Outerwear,84,Texas,L,Silver,Winter,3.2,No,2-Day Shipping,No,Yes,28,Cash,Annually
6925,38,Female,Sunglasses,Clothing,64,Delaware,S,Violet,Winter,3.4,No,2-Day Shipping,Yes,Yes,28,Bank Transfer,Fortnightly
6926,32,Male,Coat,Clothing,91,Arizona,L,Purple,Fall,3.1,No,Store Pickup,No,No,10,Debit Card,Weekly
6927,21,Male,Sunglasses,Accessories,92,Alaska,XL,Orange,Fall,5.0,No,Standard,No,No,43,Debit Card,Fortnightly
6928,20,Female,Hat,Accessories,95,Massachusetts,M,Maroon,Summer,3.8,No,Store Pickup,No,Yes,48,Credit Card,Quarterly
6929,66,Male,Hat,Clothing,102,New Mexico,XL,Purple,Spring,3.5,No,Store Pickup,No,Yes,46,Venmo,Annually
6930,27,Female,Shorts,Clothing,91,Rhode Island,M,Black,Spring,3.2,Yes,Next Day Air,No,Yes,46,Venmo,Fortnightly
6931,50,Male,Belt,Accessories,93,Minnesota,L,Cyan,Spring,3.6,Yes,Store Pickup,Yes,No,16,Debit Card,Weekly
6932,27,Male,Sweater,Footwear,33,New Hampshire,L,Green,Winter,4.9,No,Store Pickup,Yes,No,46,PayPal,Every 3 Months
6933,18,Male,Sandals,Clothing,94,Missouri,S,Gold,Winter,4.6,No,Next Day Air,No,Yes,29,Cash,Annually
6934,58,Female,Jewelry,Footwear,100,Wyoming,L,Yellow,Summer,4.4,No,Standard,Yes,No,45,Credit Card,Fortnightly
6935,53,Male,Sneakers,Accessories,40,Arkansas,L,Purple,Summer,3.8,No,Store Pickup,No,No,32,PayPal,Monthly
6936,52,Male,T-shirt,Accessories,87,Montana,M,Lavender,Summer,3.4,No,Standard,No,Yes,35,Credit Card,Every 3 Months
6937,31,Male,T-shirt,Outerwear,52,Kentucky,XL,Orange,Fall,2.6,No,Express,No,No,41,Debit Card,Annually
6938,43,Female,Belt,Accessories,95,Alaska,S,Olive,Winter,2.5,No,Express,No,Yes,3,PayPal,Fortnightly
6939,54,Male,Gloves,Clothing,92,Arizona,L,Peach,Winter,3.2,Yes,Store Pickup,No,Yes,13,PayPal,Annually
6940,51,Male,Backpack,Footwear,59,Utah,M,Orange,Fall,4.0,No,Standard,No,Yes,9,Credit Card,Every 3 Months
6941,35,Female,Sunglasses,Clothing,73,Nevada,M,Red,Spring,3.9,No,Standard,Yes,No,14,Credit Card,Quarterly
6942,66,Female,Coat,Clothing,92,Maine,M,Turquoise,Spring,4.6,No,Express,Yes,No,34,Venmo,Fortnightly
6943,27,Male,Pants,Clothing,78,New Mexico,L,Beige,Fall,3.3,Yes,2-Day Shipping,No,Yes,39,Debit Card,Fortnightly
6944,36,Female,Gloves,Clothing,43,Hawaii,M,Silver,Winter,3.4,No,Standard,Yes,No,39,Bank Transfer,Annually
6945,30,Male,Skirt,Footwear,62,New Jersey,S,Maroon,Summer,3.9,Yes,Next Day Air,No,No,14,Debit Card,Monthly
6946,62,Male,Boots,Outerwear,80,Michigan,XL,Cyan,Summer,4.3,No,Next Day Air,No,Yes,13,Cash,Quarterly
6947,22,Male,Sunglasses,Outerwear,74,South Carolina,S,Red,Spring,4.7,No,Express,Yes,No,8,PayPal,Fortnightly
6948,48,Male,Socks,Clothing,85,New Hampshire,S,Maroon,Winter,2.7,Yes,Standard,No,Yes,29,Credit Card,Every 3 Months
6949,42,Female,Sunglasses,Outerwear,88,Maine,S,Gold,Summer,4.1,No,Store Pickup,Yes,Yes,13,Credit Card,Monthly
6950,23,Male,Shorts,Accessories,37,Wyoming,M,Magenta,Summer,2.7,No,2-Day Shipping,Yes,No,48,Cash,Quarterly
6951,28,Male,Sandals,Clothing,92,Illinois,M,Olive,Spring,3.4,No,Free Shipping,No,Yes,11,PayPal,Every 3 Months
6952,42,Female,Backpack,Footwear,25,Arizona,M,Beige,Spring,4.4,No,Free Shipping,No,Yes,46,Credit Card,Quarterly
6953,24,Male,Handbag,Accessories,58,Oklahoma,M,Brown,Summer,3.6,No,Free Shipping,No,Yes,25,Bank Transfer,Every 3 Months
6954,27,Male,Sweater,Clothing,37,Vermont,M,Brown,Summer,2.8,No,Standard,No,Yes,35,Debit Card,Fortnightly
6955,29,Female,Jeans,Clothing,53,Oklahoma,S,Olive,Winter,4.7,No,Standard,No,Yes,39,Cash,Every 3 Months
6956,56,Male,Jewelry,Clothing,78,Oregon,S,Orange,Winter,4.1,Yes,Standard,No,No,35,Cash,Annually
6957,54,Male,Shirt,Clothing,96,North Carolina,S,Yellow,Summer,3.9,Yes,Standard,No,No,10,PayPal,Fortnightly
6958,50,Female,Jewelry,Clothing,50,Wyoming,M,Beige,Summer,3.6,No,Free Shipping,Yes,No,14,Credit Card,Monthly
6959,19,Male,Sunglasses,Accessories,72,Virginia,M,White,Summer,4.6,No,Express,Yes,Yes,22,Bank Transfer,Quarterly
6960,25,Female,Belt,Footwear,100,Mississippi,M,Violet,Fall,4.6,No,Express,No,Yes,23,Credit Card,Weekly
6961,46,Male,Scarf,Clothing,27,Indiana,L,Cyan,Fall,3.2,No,Next Day Air,No,No,30,Venmo,Bi-Weekly
6962,69,Male,Sandals,Accessories,41,New York,L,Yellow,Summer,4.7,Yes,Free Shipping,Yes,No,48,Cash,Every 3 Months
6963,36,Female,Skirt,Accessories,78,North Dakota,M,Orange,Spring,2.5,Yes,2-Day Shipping,Yes,Yes,4,Debit Card,Monthly
6964,21,Male,Backpack,Footwear,52,Wisconsin,L,Charcoal,Spring,3.8,No,Store Pickup,Yes,No,7,Venmo,Monthly
6965,39,Female,Blouse,Clothing,50,New Mexico,M,Teal,Winter,4.0,No,Standard,Yes,No,24,Debit Card,Quarterly
6966,27,Female,Handbag,Clothing,93,Louisiana,M,Orange,Summer,4.3,No,Store Pickup,Yes,No,11,Bank Transfer,Weekly
6967,36,Female,Sweater,Accessories,27,Kentucky,L,Silver,Spring,4.1,No,Express,No,Yes,17,Credit Card,Bi-Weekly
6968,19,Male,Blouse,Accessories,75,Vermont,M,Cyan,Summer,5.0,No,Next Day Air,No,Yes,35,PayPal,Monthly
6969,68,Male,Socks,Clothing,53,Pennsylvania,M,Charcoal,Spring,3.9,No,Standard,No,Yes,17,Credit Card,Monthly
6970,43,Female,Pants,Footwear,33,Tennessee,L,Teal,Summer,2.9,Yes,Free Shipping,Yes,Yes,44,Debit Card,Every 3 Months
6971,59,Male,Hat,Clothing,49,New Hampshire,M,White,Fall,4.2,No,2-Day Shipping,No,Yes,3,PayPal,Bi-Weekly
6972,38,Male,Sunglasses,Clothing,32,Oklahoma,M,Gray,Summer,4.9,No,2-Day Shipping,No,Yes,3,Bank Transfer,Monthly
6973,40,Female,Sweater,Clothing,72,Florida,S,Teal,Winter,4.5,No,Express,Yes,Yes,41,Venmo,Weekly
6974,19,Female,Coat,Accessories,98,Louisiana,M,Peach,Spring,2.5,Yes,Store Pickup,No,No,35,Cash,Every 3 Months
6975,38,Female,Socks,Clothing,78,North Dakota,S,Teal,Summer,3.9,No,Next Day Air,No,Yes,15,Cash,Annually
6976,26,Female,Skirt,Footwear,70,New Mexico,M,Pink,Winter,2.8,No,2-Day Shipping,Yes,Yes,6,Bank Transfer,Annually
6977,23,Male,Shirt,Clothing,24,Ohio,M,Olive,Summer,4.0,Yes,Next Day Air,Yes,Yes,6,Credit Card,Every 3 Months
6978,68,Male,Shorts,Clothing,84,Virginia,M,Black,Summer,4.2,No,Standard,Yes,Yes,18,Debit Card,Weekly
6979,66,Female,Shirt,Outerwear,108,Alaska,M,Purple,Spring,4.3,Yes,Next Day Air,Yes,Yes,33,PayPal,Quarterly
6980,27,Male,Handbag,Footwear,47,New Jersey,XL,Brown,Summer,3.6,No,Next Day Air,Yes,Yes,24,Cash,Monthly
6981,32,Male,Sweater,Clothing,39,Alaska,M,Yellow,Fall,2.9,No,Express,No,No,6,Venmo,Annually
6982,30,Female,Hoodie,Accessories,64,Iowa,M,Pink,Spring,4.1,No,Standard,No,No,33,Bank Transfer,Bi-Weekly
6983,23,Male,Dress,Clothing,81,Massachusetts,S,Green,Spring,4.5,Yes,Next Day Air,No,No,45,Venmo,Weekly
6984,25,Male,Pants,Footwear,92,Mississippi,L,Yellow,Fall,2.7,No,2-Day Shipping,No,Yes,10,Debit Card,Quarterly
6985,38,Male,Shirt,Accessories,67,New Jersey,M,Olive,Summer,3.2,No,Free Shipping,No,No,43,PayPal,Annually
6986,18,Male,Jacket,Footwear,55,Nevada,L,Charcoal,Spring,4.8,No,Express,No,No,8,Credit Card,Fortnightly
6987,41,Female,Shoes,Clothing,75,Wisconsin,M,Red,Summer,2.6,No,2-Day Shipping,No,Yes,43,Cash,Annually
6988,58,Female,Blouse,Clothing,69,Minnesota,M,Charcoal,Fall,3.3,No,Standard,No,Yes,16,Credit Card,Weekly
6989,59,Female,Skirt,Accessories,35,Tennessee,L,Beige,Winter,2.9,No,Express,No,No,11,Bank Transfer,Bi-Weekly
6990,37,Male,Jeans,Footwear,29,Delaware,M,Red,Winter,2.6,No,2-Day Shipping,Yes,Yes,42,Venmo,Fortnightly
6991,60,Male,Backpack,Clothing,89,Montana,XL,Gold,Fall,4.3,No,Free Shipping,Yes,Yes,29,Bank Transfer,Fortnightly
6992,64,Male,Backpack,Clothing,80,Rhode Island,M,Violet,Fall,4.6,Yes,Standard,No,Yes,46,PayPal,Bi-Weekly
6993,32,Male,Sandals,Footwear,54,Alaska,S,Indigo,Summer,3.1,No,2-Day Shipping,No,No,4,Venmo,Weekly
6994,22,Male,Scarf,Accessories,32,Iowa,M,Gray,Winter,3.2,Yes,Store Pickup,Yes,No,15,Debit Card,Weekly
6995,26,Male,Socks,Clothing,88,Delaware,S,Purple,Winter,2.6,No,Next Day Air,Yes,No,29,Debit Card,Annually
6996,67,Female,Sandals,Accessories,87,Maine,M,Purple,Winter,4.5,Yes,Next Day Air,No,Yes,2,PayPal,Quarterly
6997,65,Male,Sneakers,Outerwear,56,Utah,M,Gold,Summer,4.0,No,Next Day Air,Yes,Yes,16,Bank Transfer,Quarterly
6998,20,Male,Coat,Clothing,79,Tennessee,M,Beige,Fall,4.6,Yes,Standard,No,Yes,16,Credit Card,Monthly
6999,50,Female,Hat,Accessories,43,Nebraska,M,Olive,Winter,4.3,No,Next Day Air,Yes,Yes,42,Venmo,Monthly
7000,49,Male,Sandals,Footwear,79,Maryland,M,Black,Winter,3.8,No,Standard,No,No,45,PayPal,Monthly
7001,39,Female,Sunglasses,Accessories,31,Illinois,M,Teal,Fall,3.8,No,Standard,Yes,No,18,Bank Transfer,Fortnightly
7002,31,Male,T-shirt,Accessories,42,Nebraska,M,Red,Fall,2.7,Yes,2-Day Shipping,No,No,37,PayPal,Monthly
7003,48,Female,Hoodie,Accessories,71,Mississippi,S,Olive,Spring,3.6,No,Next Day Air,Yes,Yes,47,Debit Card,Fortnightly
7004,58,Male,Jacket,Clothing,68,Kentucky,M,White,Spring,2.8,No,Standard,No,No,32,Credit Card,Bi-Weekly
7005,28,Male,Shoes,Footwear,53,Wisconsin,S,Green,Spring,3.3,No,Standard,No,No,21,Bank Transfer,Fortnightly
7006,63,Male,Dress,Clothing,69,Kansas,S,Maroon,Winter,5.0,No,2-Day Shipping,No,No,1,PayPal,Bi-Weekly
7007,28,Male,Dress,Accessories,37,Nevada,S,Yellow,Winter,4.1,No,Next Day Air,No,No,47,Bank Transfer,Quarterly
7008,41,Male,Jewelry,Accessories,34,West Virginia,M,Yellow,Summer,4.4,No,2-Day Shipping,No,No,21,Venmo,Annually
7009,41,Male,Gloves,Clothing,32,Arkansas,S,Indigo,Winter,4.4,No,Store Pickup,No,Yes,45,Cash,Every 3 Months
7010,66,Male,Dress,Outerwear,76,New York,M,Pink,Fall,4.2,No,Standard,No,Yes,11,Venmo,Weekly
7011,37,Female,Handbag,Clothing,79,Nevada,M,Peach,Winter,3.8,Yes,Store Pickup,Yes,No,44,Debit Card,Weekly
7012,25,Male,Sweater,Clothing,34,Ohio,M,Brown,Spring,3.8,No,Free Shipping,No,Yes,7,Bank Transfer,Every 3 Months
7013,64,Male,Sandals,Clothing,51,Kansas,L,Gray,Winter,3.2,Yes,Standard,No,No,5,Venmo,Every 3 Months
7014,58,Female,Shoes,Accessories,76,New Mexico,M,Turquoise,Spring,4.8,No,Standard,No,Yes,11,Credit Card,Fortnightly
7015,37,Female,Sunglasses,Clothing,22,Arizona,XL,Beige,Fall,2.7,No,Standard,No,Yes,16,PayPal,Quarterly
7016,62,Female,Belt,Clothing,69,Wyoming,M,Blue,Summer,5.0,No,Free Shipping,No,Yes,35,Bank Transfer,Fortnightly
7017,38,Male,Scarf,Accessories,84,Utah,M,Pink,Fall,4.6,No,Express,No,No,30,Cash,Annually
7018,61,Male,Socks,Outerwear,106,Ohio,S,Black,Spring,3.9,Yes,2-Day Shipping,No,Yes,8,Cash,Bi-Weekly
7019,32,Male,Shorts,Clothing,30,Oregon,S,Pink,Winter,3.8,No,2-Day Shipping,Yes,Yes,45,Debit Card,Every 3 Months
7020,27,Female,Coat,Accessories,49,South Dakota,L,Gray,Spring,4.8,No,Free Shipping,No,Yes,21,Bank Transfer,Monthly
7021,46,Female,Jeans,Footwear,40,Connecticut,M,Teal,Summer,3.9,No,2-Day Shipping,Yes,No,29,Bank Transfer,Fortnightly
7022,33,Female,Gloves,Footwear,44,Kansas,XL,Green,Summer,3.7,No,Next Day Air,No,Yes,38,PayPal,Annually
7023,48,Male,Sandals,Clothing,44,Tennessee,M,Beige,Winter,4.7,Yes,Store Pickup,Yes,No,23,PayPal,Weekly
7024,64,Male,Sunglasses,Accessories,42,Maine,L,Green,Winter,4.4,Yes,Next Day Air,No,No,31,PayPal,Weekly
7025,66,Male,Boots,Clothing,50,Vermont,XL,Olive,Spring,4.5,Yes,Next Day Air,No,Yes,24,PayPal,Bi-Weekly
7026,50,Male,Coat,Accessories,53,Wyoming,M,White,Spring,4.2,No,2-Day Shipping,Yes,Yes,32,Cash,Weekly
7027,49,Male,Jewelry,Accessories,38,Virginia,L,Teal,Winter,5.0,No,Express,No,No,50,Debit Card,Weekly
7028,57,Male,Socks,Accessories,41,Montana,L,Peach,Winter,3.3,Yes,Next Day Air,No,No,38,Debit Card,Annually
7029,61,Male,Coat,Accessories,84,Arkansas,M,White,Fall,2.9,No,Express,No,Yes,1,Credit Card,Annually
7030,50,Male,Pants,Outerwear,77,North Dakota,M,White,Winter,2.7,No,Standard,Yes,No,21,Debit Card,Fortnightly
7031,43,Male,Shorts,Accessories,44,Connecticut,L,Yellow,Spring,4.5,Yes,Store Pickup,No,No,10,Bank Transfer,Bi-Weekly
7032,58,Male,Blouse,Clothing,25,Missouri,XL,Purple,Summer,4.2,No,Standard,Yes,No,34,Venmo,Fortnightly
7033,25,Male,Jacket,Accessories,87,South Dakota,L,Brown,Winter,3.2,Yes,Standard,No,No,15,Debit Card,Annually
7034,39,Male,Gloves,Accessories,74,South Dakota,L,Orange,Summer,3.7,No,Free Shipping,Yes,No,18,Debit Card,Bi-Weekly
7035,57,Female,Dress,Accessories,57,Iowa,M,Charcoal,Winter,3.5,No,Free Shipping,Yes,No,14,Bank Transfer,Bi-Weekly
7036,49,Male,Sneakers,Outerwear,25,North Dakota,L,Brown,Fall,4.6,Yes,Store Pickup,Yes,No,20,Cash,Every 3 Months
7037,38,Male,Coat,Accessories,32,Georgia,XL,Magenta,Fall,3.0,Yes,Free Shipping,Yes,Yes,33,Credit Card,Bi-Weekly
7038,48,Male,Coat,Clothing,83,Iowa,L,Olive,Summer,3.9,No,Store Pickup,No,No,9,Cash,Bi-Weekly
7039,31,Male,Hat,Accessories,95,South Carolina,L,Yellow,Winter,4.3,No,2-Day Shipping,Yes,Yes,3,Cash,Weekly
7040,69,Male,Handbag,Clothing,33,Ohio,XL,Red,Winter,3.5,Yes,Standard,No,No,7,Bank Transfer,Bi-Weekly
7041,43,Female,Shirt,Accessories,93,Nebraska,L,Blue,Spring,5.0,No,Store Pickup,No,No,50,Venmo,Every 3 Months
7042,50,Male,Sandals,Accessories,69,Florida,M,Yellow,Summer,4.5,No,2-Day Shipping,Yes,Yes,30,Debit Card,Weekly
7043,52,Male,Socks,Accessories,77,Washington,M,Purple,Winter,4.9,No,Express,No,No,40,PayPal,Annually
7044,22,Female,Gloves,Clothing,92,Oklahoma,S,Orange,Spring,4.6,No,Standard,No,No,34,Bank Transfer,Quarterly
7045,26,Female,Backpack,Outerwear,53,West Virginia,M,Turquoise,Summer,2.6,Yes,Next Day Air,No,Yes,15,Bank Transfer,Fortnightly
7046,30,Female,Backpack,Clothing,53,Minnesota,M,Lavender,Winter,2.8,Yes,Express,Yes,No,2,Venmo,Every 3 Months
7047,26,Male,Gloves,Clothing,96,Nevada,S,Gold,Winter,4.9,Yes,Store Pickup,No,Yes,22,Credit Card,Fortnightly
7048,48,Female,Pants,Accessories,27,Washington,L,Blue,Summer,3.5,No,Next Day Air,No,No,3,Venmo,Fortnightly
7049,28,Female,Sandals,Clothing,83,Hawaii,M,Orange,Summer,3.8,Yes,Express,Yes,No,14,Bank Transfer,Fortnightly
7050,32,Male,Jacket,Clothing,66,Arkansas,M,Gray,Winter,4.6,No,Standard,Yes,Yes,11,Credit Card,Quarterly
7051,38,Male,Sunglasses,Clothing,38,Illinois,S,Charcoal,Summer,3.4,Yes,2-Day Shipping,No,No,8,Cash,Monthly
7052,48,Male,Skirt,Accessories,82,New York,L,Orange,Spring,3.3,No,Express,No,No,14,Cash,Fortnightly
7053,57,Male,Shorts,Footwear,89,New Jersey,S,Gray,Summer,4.7,No,Next Day Air,Yes,Yes,3,Debit Card,Quarterly
7054,66,Male,Sandals,Accessories,24,Alabama,XL,Violet,Spring,2.6,No,Express,No,No,26,Cash,Bi-Weekly
7055,18,Male,Handbag,Accessories,102,Michigan,XL,White,Fall,4.5,Yes,Standard,No,No,24,Debit Card,Bi-Weekly
7056,32,Male,Blouse,Accessories,27,Louisiana,L,Teal,Winter,3.5,No,Free Shipping,Yes,Yes,2,Debit Card,Every 3 Months
7057,23,Female,Jewelry,Clothing,73,Michigan,XL,Brown,Spring,4.1,No,Next Day Air,No,No,20,Venmo,Weekly
7058,45,Female,Shoes,Accessories,44,Texas,L,Violet,Spring,2.7,Yes,Free Shipping,Yes,No,44,Cash,Every 3 Months
7059,37,Male,T-shirt,Clothing,54,Missouri,M,Indigo,Winter,4.7,No,Standard,Yes,No,41,PayPal,Bi-Weekly
7060,35,Male,Dress,Clothing,26,Alaska,M,Magenta,Fall,3.2,No,Express,No,Yes,10,Debit Card,Annually
7061,54,Male,Belt,Footwear,39,Maryland,M,Blue,Summer,4.5,No,Express,No,No,48,Venmo,Every 3 Months
7062,32,Male,Shorts,Clothing,49,Kentucky,S,Teal,Summer,4.6,No,Next Day Air,Yes,Yes,11,PayPal,Weekly
7063,31,Male,Jacket,Clothing,16,Rhode Island,M,Turquoise,Spring,3.0,No,Next Day Air,No,No,46,Debit Card,Every 3 Months
7064,46,Male,Hat,Accessories,39,Tennessee,M,Olive,Fall,3.4,No,Express,Yes,Yes,21,PayPal,Bi-Weekly
7065,18,Male,Skirt,Accessories,51,New Mexico,S,Yellow,Fall,2.8,No,Free Shipping,Yes,No,6,Cash,Bi-Weekly
7066,66,Female,Sandals,Footwear,81,Ohio,S,Brown,Winter,2.7,Yes,Express,Yes,Yes,32,PayPal,Fortnightly
7067,55,Male,Boots,Clothing,35,Oklahoma,L,Cyan,Fall,4.3,No,Next Day Air,No,Yes,3,Debit Card,Monthly
7068,62,Male,Hat,Clothing,17,Alabama,XL,Maroon,Winter,4.9,No,Express,Yes,No,31,Bank Transfer,Every 3 Months
7069,46,Female,T-shirt,Accessories,34,Nebraska,M,Green,Spring,5.0,No,2-Day Shipping,No,Yes,30,Venmo,Fortnightly
7070,66,Male,Shirt,Footwear,34,West Virginia,S,Violet,Fall,3.2,No,2-Day Shipping,No,Yes,4,Venmo,Weekly
7071,30,Male,Gloves,Clothing,69,Georgia,M,Cyan,Spring,5.0,No,Standard,No,Yes,48,Credit Card,Every 3 Months
7072,56,Male,Blouse,Accessories,68,Oregon,M,Yellow,Summer,4.4,Yes,Next Day Air,Yes,Yes,16,Venmo,Monthly
7073,69,Male,Pants,Footwear,62,Kansas,S,Turquoise,Winter,3.9,Yes,Store Pickup,No,No,3,PayPal,Every 3 Months
7074,38,Male,Sweater,Accessories,24,Pennsylvania,M,Pink,Summer,4.0,No,Next Day Air,Yes,No,34,Bank Transfer,Annually
7075,27,Male,Shirt,Accessories,90,Virginia,L,Maroon,Summer,3.9,No,Express,Yes,No,13,Bank Transfer,Annually
7076,55,Male,Gloves,Accessories,106,Tennessee,L,Indigo,Summer,2.7,Yes,Next Day Air,No,No,30,Bank Transfer,Bi-Weekly
7077,18,Male,Sandals,Footwear,60,New York,S,Gold,Spring,3.1,No,Next Day Air,Yes,No,22,Bank Transfer,Monthly
7078,22,Male,Dress,Clothing,48,Texas,L,Violet,Spring,4.0,Yes,2-Day Shipping,No,Yes,20,PayPal,Monthly
7079,40,Male,Jewelry,Accessories,91,Idaho,L,Charcoal,Fall,3.7,No,2-Day Shipping,No,No,31,Debit Card,Annually
7080,53,Female,Socks,Accessories,87,Vermont,S,Green,Summer,3.9,No,Express,No,No,41,PayPal,Every 3 Months
7081,46,Male,Shoes,Clothing,94,Wyoming,L,Lavender,Fall,4.9,Yes,Store Pickup,Yes,Yes,6,Venmo,Every 3 Months
7082,66,Male,Gloves,Clothing,45,South Carolina,M,Turquoise,Winter,2.7,No,Standard,No,Yes,40,Credit Card,Bi-Weekly
7083,58,Female,Socks,Outerwear,72,Nevada,M,Peach,Summer,3.1,No,Express,No,Yes,43,Debit Card,Fortnightly
7084,24,Male,Jacket,Footwear,74,Nebraska,M,White,Winter,4.8,No,Store Pickup,No,No,16,Venmo,Weekly
7085,42,Male,Sunglasses,Clothing,32,Maryland,M,Maroon,Summer,4.0,No,Store Pickup,No,Yes,39,Venmo,Bi-Weekly
7086,25,Male,Skirt,Accessories,21,Kansas,M,Teal,Spring,2.7,No,Next Day Air,No,No,16,Cash,Quarterly
7087,55,Female,Skirt,Footwear,76,Montana,M,Beige,Summer,4.9,No,Store Pickup,Yes,Yes,25,PayPal,Monthly
7088,66,Male,Shirt,Clothing,59,Nebraska,S,Red,Fall,4.7,No,Standard,No,Yes,34,Cash,Weekly
7089,59,Male,Belt,Footwear,40,Iowa,L,Green,Spring,4.4,No,Store Pickup,No,No,42,Bank Transfer,Every 3 Months
7090,24,Male,Socks,Clothing,102,Utah,S,Teal,Winter,2.9,No,Store Pickup,No,No,48,Debit Card,Every 3 Months
7091,51,Male,Handbag,Clothing,55,Vermont,M,Red,Fall,3.5,No,Next Day Air,No,Yes,40,Bank Transfer,Weekly
7092,21,Female,Blouse,Outerwear,81,New Jersey,S,White,Winter,3.4,No,2-Day Shipping,Yes,No,15,Credit Card,Annually
7093,61,Female,Boots,Clothing,91,Idaho,M,Purple,Winter,3.2,Yes,2-Day Shipping,No,Yes,36,Cash,Annually
7094,51,Male,Gloves,Accessories,23,Oregon,M,Lavender,Winter,4.3,No,Express,No,Yes,6,Venmo,Every 3 Months
7095,31,Male,Sneakers,Accessories,34,Tennessee,M,Magenta,Spring,3.9,No,Standard,No,No,33,Bank Transfer,Quarterly
7096,58,Male,Belt,Footwear,39,Vermont,XL,Orange,Summer,4.1,Yes,2-Day Shipping,No,Yes,15,Cash,Monthly
7097,65,Male,Sweater,Outerwear,64,South Dakota,M,White,Winter,2.5,No,Store Pickup,No,Yes,1,Debit Card,Every 3 Months
7098,67,Male,Jacket,Footwear,76,California,M,Olive,Fall,2.5,Yes,Next Day Air,Yes,Yes,50,Cash,Quarterly
7099,34,Male,Shirt,Clothing,87,Maryland,XL,Teal,Winter,4.5,No,Store Pickup,No,Yes,45,Credit Card,Every 3 Months
7100,35,Male,Handbag,Outerwear,23,Colorado,L,Pink,Fall,4.1,No,Store Pickup,No,No,44,Bank Transfer,Bi-Weekly
7101,50,Male,Hat,Outerwear,54,West Virginia,L,Blue,Spring,2.9,No,Free Shipping,Yes,Yes,45,Debit Card,Fortnightly
7102,47,Male,Sandals,Accessories,83,Idaho,L,Brown,Spring,4.3,No,Store Pickup,Yes,No,11,Cash,Annually
7103,60,Male,Shoes,Footwear,82,Minnesota,M,Red,Spring,3.3,No,Next Day Air,Yes,Yes,11,Venmo,Monthly
7104,21,Male,Belt,Footwear,18,Colorado,S,Peach,Winter,2.7,No,Standard,No,Yes,18,Cash,Bi-Weekly
7105,61,Male,Scarf,Accessories,70,Indiana,M,White,Winter,4.1,No,Free Shipping,No,No,5,Bank Transfer,Bi-Weekly
7106,49,Male,Pants,Accessories,82,Oregon,L,Silver,Fall,3.2,No,Free Shipping,No,Yes,48,Debit Card,Quarterly
7107,57,Male,Hat,Accessories,61,Maine,M,Yellow,Summer,4.4,Yes,Standard,No,Yes,25,Bank Transfer,Weekly
7108,63,Female,Hat,Footwear,35,Ohio,S,Orange,Spring,4.7,Yes,Free Shipping,Yes,No,2,Venmo,Fortnightly
7109,42,Male,Socks,Accessories,40,Montana,M,Magenta,Fall,4.2,No,Express,No,No,47,Debit Card,Every 3 Months
7110,24,Female,Sunglasses,Clothing,85,New Jersey,M,Black,Winter,3.0,Yes,Express,Yes,Yes,21,Debit Card,Every 3 Months
7111,65,Female,Sweater,Footwear,80,Idaho,S,Gold,Winter,2.5,No,Standard,Yes,No,19,Venmo,Bi-Weekly
7112,32,Male,Handbag,Clothing,60,California,L,Cyan,Winter,5.0,No,Express,No,No,6,Credit Card,Quarterly
7113,60,Male,Boots,Clothing,90,Indiana,S,Red,Fall,4.4,No,Express,No,Yes,34,PayPal,Every 3 Months
7114,34,Male,Hat,Clothing,50,Rhode Island,XL,Blue,Summer,4.7,No,Next Day Air,Yes,No,27,Debit Card,Weekly
7115,56,Female,Scarf,Accessories,70,Minnesota,S,Green,Summer,3.1,No,2-Day Shipping,Yes,Yes,8,PayPal,Every 3 Months
7116,34,Male,Jeans,Clothing,60,Nebraska,M,Magenta,Summer,5.0,No,Express,No,Yes,16,Debit Card,Quarterly
7117,20,Female,Scarf,Footwear,80,California,M,Indigo,Winter,3.7,No,Express,No,Yes,50,Cash,Quarterly
7118,61,Female,Hat,Clothing,34,North Dakota,M,Teal,Spring,3.2,No,Store Pickup,No,No,30,Debit Card,Every 3 Months
7119,23,Female,Shoes,Footwear,31,New Mexico,XL,Turquoise,Summer,3.9,No,Standard,Yes,No,27,Credit Card,Weekly
7120,59,Female,Handbag,Footwear,52,North Carolina,M,Gray,Winter,2.5,No,Standard,No,Yes,15,PayPal,Bi-Weekly
7121,49,Male,T-shirt,Footwear,32,Montana,L,Olive,Fall,3.4,Yes,2-Day Shipping,No,Yes,38,Bank Transfer,Annually
7122,53,Male,Shirt,Footwear,24,New York,XL,Olive,Fall,4.0,Yes,Standard,No,No,2,Credit Card,Fortnightly
7123,26,Male,Skirt,Footwear,66,Minnesota,XL,Black,Summer,4.8,No,2-Day Shipping,No,No,20,Bank Transfer,Every 3 Months
7124,47,Male,Shoes,Clothing,38,California,M,Indigo,Summer,3.4,No,Free Shipping,No,No,7,Bank Transfer,Fortnightly
7125,56,Male,Hat,Footwear,51,New York,M,Red,Spring,3.1,No,Store Pickup,No,No,49,Venmo,Quarterly
7126,28,Male,Boots,Footwear,57,Illinois,M,Silver,Fall,2.6,No,Next Day Air,Yes,Yes,4,Credit Card,Quarterly
7127,33,Female,Blouse,Footwear,67,Illinois,XL,Gold,Winter,4.0,No,Standard,Yes,No,32,Cash,Annually
7128,34,Male,Gloves,Clothing,97,Nevada,M,Yellow,Winter,5.0,No,Standard,Yes,No,27,Venmo,Fortnightly
7129,22,Female,Gloves,Clothing,95,Texas,M,Olive,Fall,3.4,Yes,2-Day Shipping,No,No,20,PayPal,Bi-Weekly
7130,69,Male,Shorts,Footwear,92,Georgia,M,Charcoal,Spring,4.9,No,Express,Yes,Yes,42,Cash,Monthly
7131,60,Female,Sweater,Outerwear,23,New Mexico,M,Maroon,Spring,3.1,No,Free Shipping,No,Yes,48,Bank Transfer,Fortnightly
7132,61,Female,Pants,Clothing,104,Utah,M,White,Fall,3.0,Yes,Store Pickup,Yes,No,24,Venmo,Fortnightly
7133,30,Female,Sunglasses,Accessories,71,Connecticut,L,Silver,Summer,4.7,No,Store Pickup,Yes,No,3,Debit Card,Every 3 Months
7134,61,Female,Gloves,Clothing,86,Connecticut,XL,Pink,Spring,2.6,No,Standard,No,Yes,16,PayPal,Every 3 Months
7135,46,Female,Shirt,Clothing,54,North Dakota,L,Turquoise,Winter,3.4,No,Next Day Air,No,Yes,8,Debit Card,Quarterly
7136,57,Female,T-shirt,Clothing,77,Wisconsin,S,Teal,Summer,4.5,No,Standard,No,Yes,25,PayPal,Annually
7137,50,Female,Blouse,Clothing,30,Montana,S,Olive,Spring,3.8,No,2-Day Shipping,No,No,21,Debit Card,Bi-Weekly
7138,54,Female,Sandals,Clothing,28,New Hampshire,S,Turquoise,Fall,3.5,No,Free Shipping,No,Yes,45,PayPal,Annually
7139,21,Male,Hoodie,Accessories,18,New York,M,Lavender,Winter,5.0,No,Next Day Air,No,No,47,Bank Transfer,Quarterly
7140,50,Female,Sweater,Accessories,32,Kansas,L,Silver,Winter,3.8,No,2-Day Shipping,Yes,Yes,16,Credit Card,Fortnightly
7141,65,Male,Jeans,Accessories,96,Indiana,S,Green,Winter,4.6,No,Store Pickup,No,No,31,PayPal,Annually
7142,32,Male,Gloves,Accessories,77,Wisconsin,M,Pink,Winter,4.1,Yes,Express,No,No,30,Credit Card,Bi-Weekly
7143,53,Female,Blouse,Accessories,28,Michigan,L,Teal,Summer,3.8,No,Express,Yes,Yes,5,Bank Transfer,Fortnightly
7144,53,Female,Sweater,Clothing,23,South Carolina,L,Violet,Fall,4.3,Yes,Standard,Yes,Yes,50,Credit Card,Weekly
7145,20,Male,Sandals,Footwear,44,Colorado,M,Brown,Winter,4.6,No,Free Shipping,No,No,16,Cash,Monthly
7146,25,Male,Boots,Clothing,102,Georgia,XL,Purple,Spring,3.6,Yes,2-Day Shipping,No,No,1,Bank Transfer,Every 3 Months
7147,59,Female,Scarf,Clothing,68,Florida,XL,Orange,Winter,2.7,Yes,Free Shipping,No,No,22,Cash,Bi-Weekly
7148,63,Male,Dress,Accessories,75,Maryland,M,Cyan,Winter,4.2,No,Next Day Air,No,No,4,Cash,Weekly
7149,55,Male,Pants,Clothing,105,Minnesota,M,Teal,Winter,3.9,No,Free Shipping,No,Yes,49,Bank Transfer,Weekly
7150,31,Male,Socks,Footwear,48,Kentucky,L,Indigo,Winter,3.8,No,2-Day Shipping,Yes,No,32,Debit Card,Annually
7151,32,Male,Scarf,Footwear,96,Iowa,M,Pink,Fall,4.6,No,Store Pickup,No,No,24,Debit Card,Bi-Weekly
7152,39,Male,Jewelry,Clothing,31,Virginia,M,Teal,Summer,4.6,No,Standard,No,Yes,4,Cash,Quarterly
7153,63,Female,Hoodie,Clothing,30,Florida,M,Beige,Fall,3.6,Yes,Standard,No,No,4,PayPal,Weekly
7154,60,Female,Hoodie,Accessories,94,Wyoming,M,Olive,Spring,4.6,No,Free Shipping,No,Yes,40,Venmo,Weekly
7155,30,Female,Coat,Outerwear,42,Arkansas,XL,Brown,Winter,2.6,No,Standard,No,Yes,19,Bank Transfer,Quarterly
7156,43,Male,Pants,Footwear,25,South Dakota,L,Yellow,Fall,3.0,No,Express,No,No,4,Bank Transfer,Every 3 Months
7157,69,Male,Jacket,Clothing,46,Iowa,S,Indigo,Fall,4.9,Yes,Next Day Air,No,No,17,Debit Card,Quarterly
7158,48,Male,Shorts,Clothing,89,North Dakota,M,Teal,Spring,4.6,No,Free Shipping,Yes,Yes,13,Bank Transfer,Monthly
7159,53,Male,Handbag,Accessories,50,Arkansas,M,Magenta,Spring,4.9,Yes,Free Shipping,No,No,9,Cash,Annually
7160,36,Male,Pants,Accessories,29,Michigan,M,Indigo,Spring,3.6,No,Next Day Air,No,No,25,Debit Card,Every 3 Months
7161,31,Female,Gloves,Clothing,69,Kansas,L,Gray,Winter,3.3,No,Free Shipping,No,Yes,49,Debit Card,Bi-Weekly
7162,68,Male,Dress,Accessories,75,New Jersey,M,Yellow,Winter,4.0,No,Standard,Yes,No,38,Cash,Monthly
7163,66,Male,Hoodie,Outerwear,70,Connecticut,M,Red,Winter,3.7,No,Store Pickup,Yes,Yes,29,Venmo,Fortnightly
7164,34,Male,Blouse,Footwear,91,Mississippi,L,Purple,Fall,4.9,No,Next Day Air,Yes,No,48,PayPal,Quarterly
7165,55,Male,Belt,Outerwear,100,Ohio,S,Teal,Fall,4.8,No,Store Pickup,No,Yes,24,Bank Transfer,Every 3 Months
7166,29,Male,Pants,Footwear,69,North Carolina,S,Orange,Summer,3.7,No,Express,No,Yes,6,Cash,Fortnightly
7167,63,Male,Sandals,Clothing,77,Rhode Island,XL,Peach,Spring,2.8,No,Standard,No,No,39,Bank Transfer,Every 3 Months
7168,70,Male,Jeans,Accessories,59,Oklahoma,XL,Lavender,Spring,3.3,No,2-Day Shipping,Yes,No,3,Cash,Quarterly
7169,51,Female,Blouse,Clothing,78,Hawaii,M,Gray,Spring,2.7,Yes,Next Day Air,No,No,39,PayPal,Every 3 Months
7170,39,Male,Hoodie,Accessories,31,Kentucky,M,Turquoise,Fall,4.9,No,Express,No,No,22,Venmo,Fortnightly
7171,18,Male,Gloves,Clothing,60,Georgia,M,Red,Fall,4.8,No,Next Day Air,No,No,33,Cash,Weekly
7172,23,Male,Shorts,Footwear,76,Virginia,M,Pink,Spring,3.0,No,2-Day Shipping,Yes,No,28,Venmo,Weekly
7173,33,Female,Sunglasses,Outerwear,57,Alabama,M,Blue,Spring,2.6,No,Next Day Air,Yes,Yes,10,PayPal,Fortnightly
7174,67,Male,Coat,Clothing,77,Indiana,M,Silver,Winter,4.6,No,Free Shipping,No,No,43,Bank Transfer,Monthly
7175,51,Male,Jacket,Accessories,69,Colorado,M,Maroon,Spring,3.9,Yes,2-Day Shipping,No,Yes,30,Debit Card,Quarterly
7176,56,Female,Socks,Footwear,67,Louisiana,M,Gold,Summer,3.9,No,2-Day Shipping,No,No,46,Credit Card,Quarterly
7177,30,Female,Jacket,Accessories,74,California,S,Magenta,Summer,3.5,No,Express,Yes,No,1,Credit Card,Monthly
7178,56,Female,Handbag,Accessories,55,Utah,S,Indigo,Summer,4.4,Yes,2-Day Shipping,No,No,4,PayPal,Bi-Weekly
7179,60,Female,Shirt,Clothing,78,Illinois,S,Gray,Spring,4.6,No,Standard,No,No,47,Venmo,Fortnightly
7180,64,Female,Handbag,Outerwear,70,Indiana,M,Maroon,Fall,4.2,Yes,Express,Yes,Yes,17,Debit Card,Annually
7181,23,Male,Backpack,Clothing,48,Virginia,L,Yellow,Spring,2.9,Yes,Free Shipping,No,Yes,30,Credit Card,Quarterly
7182,70,Female,T-shirt,Clothing,79,Texas,L,Cyan,Fall,3.0,Yes,Store Pickup,No,Yes,19,Bank Transfer,Fortnightly
7183,22,Male,Belt,Clothing,85,Pennsylvania,S,Olive,Fall,3.3,No,Free Shipping,Yes,No,16,Debit Card,Quarterly
7184,49,Male,Blouse,Clothing,99,Illinois,XL,Blue,Summer,4.4,No,Store Pickup,Yes,No,18,PayPal,Weekly
7185,69,Male,Hoodie,Accessories,47,Colorado,L,Maroon,Spring,3.8,No,Store Pickup,No,No,5,PayPal,Bi-Weekly
7186,66,Male,Sandals,Clothing,60,Pennsylvania,L,Brown,Spring,3.4,No,2-Day Shipping,No,No,9,Credit Card,Every 3 Months
7187,58,Male,Shorts,Accessories,91,Iowa,M,Charcoal,Fall,3.4,No,Store Pickup,No,No,19,Credit Card,Annually
7188,23,Female,Belt,Accessories,87,Rhode Island,L,White,Winter,3.6,No,Express,No,No,14,PayPal,Quarterly
7189,30,Male,Sweater,Outerwear,59,Oklahoma,S,Indigo,Fall,2.5,No,Standard,No,Yes,22,Cash,Every 3 Months
7190,45,Male,Sweater,Footwear,52,Texas,XL,Yellow,Winter,3.7,Yes,Express,Yes,Yes,20,PayPal,Every 3 Months
7191,57,Female,Shirt,Clothing,82,Colorado,XL,Red,Spring,4.7,No,2-Day Shipping,No,Yes,42,Bank Transfer,Weekly
7192,65,Male,Sneakers,Accessories,37,Indiana,L,Orange,Spring,2.8,No,Standard,Yes,No,45,PayPal,Quarterly
7193,59,Male,Jacket,Clothing,85,Idaho,S,Black,Winter,3.9,Yes,Next Day Air,No,No,25,PayPal,Bi-Weekly
7194,59,Female,Jewelry,Clothing,65,Minnesota,L,Orange,Spring,2.7,Yes,Standard,No,No,24,Cash,Every 3 Months
7195,28,Male,Pants,Outerwear,59,Arkansas,M,Orange,Summer,2.9,No,Store Pickup,No,No,26,Cash,Quarterly
7196,27,Male,Sweater,Clothing,88,Maine,M,Lavender,Fall,4.1,Yes,Standard,Yes,No,43,Cash,Annually
7197,30,Male,T-shirt,Clothing,41,Florida,L,Purple,Summer,3.4,No,Free Shipping,No,No,46,Cash,Every 3 Months
7198,43,Male,Pants,Clothing,77,Alaska,M,Brown,Winter,3.4,No,Free Shipping,No,Yes,33,Credit Card,Annually
7199,67,Male,T-shirt,Footwear,70,Indiana,M,Maroon,Spring,4.2,No,2-Day Shipping,No,Yes,38,PayPal,Monthly
7200,65,Female,Belt,Clothing,31,Texas,M,Gray,Spring,4.9,No,Free Shipping,No,No,18,Bank Transfer,Quarterly
7201,46,Male,Scarf,Footwear,66,Michigan,L,Orange,Fall,2.8,No,Free Shipping,No,Yes,17,PayPal,Every 3 Months
7202,53,Female,Backpack,Clothing,80,Iowa,L,Teal,Summer,4.4,No,Next Day Air,No,No,13,Credit Card,Monthly
7203,65,Male,Dress,Accessories,36,Ohio,XL,Olive,Spring,4.4,No,Free Shipping,Yes,Yes,49,Venmo,Monthly
7204,36,Male,T-shirt,Accessories,58,Vermont,XL,Cyan,Summer,2.7,No,Free Shipping,Yes,No,7,Venmo,Bi-Weekly
7205,46,Male,Scarf,Clothing,81,Arizona,L,Silver,Fall,3.7,Yes,Express,No,Yes,16,Cash,Every 3 Months
7206,25,Male,Handbag,Outerwear,41,Nevada,XL,Red,Winter,2.9,No,Next Day Air,Yes,No,19,Debit Card,Every 3 Months
7207,55,Female,Shorts,Clothing,79,Oklahoma,S,Lavender,Spring,3.2,No,Free Shipping,No,No,16,Debit Card,Quarterly
7208,52,Male,Shorts,Accessories,59,Wyoming,L,Gray,Spring,3.4,Yes,Store Pickup,Yes,Yes,4,PayPal,Fortnightly
7209,62,Female,Boots,Accessories,33,New Jersey,L,Blue,Winter,4.9,No,2-Day Shipping,No,Yes,47,Credit Card,Bi-Weekly
7210,27,Male,Sandals,Outerwear,42,New Jersey,M,Pink,Winter,3.9,Yes,2-Day Shipping,Yes,No,25,PayPal,Every 3 Months
7211,53,Female,Jacket,Accessories,42,Texas,XL,Gold,Summer,4.8,No,Free Shipping,No,No,12,Venmo,Weekly
7212,58,Female,Jeans,Clothing,37,Georgia,M,Indigo,Spring,3.1,No,2-Day Shipping,No,Yes,49,Bank Transfer,Monthly
7213,62,Male,Sandals,Clothing,37,Oklahoma,S,Magenta,Fall,3.6,No,Next Day Air,No,No,37,Debit Card,Quarterly
7214,44,Female,Shorts,Accessories,77,Wisconsin,M,Turquoise,Winter,3.9,No,Store Pickup,No,No,35,PayPal,Quarterly
7215,69,Female,Hoodie,Clothing,65,Louisiana,L,White,Winter,3.5,No,Store Pickup,Yes,Yes,47,Debit Card,Monthly
7216,40,Female,Pants,Accessories,89,Minnesota,M,Olive,Fall,2.7,No,Standard,Yes,No,47,Cash,Quarterly
7217,24,Male,Belt,Clothing,95,Indiana,L,Silver,Fall,,No,Express,No,Yes,35,PayPal,Every 3 Months
7218,65,Male,Skirt,Clothing,17,Nevada,L,Orange,Fall,2.9,No,Next Day Air,No,No,32,Debit Card,Every 3 Months
7219,64,Male,Scarf,Clothing,51,Montana,L,Yellow,Winter,2.5,No,Express,Yes,Yes,31,Bank Transfer,Weekly
7220,34,Male,Jacket,Accessories,34,Alabama,L,Peach,Spring,2.7,No,Express,Yes,No,46,Bank Transfer,Fortnightly
7221,40,Male,Sweater,Clothing,107,Connecticut,M,Maroon,Summer,2.8,No,Store Pickup,No,No,50,Credit Card,Quarterly
7222,68,Male,T-shirt,Outerwear,101,Kansas,XL,Black,Winter,3.1,No,Next Day Air,Yes,No,7,Bank Transfer,Every 3 Months
7223,37,Male,Coat,Accessories,75,California,L,Magenta,Fall,3.0,No,2-Day Shipping,No,Yes,2,Credit Card,Quarterly
7224,47,Male,Shorts,Footwear,88,Tennessee,L,Indigo,Spring,3.8,No,Store Pickup,Yes,Yes,10,PayPal,Monthly
7225,67,Male,Shoes,Clothing,72,Hawaii,M,Lavender,Summer,3.7,Yes,Store Pickup,Yes,Yes,14,Credit Card,Bi-Weekly
7226,28,Male,Sweater,Clothing,84,Vermont,M,Violet,Fall,2.8,No,Free Shipping,No,No,29,PayPal,Monthly
7227,56,Female,Dress,Clothing,78,Pennsylvania,L,Red,Summer,4.2,No,2-Day Shipping,No,Yes,25,Credit Card,Bi-Weekly
7228,18,Male,Sunglasses,Clothing,92,Kansas,M,Yellow,Spring,3.6,Yes,Express,Yes,Yes,27,Cash,Weekly
7229,51,Male,Sweater,Footwear,60,Oregon,L,Beige,Spring,3.0,No,2-Day Shipping,No,No,49,Bank Transfer,Bi-Weekly
7230,29,Male,Belt,Outerwear,87,Maine,S,Charcoal,Summer,2.9,Yes,Express,Yes,No,11,Credit Card,Every 3 Months
7231,28,Male,Sandals,Accessories,64,New Jersey,M,Gray,Spring,4.1,No,Next Day Air,No,Yes,27,Credit Card,Quarterly
7232,32,Male,Scarf,Footwear,30,New York,M,Maroon,Winter,3.5,Yes,2-Day Shipping,No,Yes,31,Cash,Weekly
7233,70,Female,Shirt,Clothing,39,Louisiana,S,Blue,Winter,2.6,No,Standard,Yes,Yes,34,Debit Card,Bi-Weekly
7234,56,Male,Shorts,Accessories,55,Nebraska,S,Olive,Winter,4.4,No,2-Day Shipping,No,No,17,Bank Transfer,Bi-Weekly
7235,39,Male,Jacket,Accessories,32,Utah,M,Violet,Summer,4.4,Yes,Standard,No,No,42,Debit Card,Every 3 Months
7236,57,Male,Shirt,Footwear,43,Massachusetts,M,Brown,Winter,3.9,No,Free Shipping,Yes,No,6,Cash,Annually
7237,59,Female,Jewelry,Clothing,92,New Hampshire,M,Yellow,Fall,3.5,No,Free Shipping,No,No,10,Venmo,Weekly
7238,55,Male,Boots,Clothing,51,Virginia,L,Peach,Fall,4.7,No,Store Pickup,Yes,No,48,PayPal,Quarterly
7239,59,Female,Sweater,Clothing,41,New York,S,Maroon,Spring,4.7,Yes,Store Pickup,No,No,4,Debit Card,Quarterly
7240,23,Female,Blouse,Clothing,108,Minnesota,M,Violet,Fall,2.6,No,Store Pickup,Yes,Yes,24,PayPal,Monthly
7241,60,Female,Jacket,Clothing,69,Utah,M,Purple,Summer,3.5,Yes,Free Shipping,Yes,Yes,30,Cash,Annually
7242,26,Male,Hoodie,Clothing,93,Ohio,M,Lavender,Spring,3.4,No,Next Day Air,No,No,23,PayPal,Annually
7243,50,Female,Pants,Accessories,46,Maryland,S,Gold,Winter,4.1,No,Free Shipping,Yes,No,12,Debit Card,Fortnightly
7244,49,Male,Sneakers,Accessories,92,Arizona,M,Charcoal,Fall,3.8,No,Express,No,Yes,39,Debit Card,Fortnightly
7245,60,Female,Belt,Accessories,93,Maine,L,Yellow,Summer,4.2,No,Standard,No,Yes,19,Bank Transfer,Fortnightly
7246,33,Male,Jewelry,Clothing,59,New Hampshire,M,Gray,Spring,4.2,Yes,2-Day Shipping,No,No,30,Venmo,Monthly
7247,51,Female,Shoes,Clothing,24,Mississippi,M,Magenta,Winter,4.0,No,2-Day Shipping,Yes,No,10,PayPal,Quarterly
7248,29,Female,Boots,Clothing,84,Missouri,XL,Purple,Fall,3.6,Yes,Store Pickup,No,Yes,13,Debit Card,Annually
7249,42,Male,T-shirt,Footwear,84,Idaho,M,White,Fall,2.9,No,Free Shipping,No,No,16,PayPal,Every 3 Months
7250,20,Male,Jacket,Accessories,46,Nebraska,L,Olive,Spring,3.0,Yes,Standard,No,Yes,15,PayPal,Monthly
7251,39,Male,Boots,Accessories,97,Pennsylvania,S,Olive,Spring,5.0,Yes,2-Day Shipping,No,No,25,Bank Transfer,Fortnightly
7252,41,Male,Skirt,Clothing,18,West Virginia,M,Orange,Summer,4.0,Yes,2-Day Shipping,No,No,49,Cash,Fortnightly
7253,28,Female,Skirt,Footwear,37,New Hampshire,M,Maroon,Winter,4.8,No,Express,No,Yes,30,Cash,Weekly
7254,38,Male,Blouse,Accessories,49,Florida,L,Green,Summer,3.4,Yes,Express,Yes,Yes,6,PayPal,Annually
7255,30,Male,Jeans,Clothing,55,Connecticut,S,Gray,Fall,3.1,No,Store Pickup,Yes,No,11,Cash,Quarterly
7256,58,Male,Hat,Clothing,81,Iowa,L,Purple,Winter,2.8,No,Free Shipping,No,No,30,Cash,Every 3 Months
7257,64,Female,Skirt,Footwear,46,Oklahoma,XL,Pink,Spring,4.4,No,Next Day Air,No,No,20,Venmo,Bi-Weekly
7258,50,Male,Skirt,Footwear,86,Arizona,L,Silver,Fall,2.7,No,Standard,Yes,No,50,Bank Transfer,Monthly
7259,44,Male,Sandals,Outerwear,29,Idaho,M,Purple,Summer,2.7,No,Express,No,No,1,Cash,Annually
7260,50,Male,Jewelry,Accessories,27,Wyoming,S,Lavender,Winter,3.0,No,Express,No,Yes,43,Credit Card,Quarterly
7261,51,Male,Skirt,Clothing,75,Kansas,S,Pink,Summer,4.2,No,Free Shipping,No,Yes,19,Bank Transfer,Annually
7262,47,Male,Shorts,Clothing,88,Idaho,L,Peach,Winter,3.8,No,2-Day Shipping,Yes,No,17,Venmo,Every 3 Months
7263,24,Male,T-shirt,Footwear,70,Virginia,L,Green,Winter,4.7,No,Next Day Air,Yes,No,18,Debit Card,Bi-Weekly
7264,42,Female,Blouse,Outerwear,72,Florida,M,Silver,Summer,3.6,Yes,Next Day Air,No,No,30,Cash,Monthly
7265,23,Female,Shirt,Outerwear,93,Kentucky,L,Gray,Fall,3.1,Yes,2-Day Shipping,Yes,No,13,Cash,Weekly
7266,52,Female,Hoodie,Clothing,79,Wisconsin,XL,Blue,Winter,4.7,No,Express,Yes,Yes,3,Venmo,Every 3 Months
7267,31,Female,Socks,Accessories,49,Tennessee,L,Teal,Winter,4.6,No,Store Pickup,Yes,No,32,Credit Card,Fortnightly
7268,67,Female,Belt,Accessories,30,Wyoming,M,Maroon,Winter,4.7,Yes,Express,No,Yes,27,Venmo,Quarterly
7269,43,Female,Socks,Clothing,80,Alabama,M,Silver,Fall,2.6,No,Express,No,No,21,Debit Card,Every 3 Months
7270,30,Female,Shirt,Accessories,56,California,L,Black,Fall,4.0,No,Store Pickup,No,No,15,Debit Card,Fortnightly
7271,59,Male,Shirt,Clothing,38,North Dakota,L,Silver,Spring,3.7,No,Express,No,Yes,31,Credit Card,Annually
7272,35,Male,Sunglasses,Clothing,65,Delaware,M,Red,Summer,4.1,Yes,Express,Yes,No,34,Credit Card,Weekly
7273,30,Male,Sneakers,Accessories,45,Illinois,XL,Maroon,Spring,2.8,No,Standard,No,Yes,13,Bank Transfer,Monthly
7274,31,Male,Shirt,Accessories,36,Mississippi,S,Brown,Spring,2.6,No,2-Day Shipping,No,Yes,6,Debit Card,Bi-Weekly
7275,47,Male,Sneakers,Clothing,37,Delaware,L,Brown,Winter,3.9,No,Free Shipping,Yes,No,47,Debit Card,Annually
7276,64,Male,Shirt,Clothing,37,South Dakota,S,Pink,Fall,3.4,Yes,Next Day Air,Yes,Yes,5,Credit Card,Annually
7277,55,Female,Shirt,Footwear,77,Vermont,XL,Cyan,Winter,3.2,No,Free Shipping,Yes,Yes,21,PayPal,Fortnightly
7278,28,Male,Sunglasses,Accessories,42,Arizona,L,Blue,Summer,2.8,No,Free Shipping,No,Yes,39,PayPal,Monthly
7279,50,Male,Jacket,Clothing,78,Michigan,M,Violet,Winter,4.4,No,Express,No,No,49,Venmo,Bi-Weekly
7280,48,Male,Socks,Footwear,86,Texas,M,Green,Summer,4.5,No,Free Shipping,No,Yes,29,Credit Card,Weekly
7281,25,Male,Coat,Accessories,55,New Hampshire,M,Violet,Summer,3.9,No,Express,Yes,Yes,43,Venmo,Fortnightly
7282,44,Female,Sandals,Accessories,36,Virginia,M,Cyan,Fall,2.9,No,Express,No,Yes,6,PayPal,Annually
7283,32,Female,Socks,Footwear,40,Oklahoma,L,Purple,Winter,2.9,No,Free Shipping,No,Yes,12,Credit Card,Fortnightly
7284,49,Female,Handbag,Accessories,59,Kansas,M,Black,Winter,4.6,Yes,2-Day Shipping,No,No,44,Cash,Quarterly
7285,56,Male,Pants,Clothing,64,Michigan,L,Red,Fall,5.0,No,2-Day Shipping,Yes,Yes,3,Bank Transfer,Annually
7286,51,Female,Boots,Clothing,35,Idaho,L,Brown,Fall,4.5,Yes,Standard,Yes,Yes,34,PayPal,Monthly
7287,22,Female,Handbag,Clothing,59,New Mexico,M,Maroon,Fall,4.5,Yes,Express,No,No,19,Cash,Every 3 Months
7288,59,Male,Hat,Clothing,90,South Carolina,M,Silver,Winter,3.8,No,Free Shipping,No,No,40,Credit Card,Annually
7289,53,Male,Gloves,Clothing,50,Kentucky,S,Black,Spring,3.8,No,Next Day Air,No,No,19,PayPal,Annually
7290,66,Female,Sneakers,Clothing,97,New Hampshire,L,Indigo,Spring,3.3,No,Store Pickup,No,Yes,16,Debit Card,Annually
7291,49,Male,T-shirt,Clothing,47,Wyoming,M,Turquoise,Summer,4.2,No,Free Shipping,No,No,26,Bank Transfer,Weekly
7292,40,Male,Boots,Clothing,46,Rhode Island,S,Violet,Spring,2.9,Yes,Standard,No,No,2,Bank Transfer,Bi-Weekly
7293,42,Female,Belt,Outerwear,61,Florida,M,Indigo,Fall,4.2,No,Express,No,No,28,PayPal,Fortnightly
7294,52,Male,Skirt,Clothing,53,Maryland,M,Violet,Fall,4.0,No,Free Shipping,No,No,19,Debit Card,Bi-Weekly
7295,41,Female,Handbag,Clothing,27,Mississippi,S,Lavender,Winter,3.9,Yes,Next Day Air,Yes,Yes,41,Debit Card,Fortnightly
7296,44,Male,Hoodie,Clothing,31,South Carolina,XL,Teal,Winter,4.3,No,Next Day Air,No,Yes,32,Credit Card,Annually
7297,39,Female,Boots,Accessories,90,Missouri,L,Gold,Fall,4.1,Yes,2-Day Shipping,No,Yes,6,Debit Card,Fortnightly
7298,39,Male,Boots,Clothing,88,Kansas,M,Magenta,Winter,4.4,Yes,Next Day Air,No,No,26,Bank Transfer,Annually
7299,48,Female,Skirt,Accessories,69,New Hampshire,S,Indigo,Summer,3.9,Yes,2-Day Shipping,Yes,Yes,41,Bank Transfer,Weekly
7300,28,Male,Dress,Accessories,87,Montana,L,Cyan,Winter,2.8,No,Free Shipping,Yes,Yes,28,Credit Card,Fortnightly
7301,50,Male,Sneakers,Accessories,97,Virginia,M,Charcoal,Winter,2.7,No,Store Pickup,No,Yes,46,Venmo,Quarterly
7302,24,Male,Jacket,Clothing,66,New Hampshire,XL,Violet,Winter,3.7,No,Standard,No,Yes,21,Cash,Annually
7303,33,Female,Pants,Outerwear,26,Wyoming,M,Cyan,Winter,3.1,No,2-Day Shipping,Yes,No,18,PayPal,Every 3 Months
7304,54,Male,Hoodie,Footwear,103,Ohio,XL,Brown,Winter,4.2,No,Store Pickup,No,No,7,PayPal,Bi-Weekly
7305,29,Male,Jacket,Outerwear,30,Rhode Island,M,Red,Winter,4.4,No,2-Day Shipping,Yes,Yes,49,Bank Transfer,Weekly
7306,37,Male,Belt,Clothing,39,New Mexico,L,Olive,Winter,4.7,No,2-Day Shipping,Yes,No,29,Bank Transfer,Monthly
7307,34,Male,Jacket,Accessories,89,South Dakota,L,Red,Winter,4.5,Yes,Store Pickup,No,Yes,17,Bank Transfer,Annually
7308,54,Male,Shirt,Accessories,89,Montana,M,Maroon,Spring,3.4,No,Standard,No,Yes,45,PayPal,Monthly
7309,55,Male,Hoodie,Accessories,59,Connecticut,M,Yellow,Summer,3.9,No,Express,No,No,18,Cash,Annually
7310,64,Female,Shirt,Clothing,48,Illinois,M,Lavender,Winter,4.3,No,Store Pickup,No,No,24,Credit Card,Monthly
7311,49,Male,Sandals,Footwear,78,Alabama,L,Yellow,Summer,4.6,Yes,Free Shipping,Yes,No,39,Cash,Monthly
7312,42,Female,Jewelry,Footwear,32,Virginia,M,Cyan,Fall,2.5,No,Free Shipping,No,Yes,39,Venmo,Weekly
7313,56,Female,Jacket,Footwear,83,California,M,Charcoal,Summer,4.5,No,Free Shipping,No,No,7,Debit Card,Quarterly
7314,29,Male,Belt,Footwear,69,Delaware,S,Turquoise,Spring,4.4,No,Standard,No,Yes,32,Bank Transfer,Quarterly
7315,51,Male,Sweater,Accessories,85,Missouri,L,Black,Winter,3.2,No,Free Shipping,Yes,Yes,25,Credit Card,Quarterly
7316,70,Female,Sunglasses,Footwear,48,Ohio,M,Green,Spring,4.8,No,Standard,No,No,3,Credit Card,Every 3 Months
7317,43,Male,Coat,Footwear,33,Texas,L,Teal,Spring,3.7,No,Store Pickup,No,No,11,Cash,Every 3 Months
7318,22,Female,Hoodie,Accessories,50,New Jersey,M,Brown,Summer,3.0,No,Express,Yes,Yes,20,PayPal,Annually
7319,52,Female,Sneakers,Clothing,61,Connecticut,L,White,Winter,3.5,No,Store Pickup,Yes,Yes,10,Bank Transfer,Every 3 Months
7320,60,Male,Backpack,Clothing,75,Idaho,M,Yellow,Summer,2.9,No,Free Shipping,Yes,No,48,Venmo,Annually
7321,66,Male,Skirt,Clothing,56,South Dakota,M,Black,Spring,4.5,No,2-Day Shipping,No,Yes,20,Bank Transfer,Weekly
7322,43,Male,T-shirt,Accessories,69,California,L,Indigo,Spring,3.5,No,Next Day Air,Yes,No,8,Credit Card,Monthly
7323,29,Female,Backpack,Accessories,81,North Carolina,L,Cyan,Winter,3.3,Yes,Express,No,No,31,Debit Card,Bi-Weekly
7324,69,Male,Sneakers,Accessories,105,Virginia,S,Blue,Summer,4.0,No,Next Day Air,Yes,No,31,Venmo,Every 3 Months
7325,51,Female,Hat,Footwear,27,Louisiana,L,Peach,Spring,4.9,Yes,Next Day Air,Yes,No,2,Cash,Bi-Weekly
7326,31,Female,Shirt,Clothing,88,Missouri,M,Gold,Winter,2.6,No,Standard,Yes,Yes,2,Cash,Weekly
7327,62,Female,Boots,Footwear,57,Delaware,L,Cyan,Fall,3.7,No,2-Day Shipping,Yes,No,21,PayPal,Monthly
7328,69,Female,Backpack,Accessories,76,Pennsylvania,S,Turquoise,Fall,4.8,No,Store Pickup,Yes,Yes,43,Venmo,Quarterly
7329,40,Male,Pants,Accessories,91,Utah,M,Green,Summer,4.4,No,Express,Yes,Yes,44,Venmo,Fortnightly
7330,44,Male,Sweater,Outerwear,48,Kansas,L,Turquoise,Summer,4.1,No,Free Shipping,Yes,No,25,Cash,Annually
7331,55,Female,Hoodie,Accessories,29,Indiana,M,Pink,Spring,4.6,No,Free Shipping,No,Yes,22,PayPal,Annually
7332,42,Female,T-shirt,Accessories,36,Indiana,S,Brown,Summer,2.7,No,Store Pickup,No,No,25,Cash,Bi-Weekly
7333,55,Male,Backpack,Clothing,28,Connecticut,M,Charcoal,Winter,2.7,No,Standard,Yes,Yes,1,Venmo,Every 3 Months
7334,28,Male,Shorts,Clothing,79,Montana,L,Indigo,Summer,3.6,No,Free Shipping,Yes,Yes,28,Debit Card,Annually
7335,63,Male,Skirt,Clothing,25,Tennessee,S,Lavender,Fall,3.3,Yes,Standard,No,No,24,Debit Card,Bi-Weekly
7336,68,Male,Shoes,Outerwear,91,North Dakota,M,Beige,Fall,3.7,No,2-Day Shipping,No,Yes,41,Cash,Fortnightly
7337,52,Male,Jewelry,Accessories,46,Vermont,S,Purple,Fall,3.6,Yes,Express,No,Yes,24,Venmo,Weekly
7338,35,Female,Pants,Clothing,100,West Virginia,L,White,Summer,4.1,No,Next Day Air,Yes,Yes,15,Bank Transfer,Every 3 Months
7339,64,Male,Handbag,Clothing,52,South Dakota,L,Green,Summer,3.4,No,2-Day Shipping,Yes,No,14,PayPal,Fortnightly
7340,39,Male,Gloves,Clothing,91,North Carolina,M,Lavender,Winter,2.9,No,Store Pickup,No,No,21,Credit Card,Weekly
7341,45,Female,Blouse,Clothing,32,Arkansas,S,Purple,Spring,2.8,No,Standard,Yes,Yes,34,Bank Transfer,Monthly
7342,42,Female,Sweater,Accessories,38,Montana,XL,Peach,Winter,2.6,Yes,Free Shipping,No,Yes,21,Credit Card,Bi-Weekly
7343,25,Female,Gloves,Footwear,33,Colorado,M,Orange,Fall,4.2,No,Express,No,No,7,Debit Card,Annually
7344,43,Male,Shoes,Footwear,59,Louisiana,L,Beige,Spring,2.7,No,Free Shipping,No,Yes,27,Debit Card,Fortnightly
7345,67,Male,Scarf,Accessories,40,Louisiana,M,Charcoal,Winter,3.5,Yes,Store Pickup,Yes,No,5,Debit Card,Weekly
7346,20,Male,Boots,Clothing,14,Texas,L,Magenta,Winter,2.7,No,2-Day Shipping,No,No,48,Cash,Every 3 Months
7347,70,Female,Shoes,Footwear,54,South Carolina,M,Gray,Spring,2.9,No,Standard,No,No,48,Credit Card,Fortnightly
7348,57,Male,Scarf,Footwear,58,Delaware,M,Turquoise,Spring,3.0,No,Express,No,Yes,34,Debit Card,Quarterly
7349,41,Female,Skirt,Accessories,33,Florida,XL,Cyan,Summer,3.1,No,Free Shipping,No,No,13,PayPal,Bi-Weekly
7350,57,Male,Shoes,Clothing,18,Mississippi,M,Gray,Winter,4.5,No,Free Shipping,Yes,Yes,19,Venmo,Quarterly
7351,59,Male,Sneakers,Clothing,94,Oklahoma,XL,Yellow,Spring,4.1,No,Next Day Air,No,No,30,Cash,Quarterly
7352,40,Female,Handbag,Outerwear,28,Oklahoma,M,Gold,Winter,4.3,No,Express,No,Yes,40,Debit Card,Fortnightly
7353,67,Female,Scarf,Clothing,23,Minnesota,S,Cyan,Winter,2.9,No,Standard,Yes,Yes,1,Venmo,Annually
7354,35,Male,Jacket,Clothing,22,Arkansas,M,Yellow,Fall,3.7,Yes,Store Pickup,Yes,No,46,Credit Card,Annually
7355,39,Male,Hoodie,Clothing,69,Maryland,M,Gray,Summer,2.5,No,Next Day Air,Yes,Yes,6,Bank Transfer,Monthly
7356,60,Male,Dress,Accessories,76,Alaska,S,Lavender,Summer,2.7,No,2-Day Shipping,No,No,40,Venmo,Quarterly
7357,56,Female,Backpack,Accessories,56,Tennessee,M,Orange,Summer,4.2,No,Next Day Air,No,Yes,36,Debit Card,Quarterly
7358,58,Male,Jewelry,Clothing,39,Montana,L,Blue,Spring,3.6,No,Standard,No,No,50,Credit Card,Bi-Weekly
7359,66,Male,Boots,Clothing,55,Minnesota,M,Orange,Winter,3.7,No,Free Shipping,No,No,30,Cash,Bi-Weekly
7360,39,Male,Hat,Clothing,74,Wyoming,S,Peach,Fall,2.7,Yes,Express,No,Yes,18,Cash,Quarterly
7361,44,Male,Blouse,Accessories,76,Montana,M,Yellow,Summer,3.6,No,Express,No,Yes,4,Credit Card,Quarterly
7362,21,Male,Scarf,Accessories,45,Delaware,M,Violet,Spring,3.1,No,Next Day Air,No,Yes,3,Bank Transfer,Bi-Weekly
7363,46,Female,Sweater,Accessories,69,Iowa,L,Maroon,Summer,4.8,No,Express,Yes,No,10,Venmo,Bi-Weekly
7364,46,Female,Jacket,Accessories,41,Vermont,XL,Violet,Spring,4.3,Yes,Standard,No,No,49,Credit Card,Quarterly
7365,34,Male,Shorts,Footwear,74,Maryland,L,Olive,Fall,3.1,No,Free Shipping,No,No,24,Bank Transfer,Quarterly
7366,46,Female,Blouse,Outerwear,82,Maryland,XL,Brown,Fall,3.8,No,Standard,No,Yes,33,Venmo,Quarterly
7367,63,Male,Pants,Clothing,65,Oregon,M,Pink,Fall,3.2,No,2-Day Shipping,Yes,No,48,Debit Card,Weekly
7368,59,Male,Jacket,Clothing,49,Illinois,L,Indigo,Fall,4.0,No,2-Day Shipping,Yes,No,23,Credit Card,Every 3 Months
7369,37,Female,Skirt,Accessories,68,Minnesota,M,Olive,Summer,3.1,No,Express,Yes,No,19,Bank Transfer,Every 3 Months
7370,66,Male,Shirt,Clothing,75,Alaska,S,Turquoise,Spring,4.9,No,Store Pickup,Yes,Yes,46,Cash,Weekly
7371,60,Female,Shoes,Clothing,82,Utah,M,Lavender,Spring,3.3,No,Standard,No,No,14,PayPal,Weekly
7372,56,Female,Skirt,Footwear,78,Massachusetts,M,Lavender,Fall,4.1,No,Free Shipping,No,Yes,8,Cash,Bi-Weekly
7373,65,Male,Backpack,Accessories,54,Hawaii,L,Blue,Summer,4.1,Yes,Express,Yes,No,14,Credit Card,Weekly
7374,58,Female,Shirt,Clothing,34,Nebraska,L,Blue,Fall,3.2,No,Free Shipping,Yes,No,23,PayPal,Quarterly
7375,40,Male,Sandals,Clothing,19,Colorado,M,Lavender,Fall,4.2,No,Store Pickup,No,No,29,Debit Card,Monthly
7376,32,Female,Shirt,Footwear,44,Idaho,S,Black,Spring,3.3,Yes,2-Day Shipping,No,Yes,21,Credit Card,Quarterly
7377,48,Male,Jeans,Accessories,69,New Mexico,L,Lavender,Summer,4.1,No,Store Pickup,No,Yes,46,Bank Transfer,Annually
7378,53,Male,Jewelry,Footwear,37,Idaho,L,Black,Summer,4.3,No,Store Pickup,Yes,No,18,PayPal,Quarterly
7379,63,Female,Sneakers,Clothing,59,South Dakota,M,Peach,Fall,3.2,No,2-Day Shipping,Yes,No,27,Debit Card,Annually
7380,43,Male,Sweater,Clothing,20,Nevada,L,Peach,Spring,3.5,Yes,Store Pickup,No,No,36,PayPal,Monthly
7381,47,Male,Hoodie,Accessories,98,Arkansas,L,Black,Fall,2.9,No,Free Shipping,No,No,12,Bank Transfer,Fortnightly
7382,56,Female,Shorts,Accessories,22,Alaska,S,Maroon,Winter,2.5,No,Store Pickup,Yes,No,20,Debit Card,Every 3 Months
7383,49,Male,Blouse,Accessories,77,California,M,Olive,Winter,4.3,Yes,Free Shipping,No,Yes,1,PayPal,Every 3 Months
7384,19,Male,Skirt,Clothing,93,Hawaii,M,Purple,Spring,3.1,Yes,Next Day Air,Yes,No,20,Bank Transfer,Quarterly
7385,45,Male,Hat,Clothing,59,West Virginia,M,Beige,Summer,4.3,No,Free Shipping,Yes,No,45,Debit Card,Annually
7386,50,Female,Shoes,Clothing,49,Indiana,L,Olive,Spring,3.0,Yes,Store Pickup,Yes,No,22,Bank Transfer,Annually
7387,50,Female,Jewelry,Outerwear,76,Connecticut,M,Orange,Spring,4.1,No,Express,Yes,No,10,PayPal,Annually
7388,61,Female,Backpack,Footwear,53,Oregon,L,Violet,Spring,3.0,No,Store Pickup,No,No,22,Debit Card,Annually
7389,51,Male,Sunglasses,Clothing,80,Mississippi,L,Black,Summer,4.0,Yes,2-Day Shipping,Yes,No,44,Venmo,Annually
7390,48,Male,Shirt,Clothing,79,Pennsylvania,L,Purple,Fall,3.8,No,Store Pickup,No,No,18,Credit Card,Annually
7391,66,Female,Handbag,Accessories,78,Tennessee,XL,Silver,Summer,3.2,Yes,Store Pickup,No,Yes,36,Debit Card,Quarterly
7392,45,Male,Sandals,Accessories,83,Montana,M,Green,Summer,4.9,No,2-Day Shipping,No,No,11,Bank Transfer,Bi-Weekly
7393,48,Female,Shirt,Accessories,40,Washington,M,Black,Spring,4.1,No,Free Shipping,No,Yes,15,Bank Transfer,Annually
7394,39,Female,Handbag,Accessories,36,California,S,Black,Fall,3.5,No,Standard,Yes,Yes,19,Credit Card,Fortnightly
7395,27,Male,Shirt,Accessories,45,South Dakota,M,Teal,Spring,3.1,No,Standard,No,No,5,Debit Card,Annually
7396,57,Male,Socks,Accessories,16,Washington,L,Black,Spring,3.8,No,Store Pickup,No,No,36,Venmo,Monthly
7397,49,Female,Sandals,Clothing,95,West Virginia,M,Teal,Winter,3.4,No,Store Pickup,No,Yes,42,Debit Card,Bi-Weekly
7398,45,Male,Jewelry,Footwear,57,Maine,M,Turquoise,Spring,4.6,No,Express,No,Yes,28,Cash,Annually
7399,57,Male,Sandals,Clothing,85,New Mexico,L,Turquoise,Spring,4.5,Yes,Next Day Air,No,No,3,Venmo,Monthly
7400,35,Male,Dress,Outerwear,82,New Mexico,M,Violet,Winter,4.3,No,Standard,Yes,No,27,Bank Transfer,Annually
7401,46,Male,Pants,Accessories,62,Wisconsin,M,Yellow,Winter,3.0,No,Store Pickup,Yes,No,28,Bank Transfer,Weekly
7402,20,Male,T-shirt,Accessories,72,Georgia,M,Orange,Winter,3.0,No,Free Shipping,No,Yes,24,Cash,Monthly
7403,29,Male,Gloves,Accessories,32,Rhode Island,S,Blue,Fall,2.6,Yes,Express,No,No,42,Cash,Annually
7404,45,Male,Sunglasses,Accessories,75,Arkansas,S,Orange,Summer,3.7,No,Store Pickup,Yes,No,17,Cash,Monthly
7405,20,Female,Jacket,Footwear,74,Ohio,L,Teal,Spring,3.5,No,Free Shipping,No,Yes,47,Venmo,Every 3 Months
7406,18,Female,Jeans,Accessories,21,Indiana,M,Black,Summer,4.9,No,Express,No,No,38,Credit Card,Bi-Weekly
7407,47,Female,Handbag,Accessories,41,Nevada,L,Cyan,Fall,4.0,No,Next Day Air,Yes,No,13,PayPal,Quarterly
7408,53,Male,Jacket,Accessories,16,North Dakota,S,Magenta,Summer,4.5,No,Express,No,No,17,Bank Transfer,Annually
7409,37,Male,Backpack,Footwear,46,Pennsylvania,L,Turquoise,Fall,3.9,No,Store Pickup,Yes,No,26,Cash,Every 3 Months
7410,22,Female,Pants,Footwear,90,Vermont,M,Red,Spring,2.5,No,2-Day Shipping,Yes,Yes,18,Credit Card,Fortnightly
7411,59,Female,Pants,Outerwear,91,Kansas,XL,Orange,Winter,4.7,No,Next Day Air,Yes,No,20,Credit Card,Weekly
7412,63,Male,Coat,Clothing,97,Tennessee,M,Red,Fall,4.1,No,Next Day Air,Yes,Yes,30,Debit Card,Annually
7413,41,Female,Jacket,Footwear,41,Louisiana,S,Teal,Summer,4.6,No,Express,Yes,No,42,PayPal,Annually
7414,62,Female,Sunglasses,Accessories,55,West Virginia,XL,Magenta,Spring,2.6,No,Store Pickup,No,Yes,9,Cash,Bi-Weekly
7415,41,Male,Sandals,Clothing,97,Arkansas,M,Lavender,Fall,4.9,No,Free Shipping,Yes,No,9,Venmo,Every 3 Months
7416,43,Male,Coat,Clothing,102,Colorado,M,Violet,Spring,2.8,No,Express,Yes,No,13,Bank Transfer,Quarterly
7417,35,Female,Hoodie,Outerwear,52,New Hampshire,M,Charcoal,Winter,2.6,No,Store Pickup,No,No,29,Cash,Annually
7418,36,Male,Sandals,Accessories,40,Minnesota,S,Orange,Spring,4.5,No,Express,Yes,No,5,Bank Transfer,Weekly
7419,64,Male,Jeans,Accessories,64,Delaware,L,Green,Winter,4.7,No,2-Day Shipping,Yes,Yes,27,Credit Card,Monthly
7420,18,Female,Sunglasses,Accessories,31,Georgia,L,Violet,Summer,4.0,No,Standard,No,No,34,Bank Transfer,Quarterly
7421,65,Male,Belt,Clothing,98,Massachusetts,M,Red,Summer,4.6,Yes,Free Shipping,No,Yes,37,Venmo,Every 3 Months
7422,26,Female,Shirt,Clothing,92,Maryland,L,Olive,Winter,3.0,Yes,2-Day Shipping,No,No,10,Cash,Monthly
7423,48,Male,Boots,Clothing,53,California,M,Green,Fall,3.6,Yes,Express,No,Yes,26,Cash,Quarterly
7424,36,Male,Gloves,Outerwear,19,Michigan,XL,Silver,Summer,4.3,Yes,Free Shipping,Yes,No,16,Credit Card,Weekly
7425,24,Female,Handbag,Footwear,36,Vermont,M,Gold,Spring,3.5,No,Store Pickup,Yes,No,25,Credit Card,Weekly
7426,70,Female,Handbag,Accessories,82,Wyoming,M,Black,Summer,4.6,No,2-Day Shipping,No,No,5,Debit Card,Quarterly
7427,51,Male,Handbag,Clothing,70,Kentucky,M,Beige,Winter,3.0,Yes,Next Day Air,Yes,No,20,Credit Card,Monthly
7428,54,Female,Blouse,Clothing,78,Georgia,XL,Peach,Summer,2.7,No,Standard,Yes,No,36,Bank Transfer,Quarterly
7429,29,Female,Shirt,Clothing,75,Arkansas,M,Beige,Spring,5.0,No,Express,No,No,6,PayPal,Annually
7430,65,Male,Boots,Clothing,53,Nevada,S,Green,Spring,3.4,No,Store Pickup,Yes,Yes,41,PayPal,Weekly
7431,53,Male,Backpack,Accessories,23,Rhode Island,M,White,Spring,3.2,Yes,Next Day Air,No,No,45,Cash,Annually
7432,53,Male,Backpack,Clothing,31,Illinois,M,Magenta,Winter,3.5,Yes,Store Pickup,No,No,42,PayPal,Monthly
7433,43,Male,Sweater,Clothing,55,South Dakota,S,Yellow,Summer,4.0,Yes,Free Shipping,Yes,No,23,Cash,Bi-Weekly
7434,26,Male,Jacket,Accessories,45,Maryland,L,Orange,Summer,4.8,Yes,Standard,Yes,Yes,4,Bank Transfer,Quarterly
7435,35,Male,Scarf,Accessories,20,Minnesota,XL,Charcoal,Fall,2.9,No,Free Shipping,No,No,33,Credit Card,Bi-Weekly
7436,67,Male,Boots,Clothing,58,Connecticut,M,Charcoal,Winter,3.1,Yes,Next Day Air,No,No,31,Venmo,Fortnightly
7437,50,Male,Scarf,Footwear,54,Connecticut,XL,Silver,Winter,4.6,No,Store Pickup,Yes,No,30,Bank Transfer,Quarterly
7438,37,Male,Sunglasses,Clothing,55,Utah,L,Silver,Spring,4.3,No,2-Day Shipping,No,No,15,Venmo,Bi-Weekly
7439,66,Female,Socks,Accessories,78,New York,M,Yellow,Summer,2.6,No,Next Day Air,Yes,No,2,Venmo,Quarterly
7440,23,Male,Sandals,Clothing,46,New Jersey,S,Gray,Spring,3.7,No,Express,No,No,6,PayPal,Quarterly
7441,46,Male,Belt,Accessories,19,New Jersey,L,Pink,Winter,3.8,No,Free Shipping,Yes,No,11,Bank Transfer,Fortnightly
7442,47,Female,Belt,Outerwear,83,Mississippi,M,Pink,Fall,3.9,No,Free Shipping,No,No,8,PayPal,Every 3 Months
7443,62,Female,Sneakers,Footwear,40,Connecticut,S,Teal,Winter,4.9,Yes,2-Day Shipping,Yes,No,34,PayPal,Quarterly
7444,40,Female,Boots,Clothing,55,Delaware,S,Black,Fall,3.0,Yes,Standard,Yes,No,30,Cash,Every 3 Months
7445,41,Male,Sweater,Accessories,27,Florida,S,Pink,Summer,4.4,No,2-Day Shipping,No,Yes,16,Debit Card,Bi-Weekly
7446,38,Male,Handbag,Clothing,34,Minnesota,L,Indigo,Spring,3.9,No,Free Shipping,No,No,42,Debit Card,Bi-Weekly
7447,24,Male,Gloves,Accessories,76,Mississippi,M,Charcoal,Winter,3.5,No,Store Pickup,Yes,Yes,28,PayPal,Annually
7448,44,Male,Boots,Clothing,26,Texas,L,Violet,Summer,4.8,No,2-Day Shipping,No,No,46,Debit Card,Weekly
7449,33,Female,Hoodie,Footwear,64,Nevada,M,Black,Winter,3.6,No,Next Day Air,No,No,23,Bank Transfer,Annually
7450,41,Male,Jeans,Footwear,69,Nevada,S,Gray,Winter,2.6,Yes,Next Day Air,No,Yes,25,Venmo,Every 3 Months
7451,29,Male,Gloves,Footwear,26,New York,M,Orange,Winter,3.5,No,Next Day Air,No,No,15,PayPal,Weekly
7452,45,Male,Sneakers,Accessories,18,North Dakota,XL,Magenta,Summer,2.8,Yes,Store Pickup,No,No,5,Bank Transfer,Weekly
7453,48,Female,Backpack,Accessories,77,Illinois,L,Violet,Summer,3.5,Yes,Standard,No,Yes,24,PayPal,Bi-Weekly
7454,43,Male,Sandals,Accessories,91,Hawaii,M,Black,Winter,4.2,Yes,Free Shipping,Yes,No,19,Debit Card,Bi-Weekly
7455,22,Male,Coat,Footwear,95,Vermont,L,Lavender,Fall,4.8,Yes,Next Day Air,Yes,No,46,PayPal,Fortnightly
7456,60,Female,Shoes,Accessories,73,California,L,Magenta,Fall,4.2,No,Express,Yes,No,47,Cash,Every 3 Months
7457,26,Male,Jacket,Clothing,76,Oklahoma,M,Brown,Spring,3.1,No,Next Day Air,Yes,No,5,Debit Card,Monthly
7458,70,Female,Shorts,Accessories,105,Arkansas,M,Peach,Summer,4.4,No,Next Day Air,No,No,6,Bank Transfer,Every 3 Months
7459,19,Female,Jacket,Clothing,68,South Dakota,L,Teal,Winter,2.8,No,Free Shipping,Yes,Yes,24,Venmo,Weekly
7460,62,Male,Sneakers,Accessories,45,Oklahoma,M,Green,Spring,4.1,Yes,Express,No,Yes,5,Cash,Quarterly
7461,18,Female,Belt,Footwear,94,Ohio,M,Magenta,Spring,2.8,No,2-Day Shipping,Yes,Yes,12,Credit Card,Every 3 Months
7462,27,Male,Belt,Clothing,48,North Dakota,M,Turquoise,Fall,3.3,No,Next Day Air,No,No,24,Debit Card,Monthly
7463,57,Male,Coat,Clothing,38,New York,L,Indigo,Fall,3.2,No,2-Day Shipping,No,No,5,Credit Card,Annually
7464,59,Male,Jacket,Clothing,59,Illinois,M,Cyan,Summer,3.0,No,2-Day Shipping,Yes,Yes,19,Cash,Fortnightly
7465,19,Male,Sweater,Accessories,93,Florida,S,Yellow,Spring,3.4,No,Free Shipping,Yes,No,39,Venmo,Fortnightly
7466,55,Male,Sneakers,Accessories,25,Louisiana,S,Magenta,Summer,4.8,No,Standard,Yes,No,9,PayPal,Annually
7467,31,Male,Sunglasses,Footwear,38,Rhode Island,S,Beige,Fall,3.9,No,Express,Yes,No,23,Venmo,Bi-Weekly
7468,58,Male,Scarf,Accessories,41,Pennsylvania,XL,Pink,Fall,2.6,Yes,Next Day Air,No,No,26,Bank Transfer,Monthly
7469,62,Male,T-shirt,Accessories,57,Texas,S,Orange,Spring,3.9,No,Next Day Air,No,No,1,PayPal,Monthly
7470,59,Female,Jewelry,Accessories,101,Mississippi,M,Black,Fall,4.6,No,Standard,Yes,Yes,17,Credit Card,Bi-Weekly
7471,50,Female,Sunglasses,Clothing,38,New Jersey,S,Lavender,Summer,3.0,Yes,Standard,No,No,25,Venmo,Monthly
7472,70,Male,Shirt,Footwear,53,Arizona,L,Pink,Summer,4.9,No,Free Shipping,Yes,No,43,PayPal,Quarterly
7473,18,Male,Pants,Clothing,73,Georgia,M,Yellow,Spring,2.7,No,Free Shipping,No,No,25,Cash,Fortnightly
7474,61,Female,T-shirt,Accessories,79,Wisconsin,L,Red,Spring,4.4,No,Standard,No,Yes,19,Debit Card,Quarterly
7475,32,Female,Jacket,Clothing,34,Delaware,M,Yellow,Summer,4.5,Yes,Standard,Yes,No,45,Credit Card,Fortnightly
7476,44,Female,Sandals,Clothing,24,Vermont,S,Orange,Summer,3.8,No,2-Day Shipping,Yes,No,12,PayPal,Monthly
7477,29,Female,Jeans,Outerwear,27,Hawaii,XL,Olive,Fall,2.9,No,Next Day Air,No,No,29,Bank Transfer,Annually
7478,23,Male,Coat,Accessories,39,Idaho,M,Charcoal,Winter,4.2,Yes,Store Pickup,No,No,49,Credit Card,Fortnightly
7479,18,Male,Pants,Clothing,54,Alabama,M,Magenta,Spring,2.8,No,Express,No,Yes,4,Cash,Quarterly
7480,50,Female,Pants,Clothing,92,North Carolina,S,Silver,Summer,2.7,No,2-Day Shipping,Yes,No,15,Venmo,Monthly
7481,31,Female,Shirt,Accessories,86,Illinois,M,Pink,Spring,2.7,No,Free Shipping,No,Yes,15,Credit Card,Every 3 Months
7482,28,Female,Belt,Clothing,63,California,XL,Turquoise,Fall,4.2,No,Free Shipping,No,No,37,Debit Card,Fortnightly
7483,56,Male,Hat,Clothing,26,New York,L,Gold,Winter,4.2,No,Express,No,Yes,12,Debit Card,Every 3 Months
7484,52,Female,Sunglasses,Clothing,18,Mississippi,M,Magenta,Winter,3.0,Yes,Free Shipping,No,No,16,Debit Card,Bi-Weekly
7485,49,Male,Jacket,Accessories,64,Michigan,S,Violet,Fall,4.0,No,Express,Yes,No,7,Debit Card,Annually
7486,65,Male,Boots,Clothing,45,Wisconsin,L,Peach,Fall,4.9,No,Standard,No,No,49,Debit Card,Bi-Weekly
7487,70,Female,Shoes,Clothing,22,California,M,Charcoal,Spring,4.0,No,Express,Yes,No,15,Cash,Every 3 Months
7488,66,Male,Shirt,Accessories,75,Minnesota,M,Brown,Summer,5.0,Yes,Standard,Yes,No,5,Credit Card,Bi-Weekly
7489,31,Male,Hoodie,Clothing,57,Arkansas,M,Magenta,Fall,3.5,No,Standard,No,No,6,Venmo,Every 3 Months
7490,42,Female,Socks,Clothing,58,Connecticut,M,Blue,Summer,3.4,No,Standard,No,Yes,5,Cash,Monthly
7491,57,Male,Hat,Accessories,94,North Carolina,M,Red,Fall,2.6,No,Standard,Yes,Yes,10,Bank Transfer,Every 3 Months
7492,42,Male,Sunglasses,Clothing,20,Alaska,L,Red,Fall,2.7,No,Next Day Air,No,Yes,14,Venmo,Every 3 Months
7493,61,Male,T-shirt,Accessories,67,South Carolina,M,Cyan,Fall,3.8,No,Standard,Yes,No,4,Bank Transfer,Every 3 Months
7494,20,Female,Jacket,Footwear,79,Vermont,M,Pink,Fall,4.4,Yes,2-Day Shipping,No,No,42,Credit Card,Bi-Weekly
7495,45,Male,Handbag,Clothing,60,Pennsylvania,M,Yellow,Winter,3.5,No,Next Day Air,Yes,No,13,Venmo,Annually
7496,32,Male,Dress,Clothing,64,New Mexico,M,Blue,Winter,2.6,No,Next Day Air,No,No,16,Venmo,Fortnightly
7497,59,Female,Hat,Outerwear,62,Idaho,M,Gold,Fall,2.9,Yes,Store Pickup,Yes,No,13,Debit Card,Quarterly
7498,29,Female,Skirt,Clothing,66,Alaska,L,Violet,Summer,4.0,No,Express,No,Yes,25,Cash,Fortnightly
7499,61,Male,Handbag,Clothing,49,Rhode Island,L,Indigo,Spring,3.2,Yes,Store Pickup,No,No,48,Bank Transfer,Monthly
7500,62,Male,Hat,Clothing,67,California,XL,Turquoise,Fall,3.6,Yes,Express,Yes,No,48,Cash,Weekly
7501,20,Male,Shoes,Outerwear,53,Texas,L,Pink,Fall,3.6,No,Next Day Air,Yes,No,33,Bank Transfer,Annually
7502,55,Male,Boots,Accessories,77,North Carolina,XL,Red,Fall,4.3,No,Free Shipping,No,No,28,Cash,Monthly
7503,45,Male,Jewelry,Accessories,28,Nebraska,XL,Beige,Fall,3.3,No,Next Day Air,No,No,4,Venmo,Every 3 Months
7504,36,Male,Shorts,Footwear,43,Washington,M,Olive,Fall,3.0,No,Free Shipping,No,Yes,10,Credit Card,Every 3 Months
7505,66,Male,Sandals,Accessories,27,Tennessee,S,Olive,Winter,3.1,No,Next Day Air,Yes,No,24,Credit Card,Quarterly
7506,20,Male,Socks,Outerwear,101,Colorado,M,Purple,Summer,3.4,No,Next Day Air,No,Yes,38,Cash,Weekly
7507,69,Female,Handbag,Clothing,76,Washington,S,Magenta,Summer,4.6,Yes,Free Shipping,No,No,50,Venmo,Every 3 Months
7508,62,Male,Pants,Footwear,67,Alabama,L,Brown,Spring,3.4,No,Express,Yes,Yes,24,Credit Card,Weekly
7509,69,Female,Hoodie,Accessories,61,Arkansas,L,Green,Fall,4.0,No,2-Day Shipping,No,Yes,21,Credit Card,Weekly
7510,59,Male,Sandals,Clothing,54,Delaware,M,Purple,Summer,4.6,No,Free Shipping,Yes,Yes,34,Bank Transfer,Weekly
7511,59,Male,Sneakers,Clothing,79,North Dakota,L,Silver,Winter,3.1,No,Free Shipping,No,Yes,15,PayPal,Weekly
7512,48,Male,Jewelry,Accessories,57,Connecticut,M,Maroon,Summer,2.6,No,Express,No,No,2,Credit Card,Monthly
7513,34,Male,Hat,Accessories,101,Maryland,L,Gray,Summer,3.3,No,Store Pickup,Yes,Yes,27,Debit Card,Monthly
7514,41,Female,Sneakers,Footwear,29,California,XL,Charcoal,Winter,3.2,Yes,Free Shipping,Yes,Yes,9,Bank Transfer,Quarterly
7515,23,Female,Sunglasses,Clothing,58,Oklahoma,L,Peach,Spring,3.2,No,2-Day Shipping,Yes,No,10,Debit Card,Every 3 Months
7516,21,Female,Backpack,Accessories,27,Arkansas,L,Teal,Summer,3.0,Yes,2-Day Shipping,Yes,No,3,PayPal,Bi-Weekly
7517,53,Male,Hat,Clothing,31,Wyoming,M,Brown,Winter,,No,Store Pickup,No,Yes,22,Cash,Weekly
7518,38,Male,Coat,Clothing,34,Mississippi,M,Lavender,Summer,3.6,No,Store Pickup,No,Yes,41,PayPal,Annually
7519,18,Female,Sunglasses,Outerwear,30,Nebraska,L,Blue,Spring,4.3,No,2-Day Shipping,Yes,No,39,Debit Card,Quarterly
7520,56,Male,Sneakers,Accessories,52,Ohio,L,Brown,Summer,4.8,No,2-Day Shipping,No,No,37,Venmo,Annually
7521,29,Male,Belt,Outerwear,72,New Hampshire,M,Lavender,Winter,3.5,Yes,Standard,No,No,48,Cash,Fortnightly
7522,57,Female,Handbag,Clothing,67,Virginia,S,Black,Winter,4.3,No,2-Day Shipping,Yes,No,38,Credit Card,Every 3 Months
7523,25,Female,Coat,Clothing,53,Massachusetts,XL,Brown,Winter,3.2,No,Express,Yes,No,48,Venmo,Weekly
7524,46,Female,Jewelry,Clothing,54,Texas,L,Silver,Spring,4.5,No,Standard,Yes,Yes,27,PayPal,Fortnightly
7525,22,Female,Skirt,Clothing,57,Hawaii,M,Magenta,Fall,4.3,No,Store Pickup,Yes,No,12,Venmo,Monthly
7526,25,Male,Jacket,Accessories,23,Arkansas,XL,Magenta,Winter,3.2,No,Standard,No,No,14,Venmo,Weekly
7527,69,Male,Belt,Accessories,44,Idaho,M,Gray,Winter,4.7,No,Standard,No,Yes,1,Venmo,Fortnightly
7528,66,Male,Socks,Accessories,54,New Mexico,S,Purple,Spring,4.8,Yes,Standard,Yes,No,22,Bank Transfer,Monthly
7529,40,Male,Jewelry,Accessories,26,New Mexico,XL,Indigo,Summer,4.6,Yes,Free Shipping,No,No,30,Debit Card,Fortnightly
7530,70,Male,Gloves,Accessories,34,Washington,L,Gold,Winter,3.3,No,Express,No,No,44,Debit Card,Annually
7531,23,Male,Hoodie,Outerwear,58,Idaho,XL,Magenta,Summer,4.6,Yes,Store Pickup,Yes,No,26,Debit Card,Weekly
7532,52,Female,Dress,Clothing,41,Mississippi,M,Purple,Summer,3.6,No,Standard,Yes,Yes,20,Venmo,Bi-Weekly
7533,22,Male,Jewelry,Outerwear,24,Colorado,S,Purple,Winter,2.7,No,Store Pickup,No,No,48,Cash,Bi-Weekly
7534,53,Male,Belt,Footwear,26,Tennessee,XL,Black,Winter,4.4,No,Store Pickup,No,Yes,26,Cash,Monthly
7535,70,Female,Jewelry,Clothing,27,Colorado,XL,Magenta,Winter,3.1,No,Store Pickup,No,No,33,Credit Card,Quarterly
7536,45,Male,Socks,Accessories,44,Arkansas,M,Olive,Spring,4.1,Yes,Next Day Air,Yes,Yes,12,Venmo,Monthly
7537,62,Male,Skirt,Outerwear,46,New York,M,Purple,Summer,3.5,Yes,2-Day Shipping,No,No,27,PayPal,Quarterly
7538,50,Female,Sandals,Footwear,49,Mississippi,M,Turquoise,Summer,2.5,No,Next Day Air,Yes,No,19,Bank Transfer,Weekly
7539,69,Female,Skirt,Accessories,39,Hawaii,M,Olive,Summer,4.4,No,Next Day Air,Yes,No,43,Cash,Quarterly
7540,68,Female,Skirt,Accessories,80,New York,M,Pink,Summer,3.1,No,Express,No,No,33,Cash,Every 3 Months
7541,57,Female,Jacket,Clothing,56,Arkansas,M,White,Fall,2.7,No,Store Pickup,Yes,Yes,34,Debit Card,Quarterly
7542,57,Male,Pants,Clothing,20,Colorado,XL,White,Winter,,No,Free Shipping,Yes,No,47,Bank Transfer,Bi-Weekly
7543,68,Female,T-shirt,Footwear,38,Vermont,XL,Violet,Spring,4.5,No,Next Day Air,No,No,18,PayPal,Quarterly
7544,22,Female,Backpack,Clothing,59,Texas,M,Purple,Winter,3.0,Yes,Next Day Air,No,Yes,45,Bank Transfer,Annually
7545,47,Female,Pants,Clothing,80,California,S,Lavender,Fall,3.0,No,Store Pickup,No,No,23,Bank Transfer,Weekly
7546,34,Female,Shoes,Clothing,84,Ohio,XL,Maroon,Winter,3.4,No,2-Day Shipping,No,Yes,48,Cash,Quarterly
7547,55,Male,Shorts,Clothing,65,Vermont,M,Charcoal,Winter,2.7,No,2-Day Shipping,Yes,No,28,Venmo,Every 3 Months
7548,43,Male,Sunglasses,Accessories,88,Indiana,L,Black,Winter,4.2,No,Store Pickup,Yes,No,24,PayPal,Fortnightly
7549,45,Female,Socks,Clothing,65,Pennsylvania,M,Olive,Summer,3.9,No,Next Day Air,Yes,No,45,Cash,Bi-Weekly
7550,49,Male,Socks,Clothing,99,Iowa,M,Brown,Fall,4.5,Yes,2-Day Shipping,Yes,No,7,Debit Card,Annually
7551,52,Male,Dress,Footwear,42,South Carolina,M,Pink,Summer,5.0,No,Standard,No,No,4,Cash,Quarterly
7552,22,Male,Jacket,Accessories,56,Louisiana,L,Yellow,Spring,2.5,No,Next Day Air,No,No,36,PayPal,Fortnightly
7553,39,Female,Boots,Footwear,41,Alaska,M,Beige,Spring,4.2,Yes,2-Day Shipping,No,Yes,19,Credit Card,Fortnightly
7554,62,Male,Hat,Clothing,58,Utah,M,Pink,Spring,3.4,Yes,Standard,Yes,Yes,12,Debit Card,Monthly
7555,26,Male,Sunglasses,Accessories,76,Idaho,L,Silver,Summer,3.9,Yes,Free Shipping,No,No,43,Debit Card,Annually
7556,56,Male,Shorts,Accessories,73,North Carolina,M,Brown,Winter,3.9,No,Store Pickup,Yes,No,15,Credit Card,Weekly
7557,40,Male,Scarf,Footwear,60,Pennsylvania,M,Gray,Winter,2.9,No,Standard,No,Yes,17,PayPal,Monthly
7558,68,Male,Hoodie,Accessories,73,South Carolina,M,Brown,Fall,4.6,No,Free Shipping,No,Yes,16,Credit Card,Annually
7559,22,Male,Dress,Accessories,37,Illinois,M,Teal,Winter,3.0,No,Standard,Yes,No,37,Credit Card,Monthly
7560,19,Female,Socks,Accessories,96,Hawaii,M,Purple,Summer,3.6,No,Free Shipping,Yes,No,12,Cash,Monthly
7561,54,Male,Dress,Footwear,89,California,M,Peach,Fall,2.9,Yes,2-Day Shipping,Yes,Yes,27,Bank Transfer,Weekly
7562,35,Male,Gloves,Clothing,77,Indiana,S,Blue,Summer,4.3,No,Store Pickup,Yes,No,44,PayPal,Monthly
7563,26,Male,Hat,Clothing,103,Vermont,M,Violet,Winter,2.6,No,Express,No,No,18,PayPal,Annually
7564,47,Male,Sandals,Accessories,92,Tennessee,L,Peach,Winter,3.2,Yes,Express,Yes,Yes,39,Credit Card,Quarterly
7565,27,Female,Scarf,Clothing,63,Texas,L,Gray,Fall,3.4,No,Store Pickup,Yes,Yes,17,Credit Card,Monthly
7566,30,Female,Sandals,Clothing,83,Utah,S,White,Fall,3.8,Yes,Standard,No,Yes,32,Venmo,Annually
7567,25,Female,Jacket,Outerwear,30,Maryland,M,Lavender,Spring,4.7,Yes,Next Day Air,No,No,12,Bank Transfer,Quarterly
7568,59,Male,Sunglasses,Clothing,105,Louisiana,L,Magenta,Winter,3.4,No,Next Day Air,No,Yes,28,Credit Card,Every 3 Months
7569,19,Male,Shirt,Clothing,78,Mississippi,L,Violet,Spring,2.6,No,Free Shipping,No,No,17,Venmo,Fortnightly
7570,37,Male,Sunglasses,Clothing,68,Iowa,S,Peach,Winter,3.7,Yes,Standard,No,Yes,39,Bank Transfer,Monthly
7571,64,Male,Backpack,Clothing,84,Indiana,M,Cyan,Summer,4.2,No,Express,Yes,Yes,47,Credit Card,Monthly
7572,48,Male,Gloves,Accessories,72,Mississippi,M,Silver,Summer,4.2,Yes,Free Shipping,Yes,Yes,10,Bank Transfer,Fortnightly
7573,35,Male,Blouse,Clothing,39,Oklahoma,M,Indigo,Winter,3.5,Yes,Next Day Air,Yes,No,38,Venmo,Annually
7574,67,Male,Pants,Clothing,64,Arizona,L,Green,Fall,3.1,Yes,Next Day Air,Yes,Yes,31,Cash,Annually
7575,68,Female,Hat,Clothing,39,Alabama,M,Gold,Fall,3.2,Yes,Free Shipping,No,Yes,42,Cash,Monthly
7576,33,Male,Jacket,Clothing,22,Oklahoma,M,Cyan,Winter,2.6,No,Free Shipping,Yes,Yes,4,Bank Transfer,Annually
7577,44,Male,Belt,Footwear,81,Alabama,M,Lavender,Winter,4.4,No,Standard,Yes,Yes,17,PayPal,Monthly
7578,61,Male,Backpack,Clothing,48,Montana,S,Beige,Spring,3.5,No,Standard,No,No,40,Cash,Every 3 Months
7579,69,Male,Handbag,Clothing,94,North Dakota,S,Lavender,Fall,4.8,No,2-Day Shipping,No,No,4,PayPal,Every 3 Months
7580,52,Male,Hat,Clothing,40,Oklahoma,XL,Silver,Spring,3.3,No,Next Day Air,No,Yes,30,Credit Card,Fortnightly
7581,48,Male,Shoes,Clothing,74,Florida,L,Indigo,Winter,4.7,No,Standard,No,Yes,48,Credit Card,Bi-Weekly
7582,61,Male,Shoes,Clothing,55,Texas,L,Black,Fall,4.6,Yes,Standard,Yes,No,13,Cash,Annually
7583,66,Female,Skirt,Accessories,64,Florida,M,Maroon,Spring,3.6,No,Free Shipping,No,No,13,Credit Card,Weekly
7584,28,Male,Gloves,Clothing,76,West Virginia,M,Teal,Summer,2.9,No,Express,No,Yes,38,Cash,Weekly
7585,63,Male,Shorts,Footwear,75,Mississippi,M,Blue,Fall,4.7,Yes,2-Day Shipping,Yes,Yes,15,Bank Transfer,Every 3 Months
7586,58,Female,Blouse,Outerwear,70,Nebraska,M,Purple,Summer,4.7,No,Store Pickup,Yes,Yes,44,Credit Card,Annually
7587,35,Male,Jacket,Accessories,73,Nevada,M,Cyan,Fall,2.7,No,2-Day Shipping,Yes,Yes,47,Debit Card,Bi-Weekly
7588,43,Male,Pants,Clothing,62,Montana,M,Charcoal,Summer,4.2,No,Store Pickup,No,No,33,Venmo,Quarterly
7589,26,Male,Sunglasses,Outerwear,50,Maryland,M,Orange,Summer,3.5,No,Store Pickup,Yes,No,3,Cash,Annually
7590,19,Male,Blouse,Accessories,80,Colorado,L,Brown,Fall,3.0,No,Express,Yes,No,32,Credit Card,Weekly
7591,53,Male,Sweater,Accessories,90,New Hampshire,M,Brown,Fall,3.3,No,Free Shipping,No,No,1,Bank Transfer,Quarterly
7592,55,Male,Coat,Accessories,43,Iowa,M,Cyan,Winter,4.5,Yes,Free Shipping,Yes,Yes,33,Credit Card,Fortnightly
7593,68,Male,Coat,Clothing,97,New Jersey,S,Purple,Fall,5.0,No,Standard,Yes,Yes,33,Cash,Weekly
7594,29,Male,Gloves,Accessories,78,Louisiana,L,Green,Summer,3.5,No,Standard,No,Yes,33,Bank Transfer,Every 3 Months
7595,49,Female,Scarf,Clothing,67,Missouri,M,Teal,Spring,4.0,No,Standard,No,Yes,18,Cash,Fortnightly
7596,24,Male,T-shirt,Clothing,85,Iowa,S,Cyan,Winter,4.7,No,Express,No,Yes,24,Credit Card,Quarterly
7597,45,Male,Boots,Clothing,30,Oklahoma,M,Green,Winter,2.9,No,Standard,Yes,No,27,Debit Card,Every 3 Months
7598,39,Male,Shoes,Clothing,33,Minnesota,L,Magenta,Summer,2.7,No,Next Day Air,No,No,32,Debit Card,Fortnightly
7599,65,Female,Jeans,Clothing,21,Alabama,M,Black,Spring,3.3,No,2-Day Shipping,Yes,Yes,23,Debit Card,Monthly
7600,51,Female,Gloves,Clothing,70,California,S,Maroon,Winter,3.1,No,Express,Yes,No,16,Venmo,Fortnightly
7601,22,Female,Dress,Clothing,87,Minnesota,L,Gray,Fall,4.8,No,Express,No,Yes,24,Venmo,Monthly
7602,33,Male,Dress,Clothing,102,Maine,M,Red,Fall,4.0,No,Express,Yes,No,8,Cash,Fortnightly
7603,49,Male,Belt,Clothing,19,Indiana,L,Lavender,Winter,2.6,Yes,Express,No,Yes,43,Bank Transfer,Bi-Weekly
7604,30,Female,Hat,Clothing,75,North Carolina,M,Silver,Winter,2.6,No,Store Pickup,Yes,Yes,23,Venmo,Weekly
7605,41,Male,Shoes,Clothing,94,New Mexico,XL,Gray,Fall,2.7,No,2-Day Shipping,Yes,Yes,29,Credit Card,Every 3 Months
7606,43,Male,Socks,Clothing,92,Alaska,M,Peach,Winter,3.1,Yes,Store Pickup,Yes,Yes,35,Venmo,Quarterly
7607,43,Male,Socks,Accessories,60,Nevada,S,Purple,Fall,3.1,No,Next Day Air,Yes,Yes,30,Debit Card,Bi-Weekly
7608,70,Male,Shoes,Clothing,96,Minnesota,M,Orange,Winter,3.8,No,Store Pickup,Yes,No,45,Credit Card,Every 3 Months
7609,49,Male,Socks,Footwear,28,Rhode Island,L,Red,Summer,3.5,No,Express,No,Yes,26,Venmo,Weekly
7610,66,Male,Sweater,Clothing,30,Michigan,M,Indigo,Winter,4.0,No,Store Pickup,No,No,29,Cash,Every 3 Months
7611,24,Male,Sweater,Accessories,45,Massachusetts,S,Gold,Summer,5.0,No,2-Day Shipping,No,No,21,Credit Card,Monthly
7612,28,Male,Belt,Accessories,79,Georgia,M,Brown,Summer,2.7,Yes,Store Pickup,Yes,No,27,Venmo,Quarterly
7613,21,Male,T-shirt,Clothing,98,New Mexico,L,Yellow,Winter,2.6,No,Standard,Yes,Yes,25,PayPal,Monthly
7614,25,Male,Coat,Clothing,19,South Dakota,L,Beige,Winter,2.6,No,Express,Yes,No,1,Bank Transfer,Every 3 Months
7615,68,Female,Shorts,Clothing,82,Tennessee,XL,Green,Fall,3.0,No,Next Day Air,No,No,47,PayPal,Annually
7616,28,Male,Pants,Outerwear,31,Illinois,M,Lavender,Winter,3.5,No,Next Day Air,No,No,25,Credit Card,Fortnightly
7617,50,Male,Jewelry,Footwear,63,Vermont,M,Yellow,Spring,3.0,No,Express,Yes,Yes,27,Bank Transfer,Fortnightly
7618,35,Male,Jacket,Clothing,62,Missouri,M,Peach,Summer,3.0,No,Express,No,Yes,42,Cash,Fortnightly
7619,37,Male,Sunglasses,Accessories,88,Florida,M,Red,Spring,3.1,No,2-Day Shipping,No,No,26,Debit Card,Bi-Weekly
7620,51,Female,Dress,Footwear,72,Illinois,L,Indigo,Fall,2.9,Yes,2-Day Shipping,No,No,18,PayPal,Quarterly
7621,57,Male,Sunglasses,Accessories,37,Pennsylvania,L,Beige,Spring,4.4,No,Store Pickup,No,No,36,PayPal,Bi-Weekly
7622,48,Male,Jacket,Accessories,83,Vermont,L,White,Spring,4.2,No,Store Pickup,Yes,No,31,Bank Transfer,Fortnightly
7623,70,Male,Shorts,Outerwear,64,Kentucky,L,Pink,Fall,4.7,No,Store Pickup,Yes,Yes,37,Credit Card,Every 3 Months
7624,59,Male,Hoodie,Accessories,87,Kansas,XL,Teal,Fall,4.3,No,2-Day Shipping,Yes,No,9,Cash,Every 3 Months
7625,23,Male,Dress,Footwear,70,Louisiana,XL,Gold,Spring,3.9,Yes,Express,No,No,49,Debit Card,Quarterly
7626,23,Male,Scarf,Clothing,63,Michigan,L,Blue,Fall,4.1,No,Express,No,Yes,13,Cash,Every 3 Months
7627,48,Male,Blouse,Clothing,48,Georgia,L,Olive,Winter,4.4,Yes,Next Day Air,No,No,23,Venmo,Annually
7628,46,Male,Hat,Accessories,30,Indiana,M,Beige,Fall,3.4,Yes,Free Shipping,No,No,1,Debit Card,Weekly
7629,68,Female,Dress,Clothing,44,Vermont,M,Yellow,Winter,3.6,No,2-Day Shipping,Yes,Yes,4,Bank Transfer,Weekly
7630,33,Male,Pants,Clothing,77,Tennessee,M,Peach,Winter,3.0,Yes,Store Pickup,No,Yes,24,Debit Card,Annually
7631,23,Male,Backpack,Footwear,62,Minnesota,L,Olive,Winter,3.3,No,Express,Yes,No,18,Venmo,Every 3 Months
7632,65,Male,Shoes,Outerwear,49,North Carolina,M,Black,Winter,2.9,No,Standard,No,Yes,20,Bank Transfer,Fortnightly
7633,37,Male,Backpack,Accessories,96,Vermont,L,Black,Fall,2.7,No,Express,No,No,43,Bank Transfer,Quarterly
7634,63,Male,Boots,Outerwear,89,Nebraska,M,Orange,Summer,3.7,No,Free Shipping,No,No,44,Credit Card,Weekly
7635,32,Male,Backpack,Clothing,59,South Carolina,XL,Beige,Fall,4.5,No,Free Shipping,No,No,14,Cash,Monthly
7636,24,Male,Boots,Accessories,36,Wyoming,S,Gray,Winter,3.3,Yes,Free Shipping,Yes,Yes,1,PayPal,Annually
7637,19,Male,Jeans,Clothing,78,South Dakota,M,Blue,Summer,3.0,No,Next Day Air,No,Yes,35,PayPal,Every 3 Months
7638,64,Female,Jewelry,Clothing,25,Illinois,M,Beige,Fall,2.7,No,Next Day Air,No,Yes,43,Debit Card,Weekly
7639,49,Female,Blouse,Accessories,62,Florida,XL,Charcoal,Fall,2.6,Yes,Store Pickup,Yes,No,15,Credit Card,Fortnightly
7640,42,Female,Hat,Accessories,21,Montana,L,Red,Spring,4.7,No,Free Shipping,No,Yes,20,PayPal,Annually
7641,21,Female,T-shirt,Footwear,52,Mississippi,XL,Blue,Fall,4.4,Yes,Free Shipping,Yes,Yes,37,Credit Card,Quarterly
7642,56,Male,Socks,Clothing,36,Vermont,S,Blue,Winter,4.6,No,Express,No,No,37,Venmo,Weekly
7643,69,Male,Skirt,Footwear,49,New Jersey,L,Beige,Fall,3.2,Yes,Store Pickup,Yes,No,48,PayPal,Annually
7644,18,Female,Pants,Clothing,89,Oregon,L,Pink,Spring,3.9,No,Store Pickup,Yes,No,2,Debit Card,Fortnightly
7645,57,Female,Hoodie,Clothing,48,Nevada,M,Peach,Summer,3.8,No,Express,Yes,No,40,Bank Transfer,Fortnightly
7646,23,Female,Jacket,Accessories,86,New Hampshire,XL,Brown,Spring,4.1,No,Standard,Yes,Yes,36,Venmo,Every 3 Months
7647,45,Male,Pants,Accessories,24,Kansas,L,Gray,Summer,4.1,No,Store Pickup,No,No,14,Cash,Monthly
7648,58,Female,Pants,Clothing,25,Idaho,M,Blue,Spring,2.8,No,Express,Yes,Yes,28,Cash,Annually
7649,46,Female,T-shirt,Accessories,24,Iowa,M,Yellow,Fall,2.6,No,Next Day Air,No,No,13,Venmo,Annually
7650,40,Male,Hoodie,Clothing,94,Massachusetts,M,Brown,Spring,4.7,No,Store Pickup,No,Yes,31,Credit Card,Every 3 Months
7651,27,Male,Hat,Accessories,54,Colorado,M,Orange,Fall,3.4,Yes,2-Day Shipping,Yes,No,26,Venmo,Weekly
7652,62,Female,Blouse,Accessories,29,Arizona,M,Peach,Winter,3.5,No,Express,Yes,Yes,27,Credit Card,Bi-Weekly
7653,27,Male,Jeans,Clothing,89,North Carolina,L,White,Summer,2.7,No,Free Shipping,Yes,Yes,38,Cash,Annually
7654,58,Female,Skirt,Accessories,65,Wyoming,L,Maroon,Fall,2.9,No,Express,No,No,28,PayPal,Annually
7655,22,Female,Sweater,Clothing,33,Oklahoma,M,Peach,Summer,4.8,Yes,Standard,Yes,No,24,Bank Transfer,Fortnightly
7656,64,Male,Handbag,Clothing,46,Maryland,S,Gold,Fall,3.4,No,Next Day Air,No,Yes,3,Venmo,Every 3 Months
7657,58,Male,Sandals,Footwear,48,Colorado,M,Maroon,Fall,3.1,No,2-Day Shipping,Yes,No,33,Debit Card,Weekly
7658,41,Female,T-shirt,Clothing,47,Tennessee,S,Teal,Fall,4.4,No,Standard,No,Yes,20,Credit Card,Bi-Weekly
7659,19,Female,Pants,Accessories,38,Kentucky,S,Indigo,Spring,3.1,No,Store Pickup,No,Yes,6,Debit Card,Quarterly
7660,28,Female,Shorts,Footwear,49,Iowa,M,Peach,Fall,3.1,No,Express,No,No,34,Debit Card,Quarterly
7661,58,Male,Shorts,Footwear,61,Virginia,L,Olive,Fall,3.0,No,Free Shipping,Yes,Yes,19,Cash,Annually
7662,33,Male,Shirt,Outerwear,26,Alaska,M,Turquoise,Fall,3.5,No,2-Day Shipping,Yes,No,15,Cash,Bi-Weekly
7663,26,Male,Sunglasses,Clothing,30,Washington,M,Cyan,Winter,4.3,Yes,Standard,No,No,38,Bank Transfer,Weekly
7664,27,Male,Sneakers,Accessories,80,Delaware,M,Violet,Spring,2.6,No,2-Day Shipping,No,Yes,1,Debit Card,Bi-Weekly
7665,43,Female,Sweater,Footwear,42,West Virginia,XL,Magenta,Summer,4.0,No,2-Day Shipping,No,Yes,20,PayPal,Fortnightly
7666,38,Male,Coat,Clothing,30,New Hampshire,M,Olive,Spring,5.0,No,Next Day Air,No,Yes,21,Cash,Annually
7667,57,Female,Backpack,Outerwear,81,New Mexico,S,Gold,Summer,3.0,No,Express,Yes,No,38,Venmo,Weekly
7668,21,Male,Hat,Clothing,81,Louisiana,XL,Blue,Winter,3.8,Yes,Next Day Air,Yes,No,26,Venmo,Quarterly
7669,35,Male,Belt,Footwear,47,Nevada,L,Turquoise,Fall,4.1,No,2-Day Shipping,Yes,No,41,Credit Card,Monthly
7670,28,Female,Dress,Clothing,28,Alaska,M,Olive,Fall,4.3,No,Express,No,No,47,Credit Card,Monthly
7671,30,Male,Jeans,Clothing,32,West Virginia,L,Cyan,Summer,3.7,No,Standard,No,No,31,PayPal,Bi-Weekly
7672,26,Male,Jeans,Accessories,41,South Carolina,M,Silver,Winter,3.5,No,Standard,Yes,No,14,PayPal,Every 3 Months
7673,30,Male,Sunglasses,Clothing,51,Minnesota,L,Silver,Winter,2.5,Yes,Standard,Yes,No,30,Credit Card,Weekly
7674,41,Male,Blouse,Clothing,89,Arkansas,M,Cyan,Winter,3.0,No,Standard,Yes,No,42,Venmo,Annually
7675,33,Male,Shorts,Footwear,61,South Dakota,M,Purple,Fall,3.8,No,Standard,No,No,43,PayPal,Every 3 Months
7676,48,Male,Jeans,Accessories,40,New Mexico,L,Lavender,Summer,3.2,Yes,Next Day Air,Yes,No,7,Cash,Fortnightly
7677,52,Male,Gloves,Footwear,13,Kentucky,M,Pink,Spring,4.7,No,Express,Yes,Yes,26,PayPal,Weekly
7678,66,Male,Sandals,Clothing,90,Kansas,L,Purple,Fall,3.7,No,Free Shipping,Yes,No,1,PayPal,Quarterly
7679,34,Female,Scarf,Clothing,32,Wisconsin,XL,Green,Fall,4.5,Yes,Standard,No,No,41,Debit Card,Every 3 Months
7680,68,Female,Boots,Clothing,86,Florida,S,Yellow,Summer,3.6,No,Next Day Air,No,No,50,Debit Card,Weekly
7681,53,Female,Handbag,Footwear,33,Idaho,M,Turquoise,Fall,2.6,Yes,2-Day Shipping,Yes,Yes,35,PayPal,Monthly
7682,68,Male,Jacket,Clothing,69,Louisiana,XL,Lavender,Winter,3.0,No,Next Day Air,No,Yes,24,Venmo,Every 3 Months
7683,49,Male,Pants,Accessories,96,Illinois,M,Olive,Summer,4.9,No,Free Shipping,No,Yes,13,Venmo,Annually
7684,70,Male,Hat,Clothing,83,South Carolina,L,Black,Fall,3.5,Yes,Next Day Air,No,No,27,Venmo,Bi-Weekly
7685,66,Female,Blouse,Accessories,59,Delaware,M,Charcoal,Winter,3.1,No,Standard,Yes,Yes,48,PayPal,Annually
7686,18,Male,Jacket,Clothing,96,South Carolina,L,Beige,Spring,4.5,Yes,2-Day Shipping,Yes,No,44,Debit Card,Weekly
7687,60,Female,Backpack,Accessories,78,California,S,Red,Summer,3.6,No,Standard,Yes,No,30,PayPal,Monthly
7688,67,Male,Dress,Footwear,68,Georgia,L,Green,Fall,2.9,Yes,Store Pickup,No,Yes,42,Cash,Monthly
7689,58,Male,Handbag,Outerwear,31,Maryland,M,Green,Spring,4.1,No,Store Pickup,No,No,40,Cash,Quarterly
7690,36,Male,Hat,Clothing,68,Indiana,M,Violet,Summer,4.5,Yes,Store Pickup,No,No,46,PayPal,Every 3 Months
7691,35,Male,Scarf,Accessories,37,North Dakota,S,Black,Summer,3.6,Yes,Next Day Air,Yes,Yes,4,Credit Card,Bi-Weekly
7692,25,Male,Skirt,Clothing,24,Alaska,M,Peach,Summer,4.1,No,Next Day Air,No,No,37,Venmo,Every 3 Months
7693,38,Male,Skirt,Accessories,21,New Hampshire,M,Gray,Summer,2.6,No,2-Day Shipping,Yes,No,10,Cash,Annually
7694,43,Male,Scarf,Clothing,70,Texas,S,Green,Winter,3.4,No,2-Day Shipping,Yes,No,37,Cash,Weekly
7695,28,Male,Shoes,Clothing,48,Kentucky,L,Maroon,Summer,4.8,No,Express,Yes,Yes,39,Cash,Bi-Weekly
7696,36,Female,Gloves,Clothing,84,Arkansas,L,Yellow,Fall,3.1,Yes,Next Day Air,Yes,No,30,Credit Card,Weekly
7697,58,Female,Backpack,Clothing,85,Minnesota,S,Red,Winter,4.4,No,Free Shipping,Yes,No,43,PayPal,Annually
7698,53,Female,Hoodie,Clothing,71,New York,M,Olive,Winter,4.9,No,Store Pickup,Yes,Yes,24,Cash,Fortnightly
7699,19,Female,Jewelry,Footwear,63,Texas,L,Cyan,Winter,4.4,No,Free Shipping,Yes,No,33,Venmo,Fortnightly
7700,28,Male,Sneakers,Clothing,58,New Mexico,S,Black,Spring,3.2,No,Store Pickup,No,No,25,Bank Transfer,Annually
7701,36,Male,Backpack,Footwear,35,Wisconsin,XL,Magenta,Fall,3.9,No,Next Day Air,Yes,Yes,46,Cash,Bi-Weekly
7702,52,Female,Gloves,Accessories,71,Utah,M,Brown,Fall,3.4,No,Next Day Air,No,Yes,44,Debit Card,Annually
7703,56,Female,Handbag,Accessories,46,Missouri,XL,Olive,Fall,3.4,No,Express,Yes,No,3,Venmo,Weekly
7704,52,Male,Sweater,Footwear,33,California,S,Yellow,Spring,3.0,No,Free Shipping,No,No,37,PayPal,Quarterly
7705,60,Female,Shoes,Accessories,36,Alaska,L,Violet,Summer,4.9,No,2-Day Shipping,No,Yes,13,Cash,Every 3 Months
7706,67,Female,Gloves,Accessories,95,Missouri,XL,Silver,Spring,3.2,No,Store Pickup,No,No,33,Cash,Bi-Weekly
7707,26,Male,Gloves,Footwear,91,Florida,M,Cyan,Fall,3.4,No,Store Pickup,No,No,32,Bank Transfer,Weekly
7708,40,Female,Socks,Outerwear,92,Colorado,M,Black,Spring,3.9,No,Next Day Air,Yes,Yes,47,Venmo,Weekly
7709,49,Female,Skirt,Clothing,28,Tennessee,S,Yellow,Summer,4.2,Yes,Express,No,No,34,Bank Transfer,Monthly
7710,64,Male,Handbag,Accessories,98,Illinois,M,Magenta,Winter,3.6,No,Free Shipping,Yes,No,25,Debit Card,Bi-Weekly
7711,42,Male,Jeans,Accessories,54,Arkansas,M,Gray,Spring,4.9,Yes,Free Shipping,No,No,12,Venmo,Fortnightly
7712,41,Male,Jeans,Clothing,30,Maryland,L,Orange,Fall,4.7,No,Standard,No,No,1,Bank Transfer,Quarterly
7713,49,Male,Scarf,Clothing,50,Washington,L,Orange,Winter,4.1,No,Express,No,Yes,35,Venmo,Every 3 Months
7714,41,Male,Skirt,Footwear,37,Nebraska,L,Maroon,Summer,3.5,No,Store Pickup,No,Yes,33,Venmo,Fortnightly
7715,45,Female,Shoes,Accessories,72,Arizona,M,Gold,Winter,3.2,Yes,Next Day Air,No,No,41,Bank Transfer,Bi-Weekly
7716,39,Female,Handbag,Clothing,68,Pennsylvania,L,Gray,Winter,3.4,No,Express,No,No,22,Credit Card,Bi-Weekly
7717,33,Female,Pants,Clothing,97,Alabama,M,Black,Fall,3.5,No,Express,No,No,45,Bank Transfer,Fortnightly
7718,42,Male,Skirt,Clothing,75,Delaware,M,Olive,Summer,3.3,No,Next Day Air,No,No,38,Bank Transfer,Weekly
7719,67,Female,Shirt,Clothing,88,Pennsylvania,M,Silver,Spring,3.9,No,Free Shipping,Yes,Yes,1,Credit Card,Weekly
7720,36,Male,Hat,Footwear,95,Montana,L,Black,Spring,2.7,No,Standard,No,No,21,Venmo,Annually
7721,63,Male,Belt,Clothing,85,Pennsylvania,L,Cyan,Fall,4.6,Yes,Next Day Air,Yes,No,31,Cash,Every 3 Months
7722,38,Male,Shirt,Accessories,101,Alabama,S,Maroon,Spring,4.8,No,Next Day Air,Yes,Yes,4,Credit Card,Bi-Weekly
7723,59,Female,Scarf,Accessories,37,Minnesota,L,Teal,Winter,3.5,No,Express,Yes,No,18,Cash,Weekly
7724,20,Female,Shorts,Accessories,23,Maryland,M,Blue,Winter,4.3,No,Express,No,No,44,Cash,Weekly
7725,21,Male,Jeans,Accessories,76,Montana,XL,Gray,Winter,2.9,No,Free Shipping,No,No,2,Debit Card,Annually
7726,25,Female,Sneakers,Accessories,20,Vermont,L,Red,Winter,3.7,No,Free Shipping,No,Yes,3,Credit Card,Annually
7727,51,Male,Blouse,Clothing,39,Nebraska,M,Olive,Winter,3.1,No,Express,Yes,Yes,26,Venmo,Monthly
7728,18,Male,Sweater,Accessories,32,Indiana,L,Magenta,Spring,2.7,No,2-Day Shipping,No,Yes,12,Debit Card,Bi-Weekly
7729,22,Male,Coat,Accessories,71,Louisiana,L,Yellow,Winter,3.8,No,Next Day Air,Yes,No,20,Credit Card,Weekly
7730,50,Male,Hoodie,Accessories,46,Montana,S,Orange,Fall,2.8,No,2-Day Shipping,No,No,8,Credit Card,Every 3 Months
7731,32,Male,Skirt,Clothing,35,Missouri,XL,Magenta,Winter,3.8,Yes,Standard,Yes,No,29,Credit Card,Fortnightly
7732,33,Male,Shorts,Clothing,65,Maine,M,Purple,Fall,4.7,Yes,Store Pickup,No,Yes,19,Cash,Bi-Weekly
7733,27,Male,T-shirt,Clothing,81,West Virginia,L,Gold,Fall,4.7,No,Store Pickup,No,No,20,Debit Card,Fortnightly
7734,34,Male,Pants,Accessories,62,Idaho,M,Violet,Winter,3.6,No,Standard,No,Yes,15,Debit Card,Annually
7735,58,Male,Skirt,Accessories,83,New Jersey,L,Charcoal,Spring,3.6,No,Express,No,No,21,PayPal,Weekly
7736,63,Male,Belt,Outerwear,96,Oklahoma,M,Turquoise,Winter,2.8,Yes,Express,No,No,20,Debit Card,Bi-Weekly
7737,67,Male,Shoes,Clothing,104,Nevada,M,Beige,Spring,4.0,No,Standard,No,No,21,Venmo,Annually
7738,20,Male,Jeans,Footwear,86,Louisiana,L,Purple,Spring,3.8,Yes,Store Pickup,Yes,No,47,Cash,Quarterly
7739,23,Female,Backpack,Footwear,27,Oregon,L,Violet,Winter,2.8,Yes,Free Shipping,Yes,Yes,10,PayPal,Quarterly
7740,58,Male,T-shirt,Clothing,42,Nebraska,M,White,Summer,4.1,No,Express,No,No,2,Credit Card,Quarterly
7741,39,Male,Sunglasses,Clothing,59,Montana,M,Indigo,Winter,5.0,No,Express,No,No,3,Debit Card,Monthly
7742,55,Female,Sweater,Outerwear,75,Tennessee,L,Pink,Spring,4.7,Yes,Next Day Air,Yes,Yes,2,Venmo,Fortnightly
7743,42,Male,Shorts,Footwear,35,North Carolina,M,Brown,Winter,2.9,No,Express,No,Yes,41,PayPal,Annually
7744,69,Female,Sweater,Accessories,96,New Hampshire,L,Olive,Winter,3.2,No,Standard,No,Yes,34,Venmo,Every 3 Months
7745,26,Male,Shirt,Accessories,60,Oregon,M,Orange,Winter,3.2,No,2-Day Shipping,Yes,No,10,PayPal,Monthly
7746,65,Female,Belt,Accessories,72,Mississippi,M,Yellow,Summer,4.6,No,Next Day Air,No,No,12,PayPal,Every 3 Months
7747,57,Male,Shirt,Footwear,82,Idaho,M,Red,Winter,3.4,No,Free Shipping,No,Yes,47,PayPal,Weekly
7748,54,Female,Shorts,Accessories,45,New Mexico,M,White,Fall,4.0,No,Store Pickup,Yes,No,31,PayPal,Every 3 Months
7749,50,Male,Sandals,Clothing,63,Oregon,M,Teal,Fall,3.1,No,2-Day Shipping,Yes,Yes,32,Bank Transfer,Weekly
7750,34,Male,Jacket,Accessories,59,Tennessee,L,Indigo,Spring,3.8,No,Store Pickup,No,No,32,Cash,Bi-Weekly
7751,70,Male,Jewelry,Accessories,73,South Carolina,XL,Teal,Spring,2.7,Yes,Next Day Air,Yes,Yes,5,Venmo,Annually
7752,45,Male,Jacket,Footwear,54,Arkansas,S,Beige,Winter,2.6,No,Standard,No,No,32,Credit Card,Annually
7753,27,Male,Blouse,Accessories,33,Ohio,L,Peach,Winter,4.8,No,Next Day Air,No,Yes,16,Cash,Every 3 Months
7754,29,Male,Jeans,Footwear,90,Missouri,M,Yellow,Spring,3.4,Yes,Free Shipping,Yes,No,27,Venmo,Monthly
7755,35,Female,Coat,Accessories,62,Idaho,M,Orange,Summer,3.3,No,Express,Yes,Yes,21,Bank Transfer,Monthly
7756,42,Female,Backpack,Clothing,78,Nebraska,XL,Blue,Fall,4.9,No,Store Pickup,Yes,Yes,20,Credit Card,Annually
7757,32,Male,Shirt,Accessories,41,Pennsylvania,L,Indigo,Winter,4.5,Yes,Standard,No,No,10,PayPal,Annually
7758,26,Female,Gloves,Accessories,52,California,L,Olive,Winter,4.1,No,2-Day Shipping,No,No,46,Bank Transfer,Monthly
7759,69,Male,Scarf,Accessories,31,Michigan,M,Magenta,Fall,3.9,No,2-Day Shipping,No,No,35,Debit Card,Weekly
7760,57,Male,Jeans,Footwear,41,Montana,M,White,Spring,3.6,No,2-Day Shipping,No,Yes,29,Debit Card,Weekly
7761,21,Male,Pants,Footwear,27,Delaware,L,Gray,Spring,2.9,Yes,Express,No,No,49,Bank Transfer,Fortnightly
7762,49,Male,Skirt,Accessories,31,Florida,L,Peach,Fall,3.1,No,Next Day Air,Yes,Yes,21,Debit Card,Quarterly
7763,31,Female,Shorts,Clothing,59,Missouri,L,Turquoise,Fall,3.5,Yes,Store Pickup,No,No,37,Credit Card,Annually
7764,20,Male,Coat,Footwear,32,Michigan,M,Indigo,Spring,4.7,No,Next Day Air,Yes,Yes,24,Debit Card,Quarterly
7765,65,Male,Backpack,Accessories,43,Louisiana,M,Red,Winter,4.3,No,2-Day Shipping,No,Yes,41,Cash,Every 3 Months
7766,20,Male,Shoes,Accessories,38,Maryland,XL,Peach,Spring,3.6,Yes,Standard,Yes,No,27,Debit Card,Weekly
7767,26,Male,Sandals,Outerwear,50,Oregon,S,Cyan,Summer,,No,Standard,Yes,Yes,39,Cash,Annually
7768,49,Male,Boots,Outerwear,101,Texas,L,Orange,Spring,3.9,Yes,Express,No,Yes,23,Debit Card,Every 3 Months
7769,65,Female,Belt,Accessories,83,North Carolina,M,Beige,Summer,4.2,Yes,Next Day Air,No,Yes,24,Cash,Annually
7770,38,Male,Backpack,Accessories,35,Texas,M,Cyan,Spring,4.2,Yes,Free Shipping,No,Yes,26,PayPal,Quarterly
7771,38,Male,Sweater,Footwear,49,Louisiana,XL,Brown,Winter,4.0,No,Standard,Yes,Yes,24,PayPal,Fortnightly
7772,57,Male,Jeans,Clothing,71,Utah,S,Gold,Winter,3.8,Yes,Express,Yes,Yes,30,Cash,Monthly
7773,28,Female,Sneakers,Clothing,60,Idaho,M,Charcoal,Summer,3.6,No,Free Shipping,Yes,No,9,Debit Card,Bi-Weekly
7774,32,Male,Pants,Clothing,100,Missouri,S,Peach,Winter,3.2,No,Store Pickup,Yes,Yes,23,Cash,Quarterly
7775,61,Female,Scarf,Outerwear,38,New Hampshire,L,Teal,Spring,3.7,No,Next Day Air,Yes,No,40,Venmo,Fortnightly
7776,35,Male,Sunglasses,Accessories,26,Alabama,L,Charcoal,Fall,3.9,No,Express,Yes,Yes,39,Venmo,Weekly
7777,68,Male,Jeans,Clothing,45,Connecticut,L,Brown,Fall,2.6,No,2-Day Shipping,No,No,22,Bank Transfer,Quarterly
7778,41,Male,Sunglasses,Footwear,44,Missouri,S,Blue,Fall,3.0,Yes,2-Day Shipping,Yes,No,30,Venmo,Bi-Weekly
7779,30,Female,Coat,Clothing,51,Colorado,L,Peach,Spring,4.1,Yes,Next Day Air,No,Yes,23,Cash,Annually
7780,48,Male,Scarf,Footwear,87,New Jersey,XL,Indigo,Winter,3.0,No,2-Day Shipping,Yes,No,36,Venmo,Annually
7781,48,Female,Shoes,Clothing,25,Louisiana,L,Purple,Spring,2.7,No,Express,Yes,No,40,PayPal,Monthly
7782,64,Male,Jewelry,Outerwear,46,Nebraska,M,Green,Fall,3.5,No,Store Pickup,No,No,19,PayPal,Every 3 Months
7783,50,Male,Pants,Clothing,82,Tennessee,M,White,Winter,2.9,Yes,Standard,No,No,37,Credit Card,Every 3 Months
7784,40,Female,Hoodie,Footwear,49,Kansas,M,Teal,Fall,4.3,No,Free Shipping,Yes,No,6,Venmo,Quarterly
7785,66,Male,Blouse,Clothing,103,Kansas,M,Gold,Winter,4.0,No,Express,No,Yes,17,Venmo,Annually
7786,35,Female,Sneakers,Clothing,27,Arizona,M,Yellow,Summer,3.1,No,2-Day Shipping,Yes,Yes,37,Bank Transfer,Weekly
7787,53,Male,Handbag,Clothing,83,North Dakota,S,Olive,Summer,2.7,No,Express,Yes,Yes,4,Cash,Monthly
7788,66,Male,Shirt,Outerwear,65,South Dakota,L,Black,Fall,5.0,No,Next Day Air,No,Yes,6,Debit Card,Weekly
7789,58,Male,Coat,Accessories,72,Massachusetts,M,White,Fall,4.1,Yes,Express,Yes,Yes,19,Bank Transfer,Fortnightly
7790,42,Male,Jacket,Accessories,32,Oklahoma,M,Turquoise,Summer,3.2,No,Standard,No,Yes,16,Venmo,Every 3 Months
7791,35,Male,Scarf,Footwear,29,Rhode Island,M,Maroon,Fall,3.5,No,Next Day Air,Yes,Yes,34,Debit Card,Every 3 Months
7792,41,Male,Skirt,Footwear,29,Vermont,S,Red,Summer,4.5,No,Express,No,No,36,PayPal,Weekly
7793,62,Male,Blouse,Outerwear,70,Vermont,S,Lavender,Spring,3.0,No,Standard,Yes,No,37,PayPal,Weekly
7794,68,Male,Shorts,Accessories,98,Pennsylvania,M,Indigo,Summer,3.1,No,2-Day Shipping,No,Yes,24,Bank Transfer,Fortnightly
7795,44,Male,Blouse,Footwear,100,Tennessee,L,Violet,Spring,2.9,Yes,2-Day Shipping,No,No,45,Cash,Every 3 Months
7796,28,Female,Skirt,Footwear,28,Montana,L,Olive,Summer,4.1,No,Next Day Air,No,No,50,Venmo,Every 3 Months
7797,22,Male,Gloves,Footwear,34,Oregon,L,Gray,Winter,3.0,Yes,Free Shipping,No,No,34,PayPal,Quarterly
7798,25,Female,Sweater,Clothing,27,Kentucky,XL,Pink,Spring,4.6,No,Next Day Air,No,No,28,Credit Card,Quarterly
7799,50,Female,Jacket,Clothing,86,Louisiana,S,Teal,Summer,3.8,No,Standard,No,No,17,PayPal,Annually
7800,53,Male,Shirt,Clothing,29,Virginia,M,Teal,Winter,4.0,No,Free Shipping,Yes,No,5,Venmo,Fortnightly
